Species,corMxPA,AUC,TSS,beta,AUC.CV,TSS.CV
sa11,0.6384839,0.8333333,0.07490674,0.8875801,0.8994751,0.005204614
sa21,0.3281531,0.7328467,0.1184188,0.6144584,0.8147352,0.004141993
sa16,0.4023729,0.8818959,0.1232855,1.014885,0.9789912,0.006581884
sa05,0.6216419,0.8219178,0.07142621,0.4501331,0.9784268,0.01096801
sa26,0.551248,0.7154948,0.2348341,1.171677,0.783979,0.02523559
sa01,0.5961008,0.8570806,0.1834439,0.9887681,0.8222515,0.01596845
sa11,0.720447,0.9727891,0.06023865,0.9607298,0.8887909,0.005723078
sa21,0.7309446,0.6736597,0.05602345,1.449605,0.6863007,0.002592095
sa16,0.7349723,0.8823944,0.09860882,1.389395,0.984166,0.006143783
sa05,0.8027591,0.8612245,0.06756548,0.8863738,0.9802263,0.01362948
sa26,0.6132443,0.6692708,0.1966379,0.9965128,0.8242805,0.03071462
sa01,0.6532719,0.8484848,0.1093699,0.9607855,0.8348376,0.01851091
sa11,0.3413469,0.7526042,0.07233297,0.815532,0.9147057,0.005970838
sa21,0.4853081,0.6535714,0.0573458,1.424643,0.7110106,0.002832737
sa16,0.5174464,0.9041096,0.07999786,0.543382,0.9789617,0.006506631
sa05,0.7928719,0.8665541,0.05555354,0.633193,0.9894086,0.01397245
sa26,0.6257618,0.7561849,0.2128645,1.284816,0.7977766,0.03091513
sa01,0.6390866,0.8503317,0.2142831,0.9877439,0.8208432,0.01718844
sa21,0.8249679,0.8290441,0.1664621,0.7599943,0.6751364,0.001506496
sa11,0.6146802,0.8253425,0.0515996,0.7215422,0.9135401,0.005328064
sa16,0.5530963,0.8489796,0.04123151,0.7568014,0.9816059,0.006646414
sa05,0.9318093,0.7819635,0.08450498,0.9095663,0.9785764,0.01560707
sa26,0.4695447,0.6830244,0.1618015,1.103841,0.8198764,0.03108727
sa01,0.5071625,0.8389596,0.1470107,1.1794,0.817659,0.0185993
sa11,0.806663,0.8445946,0.04761673,0.8872049,0.8894557,0.005738055
sa21,0.5042104,0.7767857,0.08103682,0.8791494,0.8057883,0.004141356
sa16,0.5593352,0.9349754,0.1076903,1.477296,0.9772389,0.006654259
sa05,NA,NA,NA,1.015932,0.9655591,0.01415397
sa26,0.6441582,0.7345108,0.244442,0.9556194,0.8267132,0.03387379
sa01,0.7183389,0.8550725,0.1301918,0.8610034,0.8303602,0.01868513
sa21,0.8061248,0.7078477,0.06120814,0.940951,0.7434644,0.004512073
sa11,0.6059925,0.8542254,0.1087989,0.9751949,0.8276174,0.00490133
sa16,0.3936997,0.7945578,0.03693213,0.6028319,0.9830935,0.007298382
sa05,0.8791174,0.9035714,0.1621599,0.8516527,0.9794454,0.01405361
sa26,0.3707881,0.6944124,0.1249978,0.7431345,0.8327968,0.03076588
sa21,0.5922979,0.6583333,0.08972145,1.448792,0.7372076,0.003379597
sa01,0.4934933,0.7141612,0.1173337,0.7542693,0.8211177,0.01770611
sa11,0.7065577,0.7921182,0.0457292,0.9126673,0.8716893,0.004933991
sa16,0.5959895,0.9121989,0.1179192,1.664158,0.9804745,0.006617529
sa05,0.9287389,0.8614865,0.05633603,0.7588822,0.9896825,0.01513985
sa21,0.7907814,0.7549296,0.07320761,1.038201,0.7856536,0.003621874
sa11,0.7398233,0.8871528,0.07757358,0.9337133,0.8933751,0.005765511
sa26,0.4426361,0.7188525,0.2053655,1.070544,0.8159303,0.02818383
sa01,0.6176433,0.8150912,0.145831,1.251796,0.8306826,0.01846391
sa16,0.2861154,0.9776286,0.03947161,1.265911,0.984236,0.005679438
sa05,0.845554,0.8984018,0.08218969,1.005202,0.9709632,0.01424389
sa21,0.8666782,0.8017857,0.118035,0.7083397,0.6989959,0.004082911
sa11,0.751876,0.9418403,0.1038939,0.9997071,0.9106938,0.005346397
sa16,0.7441029,0.9600457,0.07594714,0.8873651,0.9871767,0.0061914
sa26,0.5158429,0.7038462,0.141594,1.007266,0.8276054,0.03113628
sa01,0.6226528,0.7551893,0.1799256,0.6734152,0.8530958,0.0189386
sa05,0.8006736,0.902027,0.05633603,0.8443083,0.9827841,0.0133697
sa21,0.02800086,0.5316901,0.05437021,0.7285747,0.7046429,0.003111932
sa11,0.5187107,0.8374384,0.06458659,0.8106637,0.908677,0.006657834
sa16,0.7587935,0.9560811,0.05262947,1.228523,0.9820459,0.007033704
sa06,0.4330751,0.7876712,0.06542692,0.9424786,0.966227,0.007319962
sa01,0.5928131,0.6705596,0.1394238,0.81218,0.8370519,0.01889045
sa26,0.6239492,0.7518315,0.2681136,0.9368168,0.8171053,0.03006435
sa21,0.6253916,0.7753521,0.1166525,1.319981,0.8242716,0.004122828
sa11,0.3065446,0.7166667,0.07282594,0.9703011,0.9258636,0.004720827
sa16,0.4709205,0.9292237,0.07407179,1.71697,0.9790604,0.006167622
sa06,0.6927303,0.9182266,0.09588829,0.5996649,0.9860383,0.007201652
sa01,0.3535599,0.6827251,0.06729853,0.7472585,0.8252367,0.01769108
sa26,0.653753,0.7508148,0.2388063,1.057996,0.8338756,0.03341132
sa21,0.7139211,0.8588821,0.1281488,0.819125,0.7419288,0.003277418
sa11,0.7873749,0.8816901,0.1388867,1.075642,0.8810121,0.005228179
sa06,-0.1557196,0.6739865,0.03142816,0.67185,0.981006,0.00695183
sa16,0.6101041,0.9056338,0.1282028,1.468788,0.9838459,0.006441807
sa01,0.5098354,0.7527972,0.1722343,1.068282,0.8527718,0.01872583
sa26,0.7423635,0.7565572,0.3062051,1.108728,0.8057616,0.0317233
sa11,0.5093457,0.8368298,0.09056057,0.866097,0.941433,0.004817685
sa16,0.3411064,0.9278912,0.07462491,1.619616,0.9745395,0.007870217
sa06,0.6327047,0.9143836,0.07499775,1.007111,0.9662322,0.007035096
sa01,0.729058,0.8638716,0.1686722,1.121137,0.8139204,0.01560039
sa11,0.5341032,0.7534722,0.09090656,0.7273637,0.9094784,0.005095264
sa26,0.5042436,0.7282963,0.210782,1.080048,0.8114815,0.03059992
sa16,0.6700558,0.8702461,0.03614231,0.8054954,0.9842753,0.006805676
sa06,0.7831292,0.8938356,0.09090711,1.026672,0.9753335,0.007267958
sa11,0.6184412,0.7700078,0.06424027,0.7474458,0.8998278,0.005595578
sa01,0.5363165,0.8738095,0.1236088,1.095728,0.8350248,0.01868087
sa26,0.8479861,0.7291667,0.1778689,0.8964312,0.8292169,0.0301787
sa21,0.2480104,0.6929224,0.04481562,0.7054173,0.812273,0.003761161
sa16,0.4194197,0.8868243,0.04761673,1.091582,0.9819811,0.007569588
sa06,0.8645713,0.8866995,0.07692046,1.144979,0.9801769,0.007037504
sa11,0.6539067,0.7746698,0.07222016,1.159967,0.8812048,0.005549002
sa21,0.6197846,0.7141612,0.07473347,1.095894,0.7137584,0.003612942
sa01,0.3351385,0.7670455,0.1613385,0.9498704,0.8202479,0.01721839
sa26,0.6995037,0.766129,0.2467058,1.105167,0.8217165,0.03211993
sa16,0.251817,0.8502463,0.05888274,1.508875,0.9830657,0.006436114
sa06,0.3339379,0.6976351,0.002078872,0.8812164,0.9853444,0.006868229
sa11,0.4052612,0.9105903,0.1081059,1.25182,0.8544747,0.005584115
sa21,0.5684219,0.7421875,0.1315767,1.125798,0.7540383,0.003154264
sa16,0.5295869,0.9052511,0.07894521,1.274013,0.9797903,0.006116637
sa01,0.507982,0.7072496,0.09184693,0.6814213,0.8297276,0.01933056
sa06,0.683392,0.7272727,0.07918987,0.8276967,0.9817389,0.007234481
sa26,0.3160402,0.6315789,0.05277575,1.003899,0.8263244,0.02945379
sa21,0.6706255,0.8,0.1335207,1.272484,0.703463,0.003287377
sa12,0.9739524,0.9237473,0.1770803,1.346691,0.9131777,0.03288831
sa06,0.6749479,0.9270936,0.09459245,0.985964,0.9837991,0.007276704
sa16,0.04638708,0.8800676,0.06060415,1.086729,0.984176,0.006455857
sa01,0.496747,0.748951,0.1730512,0.8264618,0.8635065,0.02059802
sa26,0.5535808,0.7509269,0.1753144,1.144317,0.8019835,0.03071198
sa21,0.3725439,0.8001289,0.1020671,1.291719,0.6727613,0.002221326
sa12,0.9718258,0.8594697,0.1800565,1.367896,0.9106408,0.03445705
sa06,0.7156292,0.9156463,0.06666456,0.8142975,0.9841556,0.008024401
sa16,0.5289467,0.9330986,0.1333311,1.751645,0.9815803,0.006564004
sa01,0.5236544,0.7675983,0.09814235,1.082876,0.8297556,0.01740783
sa26,0.6128752,0.7491803,0.2489936,0.9371144,0.811794,0.02921651
sa21,0.2590301,0.5882353,0.05823621,0.8665913,0.7447819,0.002837593
sa06,0.3451045,0.7549296,0.09587156,0.7809945,0.9850524,0.007387149
sa16,0.1012715,0.7741497,0.03529601,1.247065,0.9799493,0.007062223
sa12,0.975423,0.8681592,0.185564,1.192152,0.9154727,0.03506489
sa01,0.6278746,0.7810945,0.1480266,0.9949019,0.8088655,0.0180593
sa26,0.5153311,0.7011364,0.1268271,0.8941195,0.8299041,0.03189893
sa21,0.6858437,0.8138787,0.152259,1.152132,0.7694877,0.002799609
sa06,0.7929605,0.8611111,0.06984227,0.9443943,0.9821271,0.007057392
sa16,0.7896556,0.9557292,0.111109,0.5983066,0.9853393,0.006492676
sa12,0.9640877,0.8674948,0.1458304,1.260533,0.9283279,0.03532324
sa01,0.4682508,0.7607843,0.1389443,1.035984,0.7926214,0.01602965
sa21,0.5071963,0.6204986,0.0633866,0.7680584,0.6428596,0.001108801
sa26,0.5664421,0.6713542,0.162005,1.039999,0.8154331,0.02992964
sa06,0.5654327,0.8686869,0.1179192,1.03365,0.9757496,0.006983071
sa16,0.6156249,0.8072917,0.03946206,1.007558,0.9829899,0.006420809
sa12,0.9726292,0.8333333,0.2474195,1.21402,0.9255084,0.03535412
sa21,0.4261567,0.7150772,0.1349406,0.8097556,0.7800387,0.003695336
sa01,0.6605957,0.8492958,0.1190452,1.017615,0.8200424,0.01862627
sa26,0.442355,0.7509997,0.1930532,1.245823,0.8062001,0.03135358
sa06,0.4566519,0.8285714,0.1380245,0.6916115,0.982586,0.007104437
sa16,0.6575856,0.9215229,0.1153823,0.8661392,0.9824463,0.006211997
sa21,0.8477559,0.7743566,0.118238,1.083036,0.6729993,0.002346847
sa12,0.9758765,0.8360097,0.1546362,1.322562,0.9179949,0.03555969
sa01,0.4928454,0.7323601,0.07212651,1.096618,0.8435134,0.01805763
sa06,0.60955,0.8276256,0.09090711,0.5947353,0.9874555,0.007244541
sa26,0.5101619,0.6829545,0.1046575,1.023881,0.8255923,0.0322142
sa16,0.458773,0.8523699,0.09056057,0.9069203,0.9821521,0.007268448
sa21,0.7206849,0.7546584,0.1315767,1.252051,0.7144837,0.002293674
sa12,0.9700786,0.9000829,0.185564,1.357324,0.9033199,0.03435708
sa01,0.5945538,0.8307292,0.09090656,0.7996754,0.8204127,0.01755057
sa06,0.7307772,0.8922535,0.1098874,1.167515,0.9864109,0.006969455
sa16,0.4203689,0.9383562,0.07316842,1.41317,0.9813005,0.006035645
sa26,0.5777633,0.7239583,0.2017632,1.08352,0.8109998,0.03062835
sa21,0.7823628,0.775,0.120829,1.028587,0.7410002,0.003869466
sa06,0.6894713,0.8811189,0.1124977,1.162833,0.9714751,0.006281225
sa01,0.7169302,0.7572464,0.1360087,0.7542981,0.8094996,0.0176731
sa17,0.7305331,0.8478401,0.1243259,0.8133024,0.9795482,0.00782272
sa21,0.4543498,0.7796804,0.04668764,1.073162,0.7675002,0.003109401
sa26,0.7066894,0.8005464,0.3068157,1.176465,0.8178794,0.03312939
sa06,0.6469701,0.875,0.06507271,1.066039,0.9868568,0.006319535
sa01,0.3076776,0.6851134,0.07082212,1.028766,0.8019253,0.01740425
sa21,0.2970471,0.7052239,0.118277,0.9417911,0.6396651,0.001882589
sa17,0.6433021,0.8571429,0.120829,1.076085,0.9774825,0.008101186
sa26,0.6332503,0.7884115,0.2029576,1.036926,0.8396657,0.03372266
sa06,0.8152433,0.8003108,0.09056057,0.8899118,0.9810429,0.007228162
sa01,0.5765601,0.7719978,0.1243809,0.8518857,0.8078836,0.01909564
sa21,0.6831612,0.7225352,0.07740133,0.5930657,0.7293138,0.001758531
sa17,0.6845116,0.8288732,0.1292593,0.9334279,0.9938513,0.009426582
sa26,0.6684618,0.6874237,0.1416066,0.9239358,0.8294463,0.03443575
sa06,0.5830711,0.8312925,0.05340319,0.7235057,0.9887174,0.006758269
sa21,0.38814,0.7928571,0.09428815,1.457268,0.8620993,0.004804481
sa01,0.6448332,0.8579075,0.1724112,0.8533534,0.8588274,0.0205369
sa17,0.636634,0.8710179,0.1153823,1.024767,0.9584051,0.006294034
sa26,0.6894666,0.7073733,0.2215886,0.9303815,0.8322966,0.02989909
sa06,0.483643,0.8168403,0.07233297,0.9581445,0.9850593,0.007112803
sa21,0.4546808,0.7537355,0.1139963,1.035224,0.8203199,0.004109429
sa01,0.473332,0.7672619,0.09918275,0.9695647,0.8367709,0.01893455
sa17,0.06332525,0.7526042,0.06984227,0.9269455,0.9876374,0.007555336
sa06,0.6026074,0.8108374,0.07632855,0.7822032,0.9853717,0.007720773
sa26,0.5389299,0.6708148,0.1465938,0.9137156,0.8412638,0.03420208
sa21,0.840577,0.8282828,0.1168809,0.4861767,0.8505708,0.003516539
sa01,0.513304,0.808364,0.1999975,1.092575,0.8273455,0.01834504
sa06,0.7725014,0.9257991,0.08107897,0.5278684,0.9879592,0.007317762
sa21,0.7942314,0.7272727,0.09648397,0.8901616,0.7899589,0.003565797
sa26,0.6162622,0.6916667,0.1318976,1.049041,0.8251042,0.03367281
sa17,0.5476305,0.8736299,0.1506827,1.266361,0.9684366,0.007418046
sa12,0.9830879,0.9507471,0.1340176,1.291518,0.8998308,0.03340112
sa01,0.5199513,0.7039931,0.01131509,0.6268976,0.8016209,0.01873674
sa06,0.5947937,0.8147783,0.06458659,0.8502272,0.9836715,0.006582503
sa21,0.7250181,0.6640152,0.1411904,0.8454888,0.7183859,0.003066637
sa26,0.5722408,0.7295082,0.2166642,0.9873273,0.8019304,0.03336534
sa17,0.5912829,0.8091554,0.08118236,0.947267,0.9950865,0.01027137
sa12,0.965631,0.8588235,0.1752547,1.082083,0.931465,0.03504658
sa01,0.7580174,0.8015152,0.1976074,0.9463336,0.8366203,0.01806467
sa06,0.6431595,0.8689655,0.09090688,0.6932225,0.9880142,0.00768663
sa21,0.1927686,0.5267857,0.02840671,0.9286461,0.6139663,0.001656854
sa17,0.9248438,0.8671533,0.1737117,0.8692047,0.9961333,0.00917615
sa26,0.3807268,0.6441481,0.07102074,1.02683,0.8248244,0.03205325
sa12,0.9646803,0.9154762,0.1249971,1.245862,0.907724,0.03373667
sa06,0.4345502,0.7711268,0.1106273,0.6498575,0.9740599,0.007128075
sa01,0.660272,0.6371528,0.06742519,0.7502821,0.8467933,0.01737929
sa22,0.8607156,0.9232143,0.1379285,1.171451,0.9604248,0.01052426
sa17,0.4373121,0.8295517,0.111841,0.7359468,0.951323,0.006918779
sa26,0.6449828,0.7051913,0.2224527,0.9365707,0.8187534,0.03212377
sa06,0.6070748,0.8885135,0.06249812,0.7899025,0.9819073,0.007175366
sa12,0.9779463,0.8986014,0.2291636,1.178846,0.9264266,0.03646962
sa01,0.5022349,0.8428334,0.1585341,1.084444,0.8501226,0.01827561
sa22,0.7942884,0.8433868,0.1428544,0.9756864,0.9644991,0.009282483
sa17,0.6001841,0.7869397,0.1161882,0.6969109,0.9937446,0.00862023
sa26,0.4564497,0.62442,0.1487247,0.8854893,0.8234989,0.03024439
sa06,0.5490493,0.78125,0.05262947,0.9772467,0.9875343,0.007057012
sa01,0.5871579,0.734375,0.1592645,1.028756,0.8318769,0.01894206
sa12,0.9282832,0.8942999,0.1340176,1.063702,0.9225406,0.03595102
sa22,0.7694843,0.8640249,0.09999738,1.10106,0.9621732,0.01025713
sa17,0.4977496,0.7482639,0.06285816,0.9182243,0.9927557,0.008598498
sa26,0.6513566,0.7379731,0.2892857,1.352037,0.8005913,0.02801692
sa06,0.183594,0.6992958,0.08610902,0.6699421,0.9832288,0.006939002
sa01,0.6439736,0.8130952,0.1275098,1.075726,0.8238247,0.0185943
sa12,0.9774844,0.875817,0.1752547,1.177774,0.919325,0.03472096
sa22,0.8915021,0.9267857,0.130432,0.7469982,0.9906218,0.009886674
sa17,0.8074785,0.9037078,0.1666643,1.210216,0.9867454,0.008347238
sa06,0.4319841,0.7567988,0.08664578,0.7206178,0.9822703,0.006987664
sa26,0.6245816,0.6560917,0.1274957,1.055509,0.8358903,0.03766558
sa01,0.4964404,0.7625899,0.1139963,0.946465,0.8530465,0.0198614
sa12,0.9740495,0.8708333,0.1237084,1.406617,0.9073504,0.03361548
sa22,0.9268129,0.7921182,0.07954294,1.000414,0.9786733,0.008911567
sa17,0.9671688,0.865523,0.1805533,0.758037,0.9956567,0.008975893
sa06,0.5957303,0.8995074,0.1076903,0.8394016,0.9858889,0.007449408
sa26,0.6304707,0.7405144,0.1826033,1.033665,0.8239801,0.03142504
sa01,0.8307711,0.8265152,0.1848714,0.9459257,0.8191987,0.01775957
sa12,0.9450994,0.9037037,0.1752547,1.17178,0.9105393,0.03468858
sa17,0.7978243,0.8833333,0.1499976,0.8759641,0.9932238,0.007848293
sa22,0.9107162,0.9105634,0.1075241,0.7938614,0.9708313,0.009144021
sa06,0.3329778,0.7682648,0.05583288,0.8177404,0.9792674,0.007736699
sa26,0.4927159,0.8154074,0.2930241,1.057232,0.8410116,0.03655157
sa01,0.5821318,0.6697168,0.08257284,0.7014286,0.8243962,0.0185686
sa17,0.6826823,0.8174048,0.08610884,0.7731518,0.9965122,0.008451227
sa06,0.3586236,0.8019704,0.07490633,0.9256078,0.9815715,0.007053644
sa12,0.9553279,0.9303675,0.1133991,1.372333,0.9190519,0.03439911
sa22,0.9680084,0.901354,0.1208764,0.9033734,0.9754956,0.009472302
sa26,0.4104348,0.6456296,0.08472011,0.8723559,0.8255986,0.03316311
sa01,0.6167099,0.7757179,0.2088433,0.8346579,0.8148371,0.01817996
sa17,0.8814595,0.8732394,0.09702428,0.8646634,0.9927713,0.008225182
sa06,0.4362865,0.8489583,0.06442381,0.9558904,0.9817742,0.007128859
sa22,0.9497389,0.8514085,0.1176446,1.074454,0.9676732,0.009862976
sa12,0.9678717,0.8681066,0.1666637,1.286235,0.9110695,0.0350646
sa26,0.7258419,0.7239636,0.2051798,0.8949702,0.8250288,0.03234223
sa01,0.6603874,0.8152174,0.1320997,0.8475204,0.8318252,0.01776111
sa17,0.2631394,0.8201161,0.1093699,0.6443561,0.9921141,0.008543495
sa06,0.5264755,0.8702461,0.0428552,0.8373058,0.977793,0.007109224
sa22,0.9928929,0.873824,0.1428544,0.7718512,0.9872545,0.009712604
sa12,0.9686868,0.8295165,0.2164917,1.200545,0.9137698,0.0351233
sa26,0.7371452,0.7364732,0.20796,1.04753,0.8025158,0.03126176
sa17,0.9004533,0.8857809,0.1084313,0.800874,0.9958129,0.007476763
sa01,0.4018087,0.7852113,0.09393861,1.070262,0.824071,0.01924335
sa06,0.9336145,0.9065119,0.1235929,1.165672,0.9729779,0.006673443
sa22,0.9693502,0.9104623,0.1666639,0.9950055,0.980373,0.009313325
sa12,0.9639801,0.9212329,0.06249719,1.422039,0.9256956,0.03543884
sa17,0.8698716,0.968143,0.1168809,1.29368,0.9888984,0.009005635
sa06,0.6246302,0.8504191,0.1020671,0.9296624,0.9835567,0.007518677
sa26,0.629565,0.7748148,0.2585972,0.9283116,0.8464905,0.03640347
sa01,0.5116556,0.777114,0.1421579,1.015491,0.8344573,0.01883738
sa22,0.8506481,0.9182266,0.08045729,1.131214,0.9490047,0.01090852
sa12,0.9748883,0.871024,0.1752547,1.185489,0.9079045,0.03567429
sa17,0.6480799,0.8570319,0.149998,0.7678697,0.9940012,0.009653885
sa06,0.6235286,0.7990868,0.04574593,1.212398,0.982516,0.006654284
sa26,0.7684156,0.7013661,0.2387073,0.9284225,0.8395116,0.03224548
sa01,0.5970317,0.7753182,0.1320533,0.9894351,0.8449039,0.0194014
sa22,0.8889751,0.8988095,0.1276567,0.8863419,0.9582412,0.00937945
sa17,0.7914826,0.973399,0.08333095,1.00946,0.9939857,0.008116813
sa12,0.9845028,0.9202381,0.1237084,1.37377,0.9122885,0.03528403
sa06,0.6245051,0.8310502,0.08107897,0.7047978,0.9831617,0.007299322
sa27,0.7514179,0.8273381,0.1624976,0.9218169,0.8168148,0.005492848
sa01,0.6219771,0.8622871,0.1724112,0.6915089,0.8414228,0.01883394
sa22,0.9156544,0.8694639,0.09999738,0.9694727,0.982822,0.01043518
sa17,0.7767632,0.8494048,0.1499976,1.107923,0.9942325,0.007837113
sa06,0.81987,0.973399,0.08536352,1.3566,0.9835796,0.006932303
sa27,0.8811281,0.8411458,0.1142836,0.8592832,0.8109054,0.005639254
sa12,0.9759351,0.9007299,0.156247,1.273534,0.9334099,0.03478326
sa01,0.4928981,0.7617729,0.1463561,0.9641868,0.8309852,0.01823786
sa06,0.6801209,0.8630542,0.06701088,0.94815,0.98751,0.007803865
sa22,0.9024871,0.8018816,0.1428544,0.8223916,0.9684684,0.01013461
sa17,0.8803675,0.9143836,0.08955025,0.8622071,0.9951981,0.009894185
sa27,0.8057277,0.7801088,0.1216194,1.049157,0.7930887,0.005524179
sa12,0.9552774,0.8286749,0.1458304,1.065808,0.9315819,0.03620384
sa01,0.6464472,0.8166667,0.1333307,0.6396994,0.8454199,0.019198
sa06,0.8488777,0.9054054,0.04938048,0.5544247,0.9866996,0.006284844
sa27,0.5236373,0.6935764,0.08177196,0.9552874,0.7362748,0.004802427
sa17,0.6655063,0.8608273,0.1911346,0.8103907,0.9969001,0.009298344
sa22,0.9708182,0.8380282,0.1111085,0.9012576,0.9703919,0.01041228
sa12,0.9794348,0.8979779,0.1649454,1.264321,0.9186745,0.03454451
sa01,0.5209647,0.8653493,0.163863,1.050316,0.8243725,0.01746107
sa06,0.4698555,0.8498264,0.1066645,0.7440591,0.9838107,0.006959819
sa27,0.8882064,0.8411458,0.111109,0.9962361,0.7807235,0.005073514
sa17,0.9104721,0.8810764,0.1012635,0.899121,0.9832073,0.007222278
sa22,0.8407842,0.8236208,0.09574191,0.8684714,0.9723297,0.009286151
sa12,0.9787062,0.8992537,0.185564,1.248768,0.9227857,0.03538282
sa01,0.5195473,0.8070423,0.1162766,1.005403,0.8176142,0.01727626
sa06,0.7617952,0.9210884,0.06410039,0.6988846,0.9789251,0.006765719
sa27,0.9267459,0.7970443,0.09722012,1.207938,0.6934254,0.003396059
sa17,0.7424711,0.9450704,0.1639323,0.8115947,0.969837,0.007327719
sa22,0.9286756,0.8943279,0.1022702,0.8079209,0.9789892,0.009188432
sa12,0.9707645,0.8505952,0.1237084,1.397719,0.905663,0.03580827
sa27,0.5202561,0.6985222,0.03355718,0.9151066,0.8115792,0.004790496
sa01,0.7255661,0.8567708,0.09195152,0.895252,0.822454,0.01849411
sa06,0.4238359,0.8378378,0.04545209,0.85372,0.9771782,0.007359915
sa17,0.8463776,0.8543199,0.1430533,1.061352,0.9940774,0.009008023
sa22,0.9093045,0.8818959,0.09782339,0.6800347,0.9689219,0.009022712
sa12,0.9568399,0.8550083,0.1354137,1.247588,0.9143046,0.03496111
sa27,0.9080051,0.9036458,0.1052609,1.03733,0.7253402,0.005252058
sa06,0.6455256,0.8729064,0.06578734,1.130095,0.9801345,0.007066345
sa01,0.5620335,0.756338,0.1106273,0.9679323,0.8385076,0.01723161
sa17,0.5434821,0.8746479,0.1247337,1.238902,0.9959948,0.01002096
sa22,0.8248733,0.8732706,0.138295,0.9231221,0.9539215,0.01009558
sa27,0.8802426,0.8130952,0.1380245,0.7214613,0.8396047,0.005569852
sa06,0.7147169,0.8578089,0.1199978,0.540006,0.9856847,0.006723777
sa12,0.9640945,0.898775,0.1145804,1.263846,0.9163336,0.03499791
sa01,0.5439139,0.6956522,0.07178555,0.9188759,0.8322035,0.01853544
sa17,0.3903466,0.9222999,0.1249978,1.13095,0.9714636,0.005958324
sa22,0.8611359,0.8951049,0.09782339,0.598974,0.978946,0.01051206
sa27,0.8499746,0.8081597,0.08177196,0.8227446,0.8328936,0.005838044
sa06,0.8206719,0.9217002,0.03797253,0.8890862,0.9793009,0.007482131
sa12,0.9688693,0.8837853,0.1368392,1.396893,0.910826,0.03441803
sa02,0.4054117,0.7248634,0.1540045,1.078617,0.7835745,0.01910397
sa17,0.6946759,0.8719212,0.08974136,1.139847,0.9931073,0.007944034
sa27,0.9010858,0.7830986,0.1052609,1.006693,0.8004218,0.00533736
sa06,0.9363042,0.892517,0.06666456,0.9128788,0.9854683,0.0070625
sa22,0.8917547,0.8731884,0.1573007,1.150579,0.9796772,0.009947892
sa12,0.9732557,0.8612836,0.1458304,1.28134,0.9235899,0.03478115
sa02,0.8385527,0.7583333,0.1477348,0.9381661,0.8104557,0.02131172
sa17,0.7311316,0.8974359,0.1232855,0.7687919,0.996066,0.00853359
sa27,0.8886949,0.8140845,0.08610902,1.158093,0.7421208,0.005361213
sa06,0.7038464,0.8284977,0.115471,0.8452242,0.9861842,0.007052279
sa22,0.9060173,0.849635,0.1612875,0.8586655,0.9749626,0.01000637
sa17,0.9000827,0.8795775,0.09587156,0.8516126,0.9928819,0.008990912
sa12,0.973254,0.9228856,0.185564,1.235701,0.9179874,0.03664833
sa02,0.799387,0.7216146,0.2105239,0.9138119,0.8325467,0.02289952
sa27,0.8972642,0.8492611,0.08860534,1.036277,0.8162445,0.005310816
sa08,0.7472235,0.9314236,0.08333049,4.518638,0.6859406,0.005481407
sa22,0.8094729,0.9479167,0.08988507,0.9415985,0.9685791,0.009624318
sa17,0.7234453,0.8646035,0.1282589,0.8739189,0.9950457,0.008814063
sa27,0.9598561,0.7612847,0.0999977,0.6760745,0.8622941,0.004997592
sa08,0.689598,0.8090278,0.1025618,1.471614,0.6805045,0.003616473
sa02,0.4943947,0.6666667,0.0585564,1.146294,0.7777491,0.01898832
sa12,0.9701076,0.8605634,0.1030899,1.243308,0.9153406,0.03565269
sa22,0.8948354,0.8201161,0.08913885,0.8858556,0.9710192,0.009308249
sa27,0.6680064,0.6935961,0.06701088,0.8341401,0.8469236,0.005601861
sa08,0.7764767,0.8923611,0.08888629,2.48018,0.7319134,0.003545679
sa17,0.4928959,0.9153069,0.149998,1.098134,0.9802963,0.007803424
sa02,0.7225013,0.6961698,0.09354664,0.9368922,0.8041541,0.02012738
sa12,0.9605623,0.8987835,0.1578918,1.305878,0.9058616,0.03414417
sa27,0.8982066,0.7795775,0.1408429,0.7106285,0.7669755,0.005881926
sa22,0.9658554,0.9274939,0.1612875,0.8182033,0.9768813,0.009698403
sa08,0.6830215,0.7673611,0.08695384,0.9180417,0.771561,0.004545497
sa17,0.5750548,0.9277389,0.1249978,0.7718482,0.9958287,0.008815359
sa02,0.7419677,0.7835286,0.2187473,0.9615659,0.8246508,0.02293179
sa12,0.9764697,0.8412879,0.2061825,1.20524,0.9286533,0.03592999
sa27,0.8578276,0.9238539,0.1124977,0.8568522,0.7811223,0.005349105
sa08,0.7293376,0.84375,0.09195152,1.577552,0.7400117,0.005344123
sa22,0.9643291,0.8444936,0.115472,0.9102859,0.9720754,0.01082208
sa17,0.8792835,0.8561077,0.1647033,1.459729,0.9693517,0.006666173
sa02,0.6523259,0.7102865,0.1680531,1.077596,0.792178,0.01918985
sa12,0.9607518,0.8680124,0.1458304,1.209566,0.9270085,0.03608303
sa27,0.7923386,0.8732877,0.07999786,0.7459497,0.7912356,0.005428342
sa08,0.7295733,0.8611111,0.08333049,3.580858,0.6841759,0.005096671
sa22,0.9709371,0.9226306,0.1222196,1.151247,0.9580113,0.008636332
sa17,0.8454974,0.9225352,0.1340482,0.9625611,0.9950213,0.008751644
sa02,0.5055237,0.6419414,0.07083125,1.287213,0.7983323,0.01943868
sa27,0.78846,0.8687215,0.07692087,1.230266,0.7649763,0.005464916
sa08,0.6452698,0.7378472,0.09302079,1.220699,0.6689274,0.003473268
sa12,0.9781814,0.9375,0.1237084,1.168506,0.926174,0.03506371
sa22,0.7820883,0.9059214,0.1413016,0.7783431,0.9836028,0.01080958
sa17,0.7432037,0.8959602,0.1830963,0.7285297,0.9958839,0.009344421
sa27,0.8674968,0.8637153,0.08034418,0.9137806,0.8343985,0.005177813
sa02,0.6324523,0.7066545,0.1753268,1.152112,0.8162395,0.02077243
sa08,0.7198115,0.8567708,0.08695384,2.458983,0.7174608,0.003816881
sa12,0.9419292,0.863314,0.1122419,1.201877,0.9178569,0.03576637
sa22,0.9403154,0.8181818,0.1249974,1.082303,0.9685885,0.009748765
sa17,0.8318004,0.8147887,0.1144128,1.061705,0.9877086,0.008416558
sa27,0.8605748,0.8504191,0.1309499,0.7129404,0.8026784,0.005517493
sa08,0.7193002,0.8576389,0.08695384,3.328284,0.6288306,0.003177534
sa02,0.3796413,0.7148438,0.1792692,1.151738,0.8259643,0.02022973
sa12,0.9761582,0.8515152,0.2061825,1.26906,0.9129783,0.03464886
sa17,0.9211002,0.8433269,0.1093699,0.8863122,0.9934579,0.008258412
sa22,0.7217071,0.8744292,0.06976502,1.175739,0.968872,0.009455234
sa27,0.8325147,0.8640249,0.1184188,1.139891,0.7793495,0.005703618
sa08,0.8419084,0.9704861,0.08510362,9.583286,0.7006548,0.00404333
sa02,0.7271539,0.754884,0.2296892,1.022012,0.8090703,0.01880109
sa12,0.9675731,0.8875,0.1249971,1.363863,0.9095225,0.03469395
sa17,0.4774433,0.9073892,0.1228051,0.7541944,0.9944449,0.00970334
sa22,0.9872568,0.8926397,0.138295,0.8575075,0.9783126,0.009332055
sa27,0.7898021,0.8206897,0.09722012,0.8334182,0.8015785,0.005816068
sa08,0.5718599,0.6371528,0.08988507,0.5468079,0.7562048,0.004381676
sa02,0.6926747,0.7243006,0.1670972,1.214466,0.7879559,0.01792724
sa17,0.9169354,0.9214286,0.1739108,0.7484519,0.9941505,0.009286572
sa12,0.9429594,0.9413392,0.1340176,1.311689,0.9148576,0.03588517
sa27,0.906524,0.8710179,0.1184188,0.7889602,0.7995672,0.005092653
sa08,0.838738,0.9548611,0.08790945,7.491435,0.6888251,0.005386699
sa22,0.9829258,0.8909795,0.1477246,0.9940927,0.9735938,0.01027632
sa02,0.4506603,0.6917485,0.1371913,0.863577,0.8563586,0.02300571
sa17,0.5501008,0.8517086,0.1263867,0.8024603,0.9936474,0.009521601
sa08,0.6954578,0.8776042,0.08247133,1.883286,0.7392396,0.004348957
sa27,0.8770786,0.8258503,0.06328894,0.7652643,0.8363029,0.005571808
sa12,0.9715759,0.8721532,0.1458304,1.216513,0.9125688,0.03410311
sa22,0.8654415,0.8436853,0.1573007,1.050316,0.9715084,0.01016887
sa08,0.8357775,0.9322917,0.08695384,3.655837,0.7470116,0.006062388
sa02,0.4983066,0.6576923,0.07927131,1.062836,0.810008,0.02131275
sa27,0.6809848,0.7725352,0.1369841,0.7485122,0.804181,0.005023487
sa17,0.7500871,0.8184915,0.1770093,0.8171825,0.993645,0.009439378
sa12,0.9516734,0.9231144,0.156247,1.3097,0.9170266,0.03483588
sa22,0.9422544,0.9178571,0.1411739,1.009502,0.9849413,0.009269808
sa27,0.7954458,0.7846791,0.1628529,0.9962106,0.7704223,0.005480644
sa08,0.796858,0.9097222,0.09195152,3.893294,0.7635919,0.005260426
sa17,0.8891988,0.9340278,0.1403489,0.9296861,0.9959305,0.009439638
sa02,0.8139875,0.7565982,0.2079046,0.8800698,0.8522789,0.0221975
sa12,0.9643579,0.8622871,0.156247,1.192236,0.9202788,0.03343537
sa22,0.7481801,0.8937465,0.138295,0.7941979,0.9818168,0.009686327
sa08,0.7466351,0.9401042,0.08695384,4.022352,0.7055043,0.004342566
sa27,0.7838471,0.7552448,0.08904836,0.9329013,0.7801634,0.005252541
sa17,0.8593233,0.9598592,0.1388867,0.9564933,0.9950298,0.008670049
sa02,-0.05058176,0.6582406,0.08375531,0.9874457,0.816885,0.02199872
sa12,0.9688652,0.9148418,0.156247,1.487298,0.90933,0.03488894
sa22,0.9578241,0.8746479,0.1162766,1.31094,0.9699022,0.01043832
sa08,0.7613086,0.921875,0.08510362,2.291735,0.7688499,0.004947958
sa27,0.7836096,0.8478873,0.1388867,0.8790345,0.7763484,0.004168688
sa17,0.2297034,0.6875,0.02355993,1.306385,0.9312529,0.007109388
sa02,0.6272592,0.7111111,0.1236766,0.8658437,0.8220463,0.01998754
sa08,0.7010899,0.9027778,0.08080509,3.585389,0.7049471,0.003927656
sa27,0.7326156,0.8502463,0.09333117,0.9882814,0.7826721,0.005338275
sa12,0.9712086,0.9053309,0.1666637,1.387892,0.9107829,0.0339235
sa22,0.9354023,0.9131944,0.08601879,0.7194301,0.9794492,0.01002578
sa17,0.128398,0.808867,0.0419245,0.7434264,0.99119,0.008651941
sa02,0.7468482,0.7637223,0.1999276,0.901348,0.8191248,0.02283724
sa08,0.7171327,0.8819444,0.08162971,2.669776,0.7007053,0.004934615
sa27,0.7993289,0.8098522,0.09090688,0.8620927,0.7789439,0.0043526
sa12,0.9562445,0.9021898,0.156247,1.284867,0.9046525,0.03502002
sa22,0.7780146,0.8938356,0.0666641,1.067353,0.9623312,0.01009596
sa17,0.7098804,0.8577465,0.1070108,0.9234851,0.9947656,0.008520127
sa08,0.6194687,0.7083333,0.07920482,1.065207,0.6731229,0.005149014
sa27,0.7625944,0.8295775,0.1282028,0.8106933,0.8072131,0.005522876
sa02,0.8111741,0.7807692,0.1959401,0.9339168,0.8232242,0.02173571
sa22,0.9451477,0.8749194,0.1309499,1.386198,0.9494927,0.01047912
sa12,0.9709868,0.86618,0.1261451,1.239719,0.9124602,0.03500794
sa17,0.8501882,0.8900243,0.1587526,0.7541037,0.9938056,0.008712325
sa08,0.6621337,0.7265625,0.08790945,0.9335098,0.6684437,0.00385783
sa27,0.8632951,0.8570319,0.1232855,1.036652,0.7948104,0.005581406
sa02,0.7282803,0.6928962,0.1374977,1.087984,0.7876552,0.01804169
sa22,0.989142,0.8446429,0.1290295,0.8845686,0.9768839,0.010161
sa12,0.9575556,0.9253731,0.185564,1.37442,0.9031094,0.03499208
sa18,0.6969198,0.7761194,0.1665481,0.9964628,0.8973921,0.01977068
sa08,0.7549108,0.7899306,0.08601879,1.891129,0.659156,0.004632053
sa27,0.8145409,0.8871528,0.1126739,0.8335164,0.8443845,0.00658346
sa02,0.6414083,0.7551913,0.2053655,0.941157,0.8343539,0.02145076
sa08,0.752515,0.8246528,0.08888629,2.948593,0.6374986,0.004428713
sa12,0.9517799,0.8916758,0.2187469,1.381665,0.9098426,0.03415187
sa22,0.9507796,0.8982968,0.1807204,1.00235,0.9824218,0.01153756
sa18,0.6033067,0.8982517,0.2418092,1.067796,0.8869642,0.02051604
sa27,0.6148562,0.8597973,0.05063073,0.853446,0.8359701,0.005995529
sa02,0.6906022,0.776063,0.225433,1.108182,0.7854026,0.01851793
sa08,0.7861842,0.9088542,0.09302079,3.236347,0.6234489,0.0029797
sa27,0.7811795,0.8282828,0.1249978,0.9509797,0.8115125,0.005677954
sa22,0.8494551,0.8958333,0.136361,1.319198,0.9471855,0.009028971
sa12,0.924754,0.8630515,0.1684181,1.301314,0.9254217,0.0341003
sa18,0.5685158,0.8954451,0.1749976,1.023152,0.9184947,0.02015637
sa02,0.5456547,0.7046229,0.05808694,1.084137,0.8331189,0.02399562
sa08,0.7998254,0.9730903,0.08790945,12.4063,0.6629768,0.003236292
sa27,0.8489033,0.8233398,0.1243259,0.9519199,0.790663,0.00597159
sa22,0.9902854,0.9225235,0.1397821,0.7001694,0.9735911,0.009329427
sa13,0.8081289,0.8091549,0.1190452,1.302308,0.9173347,0.01498922
sa18,0.64512,0.8,0.1940507,1.11415,0.8877183,0.02048259
sa08,0.7611669,0.7960069,0.08888629,1.759776,0.7491048,0.005987464
sa02,0.6030013,0.7572917,0.1629475,0.9742286,0.8547555,0.02271085
sa27,0.9134449,0.865493,0.1369841,0.8628419,0.8461849,0.005687842
sa22,0.7632323,0.8477078,0.09782339,0.757218,0.9756432,0.009617464
sa13,0.7876525,0.7071429,0.08963347,1.126168,0.9461168,0.01569029
sa18,0.6718266,0.8799242,0.2368396,1.029742,0.8951947,0.02025063
sa08,0.7771794,0.8480903,0.111109,3.194063,0.7319003,0.005253047
sa27,0.9272959,0.7994842,0.1486464,1.19841,0.7774621,0.005993757
sa02,0.7853788,0.7338798,0.2069661,0.9755036,0.8149141,0.02224982
sa22,0.7766989,0.8482759,0.08235053,1.117525,0.97078,0.009634898
sa13,0.8522694,0.8672619,0.1162441,1.278421,0.9104867,0.01618075
sa08,0.6800108,0.7092014,0.09411521,1.631077,0.6009447,0.002948869
sa18,0.6014263,0.726949,0.1227495,1.077582,0.9073307,0.01963524
sa27,0.8914559,0.8253521,0.1234544,1.02472,0.7952545,0.005548913
sa02,0.2745554,0.7122963,0.2268269,0.8993246,0.8276706,0.02045091
sa13,0.7864327,0.9661458,0.08988507,1.307938,0.9340631,0.01646366
sa22,0.8600754,0.9026435,0.1235929,1.04295,0.9676518,0.009924913
sa08,0.6706468,0.7248264,0.08420772,1.537403,NaN,0.00453331
sa27,0.7930452,0.8570319,0.1216194,0.865562,0.8558618,0.006296866
sa18,0.6666008,0.8641726,0.2581403,0.9416071,0.8940339,0.02020345
sa02,0.4880922,0.7396215,0.1534176,0.9030695,0.8059281,0.02073374
sa13,0.8751061,0.9881773,0.08536352,1.256754,0.9492997,0.01719916
sa08,0.7807715,0.8828125,0.08988507,4.231284,0.6102648,0.003736723
sa22,0.9064792,0.8559524,0.1333307,1.050354,0.9677066,0.00974347
sa27,0.8186941,0.8869048,0.1558418,0.8008152,0.8205397,0.005076094
sa18,0.4805318,0.7962121,0.2070971,0.9594292,0.8891811,0.01968058
sa02,0.6706163,0.6976378,0.1459906,1.029094,0.8038394,0.02077097
sa08,0.7734253,0.8784722,0.09090656,4.92422,0.6924943,0.005598345
sa13,0.882213,0.8573059,0.08333126,1.040756,0.9470745,0.01577518
sa27,0.8732575,0.8277027,0.05555354,1.353531,0.7638851,0.004483963
sa22,0.9014879,0.906338,0.1162766,1.062112,0.9689931,0.009598645
sa18,0.6454189,0.8671875,0.2631554,0.9790682,0.9107839,0.02047852
sa08,0.7149278,0.8012153,0.09755862,1.979342,0.6816096,0.003307353
sa02,0.6847249,0.8365352,0.1803951,0.9515972,0.8144722,0.02013139
sa13,0.4529428,0.8571429,0.0577941,1.272149,0.916037,0.01704462
sa27,0.7364032,0.8710046,0.08333126,1.05957,0.7845387,0.006050215
sa22,0.8489488,0.9020979,0.09782339,0.8801887,0.9834785,0.01096834
sa18,0.702417,0.7263229,0.1631993,0.99911,0.8883395,0.0199985
sa08,0.7795846,0.9097222,0.09523569,1.762438,0.7268633,0.004332993
sa27,0.9246077,0.8965517,0.09210308,0.5736338,0.8632305,0.005879275
sa02,0.7242225,0.7703937,0.197366,1.2894,0.7880768,0.02025271
sa13,0.876847,0.9802956,0.08860534,1.100288,0.9511728,0.01655731
sa22,0.9586423,0.9404762,0.1609169,1.202875,0.9522482,0.01077708
sa08,0.7089731,0.7743056,0.08695384,1.399565,0.6280921,0.003600808
sa18,0.6251399,0.8416149,0.1268168,1.017929,0.9091213,0.01981744
sa27,0.9424615,0.8420139,0.09638316,0.9207408,0.7941173,0.005386865
sa13,0.7555011,0.9172297,0.04819048,1.171687,0.9038325,0.01566587
sa02,0.7801355,0.742513,0.1842082,0.8895987,0.8184954,0.02241222
sa23,0.5135238,0.8472222,0.0999977,0.7929792,0.9755028,0.01400943
sa08,0.6551282,0.7239583,0.08790945,0.972091,0.7489756,0.004505953
sa18,0.7161551,0.8064182,0.1554955,0.8150233,0.9162077,0.0206991
sa27,0.6248821,0.7527094,0.07215933,1.072985,0.7764704,0.005289174
sa13,0.8791043,0.8363095,0.1073571,1.199037,0.9280767,0.01662105
sa23,0.5513701,0.7389163,0.05888274,1.215084,0.9777744,0.01377053
sa02,0.8255862,0.8066142,0.2215794,1.105097,0.7923066,0.02075792
sa08,0.776174,0.9045139,0.08988507,3.507265,0.7006978,0.004893795
sa27,0.9177962,0.7270936,0.06458659,0.87705,0.8332288,0.005972433
sa18,0.7055064,0.7816993,0.1597198,1.042754,0.890868,0.0206444
sa23,0.7581223,0.839527,0.05479248,1.093925,0.974971,0.01522504
sa13,0.7727084,0.7196181,0.0686251,1.286312,0.9513424,0.01618919
sa08,0.8703251,0.9557292,0.08510362,8.768763,0.6410262,0.003497314
sa02,0.7813563,0.7291339,0.1667509,0.8268358,0.8168068,0.02215704
sa27,0.7921773,0.8795649,0.09210308,0.848529,0.7977615,0.005813268
sa18,0.7695488,0.8472019,0.1236984,0.8714614,0.9121318,0.02070993
sa23,0.4274508,0.7477833,0.08536352,0.9282524,0.9824544,0.01338763
sa08,0.7619972,0.9114583,0.08601879,6.926473,0.6641692,0.004615749
sa13,0.8196856,0.9002433,0.1519583,1.150038,0.932794,0.01576584
sa02,0.7232917,0.792803,0.1722199,1.051019,0.7802333,0.01907849
sa27,0.7010282,0.8071429,0.1358259,0.7076805,0.7727013,0.00436332
sa08,0.7689266,0.8585069,0.09195152,1.856979,0.7786622,0.006405924
sa23,0.5996724,0.8090278,0.09755862,0.7390631,0.975902,0.01300708
sa18,0.6720966,0.8387402,0.255779,1.020341,0.8981665,0.02033517
sa13,0.7942083,0.784507,0.1249977,1.259665,0.9089109,0.01692511
sa02,0.357671,0.7185315,0.1248457,1.179616,0.8173006,0.02023374
sa28,0.6044103,0.8116788,0.1684825,0.7618305,0.8464049,0.007617355
sa08,0.7281705,0.7786458,0.09090656,1.505909,0.7395418,0.0049153
sa23,0.6687158,0.7635468,0.06340739,0.7376597,0.9819089,0.01367417
sa13,0.8197297,0.9797297,0.0512799,1.24456,0.9458798,0.0173275
sa18,0.5978767,0.8478441,0.2014888,1.055334,0.9108024,0.02110231
sa28,0.613446,0.7324307,0.06611164,0.5927096,0.8044915,0.006239881
sa02,0.713799,0.7727273,0.1323531,1.034186,0.8059038,0.02089352
sa08,0.6691935,0.6657986,0.09523569,0.9852785,0.7286424,0.004375799
sa23,0.5266743,0.8127854,0.07058584,1.216413,0.9732872,0.01461813
sa13,0.7650792,0.8818959,0.1216194,1.201297,0.9165426,0.01658717
sa18,0.7721651,0.7360704,0.2394292,0.8875885,0.9183502,0.02148337
sa28,0.7450234,0.9061224,0.05555301,0.8032855,0.7913847,0.00597355
sa02,0.6258803,0.7017705,0.1578924,0.9309704,0.8095767,0.02281182
sa08,0.8392908,0.9088542,0.09302079,4.129775,0.6899182,0.003827006
sa23,0.3653584,0.7520704,0.113443,0.5403001,0.9846414,0.01282702
sa13,0.8094486,0.9175347,0.09523569,1.373524,0.892207,0.01576198
sa28,0.5754041,0.7676056,0.09095456,0.7931764,0.8273432,0.006831941
sa18,0.5265969,0.7251553,0.09354664,0.973741,0.9107904,0.0202237
sa08,0.7653335,0.8602431,0.09302079,1.816511,0.7162501,0.00409144
sa02,0.4601751,0.748951,0.1430532,0.896731,0.8254058,0.0213563
sa23,0.4950812,0.8736299,0.1571407,0.724974,0.9812519,0.0151616
sa28,0.640271,0.8014085,0.09243458,1.01018,0.8483919,0.006633553
sa13,0.8774452,0.7802988,0.1230054,1.075608,0.9213827,0.01694969
sa08,0.747035,0.9105903,0.08510362,3.680673,0.665876,0.005003138
sa18,0.6955348,0.8435606,0.1878794,1.01146,0.898793,0.01991499
sa23,0.525513,0.8768536,0.1341439,1.053769,0.9791681,0.01209018
sa02,0.8391588,0.7338583,0.197366,1.002096,0.8034371,0.02219665
sa28,0.2445935,0.8041667,0.1116677,1.035637,0.8514393,0.006513676
sa13,0.8102168,0.9574653,0.08790945,1.285698,0.940025,0.01626937
sa08,0.6861301,0.7465278,0.1025618,1.331065,0.711273,0.005047823
sa18,0.5825007,0.860766,0.1749976,0.9635081,0.9135062,0.02170882
sa23,0.297537,0.8802721,0.06023865,0.7224812,0.9783982,0.01272984
sa02,0.5207945,0.7015631,0.15972,0.7975229,0.8563606,0.02287884
sa28,0.5839967,0.7477022,0.06006407,1.054055,0.7968692,0.006581575
sa13,0.7808445,0.7952381,0.1255396,1.272389,0.8956917,0.01544042
sa08,0.8146322,0.9262153,0.09302079,5.682517,0.6341256,0.003843739
sa23,0.7369767,0.9024631,0.1014472,0.8235173,0.9782982,0.0144335
sa18,0.006061156,0.6954545,0.08171586,1.155977,0.8868236,0.0193489
sa28,0.6666351,0.799668,0.1139963,0.7353688,0.812851,0.007249443
sa02,0.1998008,0.7360026,0.1755901,1.087177,0.8375369,0.02295125
sa08,0.8680404,0.9418403,0.09195152,4.305575,0.7074282,0.004674819
sa13,0.7707713,0.9241379,0.09210308,1.25,0.9421881,0.01558869
sa23,0.6144353,0.8609169,0.1058799,1.339473,0.9740869,0.01262061
sa18,0.6960172,0.821883,0.1937638,1.054456,0.8985278,0.01995535
sa28,NA,0.7317859,0.06964447,1.260305,0.7895433,0.006053886
sa08,0.8025898,0.9010417,0.09090656,3.380663,0.6748556,0.004325505
sa02,0.8613777,0.757265,0.279164,0.8604364,0.8480451,0.02082287
sa13,0.8856271,0.9387492,0.1549274,0.9394574,0.9474234,0.01513265
sa23,0.906809,0.9252095,0.1506827,1.071063,0.9794968,0.01334723
sa28,0.3007307,0.7187257,0.05972,1.095159,0.7088458,0.00665443
sa18,0.5960579,0.863986,0.1958309,1.113033,0.8939819,0.02027688
sa08,0.7152799,0.7673611,0.09411521,1.602297,0.6593883,0.003337693
sa02,0.796964,0.7620492,0.1857094,0.8724151,0.8155344,0.02023592
sa13,0.8243364,0.8064236,0.07233297,1.099759,0.9468098,0.01675507
sa23,0.6252587,0.8197183,0.1018689,1.145803,0.9771726,0.0136062
sa28,0.3674453,0.7570423,0.09702428,1.012874,0.8312258,0.007030081
sa08,0.7407768,0.8993056,0.08420772,3.081498,0.739322,0.005297327
sa18,0.7352659,0.8614379,0.1477034,0.9328113,0.8978966,0.01894077
sa02,0.857321,0.8375651,0.2541642,0.9381983,0.8273672,0.01944368
sa13,0.7588912,0.8836806,0.08988507,1.316693,0.9270495,0.01601812
sa23,0.4363872,0.7945578,0.06023865,0.7101468,0.9796402,0.01446643
sa28,0.5799476,0.7581509,0.09471645,1.036832,0.822986,0.00586389
sa09,0.9015392,0.9137529,0.1267584,0.9115455,0.9724458,0.009357359
sa18,0.1038759,0.7410072,0.1300831,1.119819,0.9141581,0.02049463
sa13,0.5973178,0.7986395,0.03947161,1.157041,0.9180134,0.01539959
sa02,0.474096,0.6978022,0.1578924,0.9181776,0.8224864,0.02253274
sa23,0.7178448,0.8809859,0.1351329,1.133285,0.9730059,0.01447344
sa28,0.5984663,0.8005952,0.1198582,1.301733,0.7985533,0.006518301
sa09,0.670192,0.8816901,0.1234544,0.5099428,0.9801643,0.01027468
sa18,0.6424388,0.7855164,0.1350766,0.9702814,0.8966152,0.02038626
sa13,0.8422322,0.9339549,0.09889844,1.179306,0.9435007,0.0156181
sa02,0.845152,0.8635987,0.190324,1.132349,0.7492526,0.01663988
sa23,0.3031238,0.7092014,0.06507271,0.6455882,0.9768485,0.01331232
sa28,0.6631405,0.8049728,0.101121,0.5970491,0.8421812,0.007276254
sa09,0.7102638,0.8888889,0.1216194,0.6821388,0.977729,0.008992172
sa18,0.5792964,0.7786492,0.136117,1.034381,0.908186,0.01985576
sa13,0.8959629,0.93379,0.07316842,1.008112,0.9566436,0.01574693
sa23,0.6024463,0.8630542,0.09210308,1.33085,0.9782809,0.01277058
sa28,0.4719511,0.8065268,0.1184188,0.9154199,0.8772163,0.008022209
sa02,0.6310975,0.6712454,0.1315767,1.029453,0.7909989,0.01927963
sa09,0.6643966,0.8262774,0.1710503,0.5947438,0.9824466,0.009913812
sa18,0.6061094,0.8399668,0.2202161,0.8379888,0.9140474,0.02020768
sa13,0.8211935,0.862069,0.09459245,1.148097,0.9110029,0.01551391
sa23,0.4972872,0.8834459,0.04999779,0.7612774,0.9756604,0.01268168
sa28,NA,0.7910714,0.07282594,1.017167,0.8494036,0.006737338
sa09,0.6432767,0.8995074,0.08536352,0.6320063,0.9818719,0.008387371
sa02,0.7178321,0.7745197,0.1934175,0.9963884,0.8244751,0.02139917
sa23,0.6858769,0.8394089,0.09210308,1.172018,0.9758035,0.01420706
sa18,0.5586117,0.8141822,0.1380133,1.015263,0.898633,0.02037801
sa13,0.8711134,0.9201389,0.0999977,1.201528,0.9334445,0.01557666
sa28,0.6440979,0.7453416,0.1609169,0.862204,0.8524059,0.007440131
sa09,0.9118346,0.8995859,0.1866643,0.7409561,0.9804669,0.008753021
sa02,0.6876931,0.6965174,0.1400673,0.935718,0.8017805,0.01996556
sa23,0.7559589,0.7385845,0.04959033,0.9695839,0.9800468,0.01321284
sa18,0.60276,0.813503,0.1361087,0.9604026,0.9088676,0.02004953
sa28,0.749727,0.8185764,0.06277616,0.7824675,0.7899217,0.005500481
sa13,0.801615,0.9183099,0.1249977,1.309057,0.9417042,0.01644789
sa09,0.6752868,0.9090909,0.1325277,0.8283912,0.972479,0.008869437
sa02,0.7918755,0.708042,0.1520607,1.060835,0.8097074,0.02088321
sa23,0.5223306,0.8056338,0.1035476,1.001146,0.9768797,0.01342058
sa28,0.4825566,0.8809524,0.1621599,1.27608,0.7745558,0.006027966
sa09,0.5552504,0.8523533,0.1146893,0.7481428,0.9823195,0.009470334
sa13,0.8039556,0.8807882,0.07526612,1.224954,0.9308746,0.01606135
sa18,0.793355,0.7712418,0.1624738,0.9877628,0.9011487,0.01918629
sa03,0.7344374,0.902968,0.07228682,1.49011,0.9346,0.005334367
sa23,0.4565221,0.8226601,0.08045729,0.9514857,0.9780225,0.01240415
sa28,0.3730027,0.7734375,0.08780283,0.7694262,0.846915,0.00834752
sa09,0.8689552,0.9277885,0.1447346,0.7608711,0.9778873,0.01005029
sa13,0.867696,0.8598592,0.1219488,1.157142,0.9350898,0.01442616
sa18,0.6301422,0.8243088,0.2534987,1.122824,0.8954568,0.02062705
sa03,0.392132,0.7673469,0.05813713,1.377926,0.9508824,0.005341555
sa23,0.7778632,0.8399378,0.1363616,1.061893,0.9819545,0.0136642
sa28,0.646551,0.8559524,0.1144839,1.186405,0.8454566,0.007438801
sa09,0.6002304,0.86829,0.1688288,0.6466965,0.9831603,0.008484235
sa13,0.8828481,0.8236208,0.08189044,1.358532,0.9245811,0.01617406
sa03,0.4448292,0.8246305,0.09588829,0.5942809,0.9807252,0.00627708
sa18,0.7264065,0.7986751,0.2517749,0.9634855,0.8876836,0.01876869
sa23,0.5634585,0.8350694,0.09876311,0.9331774,0.9797516,0.01242219
sa28,0.1897475,0.7498616,0.1139963,0.8956165,0.8570451,0.006768345
sa09,0.8737988,0.9092418,0.1710503,0.7831087,0.9838666,0.008894328
sa13,0.8072445,0.9444444,0.1012635,1.014353,0.944774,0.01723922
sa03,0.4105505,0.6788194,0.08323008,0.7417648,0.9754541,0.006363452
sa18,0.7238542,0.7939394,0.1807768,0.9176267,0.900767,0.0196639
sa23,0.6562589,0.8881119,0.1249978,1.005083,0.9788007,0.01462523
sa28,0.489694,0.8056338,0.1018689,1.138696,0.7805286,0.004818614
sa09,0.6590177,0.8644162,0.1206904,0.7795194,0.9797697,0.008400618
sa03,0.6663478,0.8027211,0.06410039,0.746286,0.979247,0.006336333
sa13,0.8795986,0.7911025,0.1011251,1.248707,0.9128388,0.0157704
sa18,0.6700281,0.805383,0.1390649,0.8664459,0.9045272,0.02009349
sa23,0.6355727,0.8169014,0.1035476,1.298058,0.9712815,0.01317072
sa28,0.6610319,0.7724049,0.09955541,1.019465,0.8045432,0.006724451
sa09,0.6305272,0.8725352,0.1018689,0.5507729,0.9860818,0.01078419
sa03,-0.1234765,0.6583851,0.09146027,0.4980728,0.9637393,0.005703527
sa13,0.8660407,0.8746479,0.1087989,1.212135,0.9436765,0.01664371
sa23,0.4762849,0.7864583,0.1066645,0.9074371,0.979288,0.01242974
sa28,0.4626236,0.8478401,0.1195625,1.099944,0.8182138,0.006715715
sa18,0.564256,0.8097324,0.176468,1.049491,0.904689,0.02013487
sa09,0.8525421,0.9337474,0.1647033,0.9254573,0.985727,0.008978402
sa03,0.3196174,0.746798,0.05109554,0.6429856,0.9767884,0.0057177
sa13,0.8678528,0.9626761,0.1190452,1.364362,0.8956933,0.01470052
sa23,0.6006489,0.875,0.1012635,1.118695,0.9743389,0.01374791
sa28,0.3416697,0.7155506,0.09184693,1.020619,0.8551542,0.007314989
sa18,0.7578131,0.9104478,0.2368396,0.8954471,0.9176967,0.02039346
sa09,0.865948,0.9440639,0.08218969,0.8354479,0.9822557,0.009831566
sa03,0.7786984,0.7911025,0.1011251,0.9904095,0.9636736,0.00547384
sa13,0.7711947,0.897619,0.1411739,1.329806,0.936789,0.01665613
sa28,-0.2406569,0.6597222,0.03194247,1.012988,0.8161904,0.006399604
sa23,0.4409955,0.7738928,0.08756494,1.09588,0.9817605,0.013154
sa09,0.7903567,0.9044289,0.1097537,1.183269,0.9804134,0.01029835
sa18,0.334766,0.7684478,0.1701655,1.101699,0.8908281,0.01983931
sa03,0.5476618,0.7443662,0.06582399,0.8252226,0.9705444,0.005444053
sa13,0.8946958,0.9370629,0.09782339,1.260205,0.9438084,0.01545602
sa28,0.8209684,0.7943262,0.1222196,0.7719673,0.8526676,0.00643319
sa23,0.8199379,0.7622378,0.08904836,0.9082638,0.9792843,0.01286695
sa09,0.9026864,0.8904429,0.1216194,0.6324559,0.9802684,0.007874805
sa18,0.341038,0.825,0.1558418,1.003346,0.9030293,0.02011823
sa03,0.05000761,0.720197,0.0382663,0.28122,0.9770381,0.005613831
sa13,0.6421498,0.9064039,0.08641745,1.458578,0.9244825,0.01615682
sa28,0.4087671,0.6985915,0.07386634,0.4537728,0.8750996,0.007793492
sa23,0.4156196,0.8211268,0.1018689,0.8516498,0.9801992,0.0129578
sa09,0.9335862,0.8845238,0.1578924,0.8033768,0.983543,0.00812416
sa03,0.2171575,0.7455782,0.04793488,0.6818806,0.9711488,0.006215036
sa18,0.595255,0.7711443,0.1477982,0.840563,0.9218117,0.02150511
sa13,0.8444506,0.8823944,0.1163742,1.048199,0.946074,0.01620561
sa28,0.4765511,0.7960591,0.06578734,0.8156525,0.8105038,0.006851894
sa23,0.5499749,0.8803419,0.1111088,1.188822,0.9750127,0.01322758
sa09,0.563181,0.8383838,0.1184188,0.7357511,0.9735963,0.00914971
sa03,0.3254793,0.6598592,0.01944999,0.5530099,0.9810303,0.006079638
sa18,0.7225429,0.7809245,0.1641429,0.9206909,0.8982465,0.02154891
sa23,0.6938282,0.9296875,0.1012635,0.9251546,0.9743251,0.01356192
sa28,0.5987029,0.7957746,0.1351329,0.9169766,0.8396526,0.00620781
sa13,0.8180065,0.9625616,0.08749772,1.250977,0.9391158,0.01508144
sa09,0.9188547,0.8747412,0.1749976,1.149754,0.979627,0.009983074
sa03,0.6021687,0.7619048,0.06023865,1.267592,0.9722105,0.004795458
sa23,0.3879969,0.7939189,0.0291647,1.263739,0.9792801,0.01442786
sa18,0.7852955,0.8000727,0.156942,0.9704381,0.9131025,0.02032157
sa28,0.5640772,0.791133,0.08749772,0.8584086,0.8258383,0.00609799
sa13,0.865253,0.8741319,0.09523569,1.192031,0.940934,0.0170264
sa09,0.7064653,0.8211268,0.1234544,0.6499172,0.9731996,0.009302409
sa03,0.7286546,0.8620245,0.1410233,1.106591,0.9515351,0.004855802
sa23,0.6259975,0.8236208,0.1139217,1.058293,0.9803968,0.01403079
sa28,0.545476,0.8168235,0.1139963,1.019071,0.8005887,0.005321713
sa18,0.7246303,0.8674016,0.3086393,1.044685,0.8795899,0.01983338
sa09,0.8475248,0.8555901,0.1917785,1.072806,0.9760327,0.009352607
sa13,0.08212772,0.7621528,0.04459706,1.144351,0.9255968,0.01521647
sa03,0.8224051,0.8997669,0.1184188,0.7118123,0.978987,0.006323143
sa23,0.6043042,0.7942708,0.08323008,1.01675,0.975011,0.01398501
sa28,0.5322984,0.7526042,0.05262947,0.8009278,0.8175377,0.007202479
sa09,0.732492,0.8384428,0.1710503,0.9894965,0.979293,0.008889988
sa18,0.6451261,0.8379085,0.1652783,0.8717939,0.922867,0.0200722
sa13,0.8614798,0.8246528,0.07360886,1.202312,0.9353937,0.01735173
sa03,0.351121,0.8057498,0.07275729,0.9782319,0.9721302,0.005887174
sa23,0.5819199,0.8538813,0.07058584,1.127695,0.975492,0.01286204
sa28,0.6456905,0.8949772,0.0666641,0.9030601,0.8183717,0.006045468
sa09,0.7457875,0.8271222,0.1628529,0.7527724,0.9871423,0.009387784
sa03,0.6820969,0.8725719,0.1111088,1.248957,0.9757252,0.005261774
sa13,0.8750796,0.955102,0.06249777,1.167497,0.9256364,0.01628967
sa18,0.609567,0.9212505,0.2345653,1.154497,0.8844372,0.0192737
sa23,0.208754,0.6989039,0.07772873,0.7823601,0.9807126,0.01367184
sa28,0.7554768,0.8974855,0.1341439,1.164071,0.7935323,0.006617673
sa09,0.8790476,0.9058672,0.1264342,0.6810574,0.9839603,0.009802795
sa03,0.8397335,0.8610837,0.08333095,0.571257,0.9767324,0.004779495
sa13,0.8139104,0.8929577,0.11494,1.392601,0.9227491,0.01611397
sa18,0.6314323,0.8631841,0.1986086,1.033787,0.9060633,0.02055456
sa23,0.5551396,0.8630952,0.1295215,1.237595,0.9631231,0.01454782
sa28,0.7545351,0.9408784,0.04444192,0.7662383,0.8838559,0.007619677
sa09,0.4704782,0.8918219,0.1749976,0.5714311,0.9841025,0.008675007
sa03,0.3888946,0.7970803,0.1838751,0.8699899,0.9664111,0.005777668
sa13,0.8567491,0.937931,0.08045729,1.284449,0.9341489,0.01689494
sa18,0.4645796,0.7679228,0.1131459,1.043778,0.896951,0.02004956
sa23,0.7392222,0.8836806,0.09755862,1.233576,0.9770707,0.01421039
sa28,0.7226412,0.8648019,0.07918987,0.7385787,0.8416441,0.006879394
sa09,0.8852018,0.9309002,0.1829243,0.838528,0.9743978,0.009170267
sa03,0.7741725,0.8125,0.04761673,0.7372994,0.9680426,0.005989857
sa13,0.8490608,0.8966667,0.02631374,1.132354,0.9529275,0.01876344
sa23,0.6305351,0.8857143,0.09722012,1.453804,0.9709026,0.01425946
sa18,0.5761949,0.7833333,0.1848714,0.969687,0.9073681,0.02070577
sa28,0.7254048,0.6909722,0.06277616,0.5521051,0.8144916,0.005505847
sa09,0.779382,0.9378399,0.1267584,1.155001,0.9744262,0.008969861
sa03,0.6029684,0.829932,0.03529601,0.5454769,0.938529,0.004741574
sa13,0.5225333,0.7948718,0.08756494,1.097029,0.9467253,0.018621
sa23,0.441224,0.7739726,0.07142621,0.9428732,0.976027,0.01279427
sa28,0.6237516,0.8380952,0.05746883,1.097038,0.8462736,0.007075182
sa09,0.6387394,0.8287105,0.1299628,0.5848865,0.9835868,0.00983176
sa18,0.7170812,0.8365352,0.2158672,0.9679319,0.9205913,0.01964667
sa03,0.6126712,0.7373737,0.09528545,0.9565154,0.9747276,0.00566727
sa13,0.8809481,0.96875,0.09195152,1.337254,0.9151656,0.01484243
sa23,0.5464642,0.85,0.1219488,0.9333847,0.9748599,0.01516347
sa28,0.2154184,0.7142857,0.01229232,1.230686,0.7865877,0.006112428
sa09,0.9667782,0.8679099,0.1071404,0.8931948,0.9698921,0.008954231
sa03,0.868575,0.9191919,0.1139217,0.8334,0.9744611,0.005311086
sa18,0.6545673,0.8622873,0.2304203,0.9694164,0.8899233,0.01951609
sa14,0.7651122,0.9814189,0.05194592,1.692718,0.939612,0.01364766
sa23,0.7573757,0.9143836,0.07894521,1.597897,0.9748565,0.01328824
sa28,0.6667764,0.8640249,0.1139217,1.310532,0.8190228,0.007020621
sa09,0.6789535,0.7946429,0.1144839,0.7953611,0.979156,0.009925704
sa03,0.3879103,0.7373737,0.07389815,0.5966549,0.9825232,0.006561983
sa19,0.9264166,0.90625,0.08162971,1.122497,0.9133726,0.005707217
sa23,0.4227568,0.8212898,0.08327294,1.215307,0.9732252,0.0126062
sa14,0.8832612,0.9448329,0.1168809,1.229901,0.9602231,0.01418462
sa28,0.677168,0.7035211,0.05813912,0.6973023,0.8417571,0.007521837
sa09,0.720154,0.9097222,0.1095869,0.7572183,0.9719911,0.009263735
sa03,0.4330253,0.7479046,0.07563697,0.789579,0.9850826,0.006372926
sa19,0.9652063,0.805202,0.1299969,0.9522542,0.9041787,0.005228875
sa23,0.7447291,0.9273649,0.06060415,0.8179811,0.9787157,0.01468841
sa28,0.7218524,0.8660764,0.1428544,0.8565721,0.8309554,0.006872024
sa14,0.6647565,0.8493151,0.07499775,1.44754,0.932083,0.01457144
sa09,0.7628733,0.8842269,0.1232855,1.119115,0.9744008,0.008104338
sa03,0.4436916,0.8812785,0.08333126,0.7075837,0.9809261,0.006094806
sa19,0.9862885,0.8873349,0.09090608,0.800573,0.8708042,0.005448105
sa23,0.7566671,0.9054187,0.08641745,1.227712,0.9788438,0.01416597
sa28,0.80322,0.6828998,0.07286856,0.6043413,0.8953368,0.007359052
sa09,0.9132869,0.9035714,0.1690118,0.8093754,0.9834238,0.009082905
sa14,0.7704568,0.9288194,0.1025618,1.162502,0.9610813,0.01362873
sa03,0.2161036,0.7814313,0.09999788,0.6442149,0.9798641,0.005846647
sa19,0.96438,0.8880282,0.1030899,1.040302,0.8791331,0.005495762
sa23,0.5960096,0.7634576,0.1315767,0.9283413,0.9753686,0.01356673
sa28,0.4911306,0.765493,0.08610902,1.082199,0.8201261,0.006528599
sa09,0.719882,0.8929577,0.1333311,0.6858531,0.9796494,0.009465596
sa03,0.7059428,0.9070946,0.0512799,0.8887015,0.9680455,0.005626628
sa14,0.6139814,0.9387755,0.06097333,1.259123,0.9445824,0.01419021
sa19,0.9780254,0.8536428,0.1145804,0.9856097,0.9354717,0.005554442
sa28,0.5811725,0.8459059,0.1309499,1.060456,0.8139712,0.00704636
sa24,0.8712895,0.8331516,0.2311133,0.997386,0.9506017,0.02354727
sa09,0.7175539,0.9413392,0.1666643,1.010323,0.9831829,0.0100606
sa03,0.6130266,0.7172414,0.06701088,0.9097275,0.9601171,0.00526798
sa14,0.4536847,0.9910515,0.03947161,1.394758,0.9509433,0.01333867
sa19,0.9539639,0.8459059,0.1122419,1.076885,0.9289164,0.005486222
sa28,-0.265251,0.6609589,0.02425293,0.6396162,0.8981788,0.006519979
sa09,0.7192552,0.8544218,0.05952147,1.035694,0.978139,0.009650473
sa03,0.529982,0.8707483,0.06172614,0.7805586,0.9305061,0.005669705
sa24,0.8733896,0.9043716,0.3999972,1.422784,0.9369001,0.02171133
sa14,0.6178566,0.8710046,0.07894521,1.101032,0.9491238,0.01355079
sa19,0.969571,0.8720238,0.1199969,1.220277,0.931374,0.005615592
sa28,0.2400694,0.6216006,0.0385938,0.4956881,0.7760633,0.004393295
sa09,0.6250178,0.896196,0.1358001,0.5281676,0.9767688,0.009254075
sa03,0.4992921,0.7769181,0.08632642,0.7170036,0.9743161,0.006493226
sa24,0.8057532,0.8569652,0.2249975,1.136231,0.9424186,0.02379799
sa14,0.8049985,0.9106449,0.1168809,0.7873832,0.9635121,0.01363545
sa28,0.1132676,0.5513699,0.02425293,1.046418,0.846559,0.007788516
sa19,0.9385485,0.8744048,0.1237084,1.017835,0.9234027,0.005741515
sa03,0.7441014,0.8428819,0.09302079,0.8213468,0.9759636,0.004915531
sa09,0.7048014,0.7808219,0.06976502,0.9115374,0.9830039,0.009630777
sa24,0.7293767,0.8304685,0.2499975,1.049902,0.9378635,0.02273671
sa14,0.7836287,0.9109589,0.07594714,1.286512,0.959357,0.01346164
sa03,0.8287579,0.9123264,0.1066645,0.6855346,0.9790071,0.006127507
sa29,0.9382425,0.722619,0.091984,0.9727006,0.9951162,0.01516189
sa19,0.9043575,0.9140625,0.07920482,1.577332,0.9177981,0.00587108
sa09,0.7315774,0.9001035,0.1686722,0.7267627,0.9818744,0.009580083
sa24,0.7446436,0.8515152,0.2300737,0.8456909,0.9638756,0.02339945
sa14,0.7283054,0.9482993,0.06328894,1.198999,0.9712119,0.01290682
sa03,0.4087672,0.7211268,0.1124979,0.9886487,0.9705176,0.006137591
sa29,0.9410326,0.7690972,0.04590284,0.6656262,0.9924127,0.01272879
sa09,0.6547301,0.8729064,0.08235053,0.6385545,0.9782597,0.00875119
sa19,0.9498929,0.8514085,0.09999692,1.085188,0.9309102,0.005722647
sa24,0.8184125,0.8649089,0.2936771,1.026188,0.9618784,0.02269901
sa14,0.6731186,0.966589,0.1139217,1.63504,0.9427058,0.01312232
sa03,0.2737484,0.6394089,0.01805361,0.9434401,0.9603687,0.005699832
sa09,0.5153684,0.8059113,0.08749772,0.5122865,0.9773769,0.008460308
sa29,0.3936873,0.7280405,0.02701096,1.344811,0.9886505,0.0162881
sa19,0.9632294,0.8789116,0.05050211,0.6575646,0.9405064,0.005676813
sa24,0.9015926,0.8884532,0.2207768,0.975182,0.9436216,0.02248408
sa03,0.1389741,0.5571096,0.0008761446,0.684987,0.9728992,0.005828318
sa14,0.7817857,0.9309859,0.1315767,1.268149,0.9591678,0.01410158
sa09,0.9062183,0.9383562,0.08107897,0.7194695,0.9835313,0.009471998
sa29,0.8670634,0.8461538,0.1184188,0.7611309,0.9959586,0.01820322
sa19,0.9932841,0.8942618,0.1122419,0.6352043,0.9110265,0.005850819
sa03,0.6537362,0.8167488,0.08749772,1.163748,0.971813,0.005464406
sa09,0.8895098,0.9793103,0.09722012,1.047225,0.9818517,0.01038819
sa14,0.7925147,0.8324653,0.1038939,1.27378,0.9355684,0.01363586
sa24,0.7561193,0.8760365,0.2014888,1.086001,0.9537184,0.02363236
sa29,0.6772978,0.9763514,0.04999779,1.395447,0.9815259,0.01436432
sa19,0.9366458,0.9036458,0.08247133,1.083061,0.9220337,0.005738417
sa03,0.6899071,0.8387324,0.1163742,0.7727174,0.9667462,0.005883722
sa09,0.8342805,0.8919708,0.1999976,0.7058791,0.9774295,0.008569435
sa14,0.618498,0.9771689,0.07692087,1.206862,0.9560198,0.01368154
sa24,0.7517459,0.8066158,0.2536772,0.7289147,0.9597617,0.02377256
sa29,0.6351067,0.7410072,0.09184693,0.7617917,0.9864964,0.01288681
sa19,0.945483,0.814881,0.1249971,0.5962918,0.9325434,0.005585687
sa03,0.4162118,0.7212838,0.02360896,1.252994,0.9721722,0.006312842
sa09,0.8232708,0.8774984,0.1358001,0.8230415,0.9793448,0.008817506
sa14,0.7522822,0.8538813,0.07407179,1.087643,0.9576155,0.01435807
sa29,0.7508308,0.7774648,0.1106273,1.012112,0.9942506,0.01635987
sa24,0.7383035,0.7340748,0.1857094,1.046432,0.9544059,0.02255733
sa19,0.9777741,0.9110251,0.1089077,1.38689,0.9036836,0.005803598
sa03,0.7254336,0.8135198,0.1184188,0.8514846,0.9730006,0.004888246
sa09,0.714273,0.8997669,0.1022702,1.182267,0.9731961,0.00881013
sa14,0.5945384,0.9828767,0.07407179,1.467933,0.9409555,0.01323803
sa29,0.9725874,0.8754258,0.2027003,0.9293332,0.9937009,0.01405551
sa24,0.7718181,0.7755245,0.2631554,1.021659,0.9579925,0.0218026
sa19,0.9420087,0.839881,0.1188087,1.227711,0.8914906,0.00488842
sa03,0.4587907,0.8322148,0.03999794,0.7269039,0.9828075,0.006188505
sa09,0.7608286,0.7947761,0.1780988,0.5136052,0.9853044,0.01039917
sa14,0.7418724,0.9768707,0.06666456,1.093112,0.932607,0.01384209
sa29,0.6269348,0.7375887,0.1043393,0.6376258,0.9897585,0.0163886
sa19,0.9685964,0.8547619,0.1212091,1.248101,0.8944444,0.00582728
sa24,0.781073,0.876399,0.1635142,1.202637,0.9337829,0.02209729
sa03,0.4732488,0.7583528,0.09210308,0.8750291,0.9570521,0.005952979
sa09,0.6728605,0.8975369,0.09090688,1.019592,0.9645717,0.008500309
sa29,0.7003978,0.8767123,0.08218969,1.21934,0.9925481,0.01330909
sa14,0.8398219,0.9652778,0.1052609,1.337152,0.952923,0.01446814
sa19,0.9911084,0.9119048,0.1188087,0.7966229,0.9121251,0.005506559
sa24,0.7998161,0.8729927,0.1923053,1.447635,0.9356673,0.02363506
sa03,0.6475843,0.8951049,0.1267584,0.7345006,0.9819065,0.005892985
sa09,0.8492648,0.8671832,0.1710503,1.172279,0.9780978,0.009707433
sa29,0.5906243,0.6484375,0.05981367,1.020935,0.994897,0.01500875
sa14,0.6568058,0.847973,0.05063073,1.461583,0.9559918,0.01337636
sa19,0.9502873,0.7880282,0.1020378,0.7751821,0.9293465,0.005587768
sa03,0.4284377,0.7021277,0.05833112,0.8762506,0.9788464,0.006617623
sa24,0.7653169,0.7873479,0.147357,1.254602,0.9413517,0.0228877
sa10,0.6121201,0.6494488,0.06233403,0.8837194,0.9126631,0.01697589
sa29,0.5921203,0.7459207,0.1157462,0.9149469,0.9916369,0.01517856
sa14,0.7474144,0.9725352,0.1282028,1.446162,0.9509881,0.01359895
sa03,0.1606613,0.6049261,0.04317468,0.4863217,0.9701728,0.005729762
sa19,0.9617317,0.785034,0.05208054,0.6174835,0.9445697,0.005591493
sa10,0.6805889,0.7707278,0.2579429,0.7715523,0.8884702,0.01621825
sa24,0.8451903,0.7994607,0.2083308,1.01095,0.9581977,0.02439393
sa29,0.4967732,0.7282789,0.09248254,0.5052963,0.9982386,0.01563295
sa14,0.6857458,0.9279514,0.1012635,1.161175,0.9640495,0.01401993
sa03,0.3813328,0.8041958,0.08280282,0.716901,0.9761342,0.005712213
sa19,0.9657308,0.8781431,0.1122419,1.425735,0.9507896,0.00618594
sa10,0.7389144,0.7748809,0.2833307,0.9542347,0.9130572,0.01617742
sa24,0.7400335,0.8257908,0.1684825,0.9561797,0.9540331,0.02333167
sa29,0.9675585,0.9088542,0.1095869,1.291779,0.9894513,0.01301365
sa03,0.2836557,0.7931973,0.06328894,0.9399178,0.9726838,0.005843386
sa14,0.7237588,0.9349754,0.08749772,1.629577,0.9300802,0.01331215
sa19,0.9685155,0.8452611,0.1133991,1.003575,0.892209,0.005326272
sa10,0.5200793,0.7099882,0.2599939,1.081438,0.8895385,0.01649905
sa24,0.9208503,0.8885039,0.316453,0.9751113,0.9524103,0.02263861
sa29,0.9259555,0.7845238,0.1116677,1.534735,0.9710022,0.01595563
sa03,0.1533033,0.6464646,0.05679216,0.6887354,NaN,0.005614236
sa14,0.7729671,0.9683099,0.1298678,1.257018,0.9489049,0.01413495
sa19,0.9856813,0.8816327,0.05050211,1.059696,0.9060897,0.005481564
sa10,0.6624052,0.7213115,0.224087,0.8457449,0.8906249,0.01616075
sa24,0.715016,0.826972,0.2592566,0.8993457,0.960124,0.02698212
sa03,0.6776496,0.7899306,0.1025618,1.204154,0.951678,0.005212735
sa29,0.5392266,0.6942568,0.05063073,1.09913,0.9792697,0.01714429
sa14,0.8029284,0.9184028,0.1012635,1.232715,0.9580012,0.01319837
sa19,0.9857356,0.8665377,0.1078399,1.681496,0.8899603,0.004627753
sa10,0.5846206,0.6802083,0.1786989,0.8146925,0.9276913,0.01645586
sa24,0.7814035,0.8237005,0.2165602,1.139599,0.9491249,0.02209287
sa03,0.3795029,0.7300347,0.06391798,1.323405,0.9680385,0.005864619
sa29,0.8213916,0.7303313,0.1443205,1.330482,0.9817704,0.01464427
sa19,0.985639,0.8492611,0.07142565,1.306041,0.8885233,0.005024768
sa14,0.7892508,0.9486301,0.07894521,1.071405,0.9440335,0.01373553
sa10,0.4445461,0.7072781,0.2142457,0.8607624,0.9181415,0.01859458
sa04,0.9578868,0.9904514,0.08988507,1.216548,0.9280627,0.009469874
sa24,0.8532864,0.864252,0.2543698,1.138728,0.9458803,0.02370475
sa29,0.7976345,0.8018648,0.1184188,0.7535961,0.9901098,0.01297464
sa10,0.5446557,0.7659505,0.1983676,0.6852178,0.9347305,0.0191217
sa14,0.6510208,0.9428571,0.08974136,1.555678,0.921659,0.0134956
sa19,0.9784318,0.9253472,0.08162971,1.071319,0.9226328,0.005696457
sa04,0.8599502,0.9348958,0.09411521,1.121295,0.9482383,0.008470244
sa24,0.9263765,0.8567577,0.3066641,0.9174691,0.962533,0.02366247
sa29,0.647549,0.7518382,0.1315767,0.7595261,0.994305,0.01693501
sa10,0.6253572,0.7179259,0.1881473,1.128207,0.910626,0.01671182
sa19,0.9322303,0.8531469,0.0927806,1.153411,0.9043261,0.004913473
sa14,0.6331858,0.9513889,0.09755862,1.59834,0.9375197,0.01342166
sa04,0.9398195,0.9479801,0.1529386,0.9140585,0.9645199,0.008431124
sa24,0.8044484,0.8088235,0.1999975,1.356327,0.9496099,0.02416383
sa29,0.9223728,0.9084507,0.1315767,0.8425364,0.9892061,0.01488679
sa10,0.4056587,0.7188113,0.1989364,0.962174,0.9348658,0.01798515
sa19,0.9761295,0.9098679,0.0927806,1.15612,0.8809962,0.005601902
sa14,0.7423259,0.9254079,0.1199978,1.4538,0.9610186,0.01439415
sa04,0.8661711,0.8926202,0.1836704,0.8103426,0.9697599,0.008383168
sa29,0.7547958,0.7773973,0.07999786,0.8769507,0.994897,0.01612983
sa24,0.8523395,0.8777574,0.1814695,1.089202,0.9458592,0.02243733
sa10,0.5220694,0.6319444,0.151686,0.4947842,0.9385385,0.01702993
sa19,0.9119333,0.8669014,0.1041638,1.056428,0.9347443,0.005505168
sa14,0.7367879,0.8699324,0.05063073,1.530416,0.9529634,0.01433261
sa04,0.9268085,0.9513889,0.09755862,0.9871404,0.9562522,0.008382756
sa29,0.9344708,0.8838028,0.1282028,1.059596,0.9807844,0.01246103
sa10,0.7467196,0.7648352,0.2585374,0.7373056,0.8875534,0.01529374
sa24,0.7058075,0.8304685,0.2347197,1.23986,0.9549039,0.02491448
sa19,0.9702614,0.8892694,0.0606031,0.8474767,0.9057862,0.005808441
sa14,0.6056119,0.9210069,0.1025618,1.088772,0.9627759,0.01469845
sa04,0.9253165,0.9536946,0.07777519,1.115732,0.9485538,0.008197852
sa29,0.9298112,0.8504141,0.1944421,0.9074545,0.9884434,0.01513209
sa10,0.6458939,0.7469475,0.1811836,0.713889,0.94012,0.0187972
sa19,0.9574734,0.9098174,0.06122158,0.8146044,0.9394544,0.004958748
sa24,0.7992618,0.8090909,0.2521216,1.23802,0.9539497,0.02454556
sa14,0.6844562,0.8985222,0.08974136,1.16579,0.9490873,0.01404472
sa04,0.9269078,0.9285159,0.1034458,1.21646,0.9486793,0.008203538
sa29,0.862661,0.7020408,0.04123151,1.227079,0.9909556,0.0160518
sa10,0.4917785,0.6459209,0.0961921,0.3791984,0.9278711,0.01588064
sa19,0.9856041,0.8679099,0.0891058,1.275277,0.9288573,0.005727035
sa24,0.6959658,0.7984848,0.2438998,0.7545508,0.9595312,0.02161982
sa14,0.6607478,0.9414966,0.06410039,1.289712,0.9353004,0.01349547
sa04,0.9169838,0.9392361,0.08988507,1.110433,0.9605841,0.008174534
sa10,0.4411263,0.672471,0.090069,0.8816297,0.9204798,0.01751534
sa29,0.9630764,0.8774648,0.1219488,0.6501404,0.99042,0.01485753
sa19,0.9919003,0.8677366,0.1313101,0.7432542,0.9235122,0.005512619
sa24,0.9282954,0.8718954,0.1944565,1.063186,0.9521768,0.02317914
sa14,0.6879045,0.9527027,0.05333125,1.336324,0.9435644,0.01339515
sa04,0.8933389,0.9190476,0.130432,1.389333,0.9625765,0.008179217
sa10,0.749861,0.7511521,0.1692688,0.7706051,0.946055,0.01850968
sa29,0.9377519,0.8084507,0.08246496,0.839941,0.9937561,0.01486209
sa19,0.9811815,0.859375,0.08247133,0.726685,0.9279551,0.005809552
sa14,0.7127328,0.9487685,0.09090688,1.271415,0.9593717,0.01338511
sa24,0.8658327,0.8420455,0.2597377,1.195752,0.9557949,0.02719941
sa04,0.781071,0.965812,0.1071404,0.858724,0.9563096,0.008787994
sa10,0.5781782,0.7390029,0.1712721,0.925082,0.9299799,0.01695262
sa29,0.7031659,0.8375242,0.1184188,0.9430984,0.9942162,0.01654547
sa19,0.8408436,0.8527947,0.1368392,0.9600693,0.9224756,0.005636504
sa14,0.7920023,0.902968,0.07894521,1.418216,0.9280332,0.01270135
sa24,0.9080184,0.8760451,0.2799975,1.190986,0.9604285,0.02436863
sa10,0.6765773,0.6802862,0.2569769,0.8619129,0.9098185,0.01656208
sa04,0.9160189,0.9470486,0.08988507,0.955929,0.967644,0.008222361
sa29,0.757693,0.7428571,0.06458659,1.397325,0.9888581,0.01421243
sa19,0.9763632,0.9320197,0.07070409,1.132038,0.9265601,0.005569096
sa14,0.7116384,0.9288732,0.1249977,1.119531,0.9561612,0.01440692
sa24,0.8479386,0.8791209,0.3027544,1.199527,0.9430779,0.02435147
sa10,0.6845815,0.7437063,0.1503788,0.9521573,0.902452,0.01558868
sa04,0.9626462,0.9509994,0.1208764,1.354136,0.950693,0.008385222
sa29,0.4301861,0.75,0.1442484,0.7328233,0.9831401,0.01292581
sa19,0.9742441,0.8741259,0.09183378,1.349302,0.9002498,0.005122355
sa14,0.8474616,0.9542254,0.1315767,1.269798,0.9704015,0.01388105
sa24,0.8648733,0.9182116,0.2837813,0.8381565,0.9575664,0.02297423
sa10,0.4895354,0.6292262,0.190747,0.8930695,0.9290804,0.01890071
sa04,0.9420237,0.9497099,0.1264342,1.186451,0.9553664,0.009162579
sa29,0.758325,0.8390411,0.08333126,0.7196127,0.994759,0.01755795
sa19,0.983859,0.8965517,0.06999697,1.290133,0.8890729,0.005548448
sa14,0.7837245,0.9142857,0.08860534,1.239318,0.9421108,0.01336939
sa24,0.8687209,0.7917088,0.2803438,1.20675,0.9420069,0.02396824
sa10,0.7848503,0.8229805,0.208241,0.8435595,0.9143019,0.01633283
sa04,0.9256063,0.926499,0.1249974,1.235637,0.9352749,0.008445812
sa29,0.3881409,0.7521368,0.08052984,0.5469154,0.9948656,0.01430532
sa19,0.9856273,0.7962605,0.1122419,1.167437,0.9415865,0.005484336
sa14,0.7112953,0.9592014,0.1012635,1.154316,0.9496095,0.01416139
sa10,0.3090623,0.6892552,0.1724294,0.8921999,0.9152688,0.01854282
sa24,0.7714246,0.8500169,0.2705855,1.183875,0.9664205,0.02292212
sa04,0.8691167,0.9679054,0.04650924,1.0629,0.9627297,0.00863563
sa29,0.9245045,0.8715328,0.1763664,1.197524,0.9759306,0.01268712
sa19,0.9834702,0.8847032,0.05940287,1.070003,0.9536078,0.005539517
sa14,0.7063479,0.9378399,0.1124977,1.314118,0.9620327,0.01352624
sa10,0.7244069,0.6991803,0.1638865,0.6433308,0.9262826,0.016408
sa24,0.7202009,0.7685039,0.2457118,0.9280171,0.9578318,0.0272872
sa04,0.8999807,0.9521127,0.1111085,0.9774462,0.9517658,0.008897839
sa29,0.5668933,0.8428334,0.1521292,1.259098,0.9891315,0.01400448
sa19,0.9777729,0.9114219,0.08999694,1.063917,0.894256,0.005616014
sa14,0.6850047,0.8755708,0.07594714,1.336978,0.9428019,0.01505421
sa10,0.3117773,0.5909771,0.1111666,0.4644871,0.9430647,0.01592796
sa24,0.8360918,0.8118867,0.2976597,1.033705,0.9684245,0.02511916
sa04,0.9082812,0.9184149,0.1046487,0.8457603,0.9644449,0.008747111
sa29,0.9211028,0.8157635,0.06340739,0.8975255,0.9882507,0.01496477
sa19,0.965765,0.8854167,0.08080509,1.093868,0.9233853,0.005168862
sa14,0.8399997,0.9097222,0.1012635,1.249786,0.9451248,0.01355523
sa10,0.3444645,0.6686198,0.1073147,0.9634974,0.9180382,0.01621641
sa24,0.9267178,0.8669399,0.3582425,1.095397,0.956423,0.02287262
sa04,0.8741771,0.9456099,0.1022702,0.9937326,0.9622989,0.008546271
sa29,0.9172081,0.8600985,0.1014472,0.6343991,0.9954582,0.01682098
sa19,0.982123,0.8637153,0.07842822,1.311868,0.9256332,0.005198226
sa14,0.7040148,0.8827586,0.06340739,1.349281,0.945659,0.0127957
sa10,0.7622111,0.7427353,0.1867613,0.5775894,0.925427,0.01663598
sa04,0.9400841,0.9241379,0.07291384,0.7809419,0.9561855,0.009274609
sa24,0.911399,0.890625,0.26966,0.7586319,0.9542917,0.02242455
sa29,0.9330308,0.7909868,0.1249978,1.019738,0.9905922,0.01472033
sa19,0.985938,0.8489796,0.049997,1.082979,0.9182283,0.005169281
sa10,0.4491732,0.6752137,0.1828157,0.629124,0.9416327,0.01875774
sa14,0.6528047,0.8906404,0.09459245,1.054885,0.9613542,0.01413057
sa04,0.9019351,0.9703196,0.06976502,1.308161,0.952033,0.008677661
sa29,0.7500506,0.8159722,0.117645,0.9985378,0.9881694,0.01220371
sa24,0.562105,0.8105307,0.187357,1.064472,0.9508083,0.02399124
sa19,0.9656894,0.8185764,0.08420772,1.228828,0.8779343,0.005377434
sa10,0.3842717,0.6285104,0.1270973,0.6217124,0.9041224,0.01810444
sa14,0.7916123,0.902381,0.1578924,1.092412,0.9632697,0.0138954
sa04,0.8630425,0.921831,0.1136338,0.8419095,0.9420386,0.008624414
sa29,0.763025,0.7340183,0.03767858,0.7396976,0.9930332,0.01468725
sa19,0.9701152,0.8618721,0.0588204,1.218322,0.9370684,0.005511878
sa24,0.8540271,0.8492424,0.2105239,1.106952,0.9493579,0.02233097
sa10,0.6009353,0.7084288,0.1884839,1.040673,0.9125081,0.01739877
sa14,0.6917329,0.9315068,0.07692087,1.37592,0.9585199,0.01419669
sa04,0.8783203,0.9814189,0.04395348,0.9185636,0.9378813,0.01019897
sa29,0.9027325,0.8585069,0.1095869,1.044558,0.9959313,0.01701423
sa19,0.8933102,0.81621,0.05999699,1.201707,0.9028169,0.005679192
sa24,0.831337,0.8686189,0.2638864,1.324324,0.9437068,0.02269749
sa10,0.5992969,0.6700758,0.08501512,0.4481916,0.9301692,0.01614088
sa14,0.840646,0.9389163,0.09210308,1.389926,0.9565877,0.0129594
sa29,0.5460608,0.7101787,0.1179192,0.6593847,0.9960067,0.01611814
sa04,0.9443806,0.9596059,0.07954294,1.049852,0.9458491,0.00811231
sa19,0.9868851,0.9305556,0.07999696,1.139464,0.9108865,0.005413581
sa24,0.6457642,0.825,0.1255396,1.066619,0.9597679,0.02465588
sa10,0.5423924,0.7560484,0.2184611,0.8717189,0.914719,0.01579039
sa14,0.7640007,0.8817734,0.09090688,1.393558,0.9577654,0.01345316
sa29,0.819882,0.7846551,0.1466644,1.134454,0.9850093,0.01466852
sa04,0.9749209,0.9774306,0.08601879,0.8723747,0.9506769,0.008645771
sa19,0.8839281,0.8682432,0.04210253,0.9877258,0.9182712,0.00560126
sa24,0.7163665,0.793394,0.2499975,0.7427013,0.9604994,0.02604504
sa10,0.3759858,0.6585366,0.1765302,0.8421079,0.912911,0.01944984
sa14,0.7212668,0.9140625,0.1038939,1.375099,0.9512415,0.01339517
sa29,0.6898539,0.8150738,0.09528545,0.9335108,0.9905919,0.01641963
sa04,0.9325473,0.9677627,0.1294093,1.202199,0.9598932,0.009005378
sa19,0.9768923,0.9035211,0.1020378,1.143253,0.889165,0.00552082
sa10,0.5230446,0.7399194,0.231183,0.7325369,0.9211159,0.0191216
sa24,0.893004,0.8473502,0.3624973,1.200759,0.9386241,0.02409718
sa14,0.7112546,0.9191919,0.1111088,1.720387,0.9549625,0.01405355
sa29,0.8659034,0.8640845,0.1388867,0.9935875,0.9966208,0.01410418
sa04,0.8958464,0.9432789,0.09889844,1.082627,0.9518075,0.008666383
sa20,0.6921801,0.7821181,0.08624381,1.214127,0.8651075,0.01051743
sa10,0.4821089,0.6677881,0.197366,0.7896937,0.9007495,0.01868063
sa24,0.4912668,0.8006993,0.1958309,1.104221,0.9427547,0.02725974
sa15,0.6479762,0.7732143,0.1335207,1.008872,0.6809682,0.008890721
sa29,0.649464,0.7618243,0.0299059,1.136007,0.9960484,0.0161005
sa20,0.9387474,0.8307292,0.09302079,0.9214732,0.8895741,0.009450919
sa04,0.9076317,0.960373,0.1022702,1.274325,0.9553982,0.008508789
sa10,0.3222018,0.629136,0.03894756,0.9387613,0.9448392,0.0181861
sa15,0.6920418,0.7313869,0.1264067,1.041177,0.7238773,0.008462872
sa24,0.8996778,0.8251545,0.2428942,0.9678221,0.9640926,0.02501874
sa29,0.9066569,0.8813669,0.1466644,0.8068851,0.9935381,0.0161446
sa20,0.7999559,0.8922535,0.1162766,1.16838,0.8487203,0.01014186
sa04,0.935505,0.9605634,0.1111085,1.123007,0.9613643,0.009050204
sa10,0.391688,0.6808889,0.1174193,1.198852,0.9298008,0.018741
sa15,0.9281515,0.8126362,0.196539,0.9824195,0.7399402,0.01119457
sa24,0.9433584,0.8709933,0.2209275,1.007818,0.9483533,0.02446787
sa29,0.8045064,0.8824201,0.07058584,0.9550107,0.9947194,0.01612338
sa20,0.8883636,0.8454861,0.09523569,1.230872,0.8147175,0.008848901
sa04,0.9026585,0.943662,0.1136338,1.078109,0.9581895,0.008680119
sa15,0.6893248,0.6636166,0.04837667,0.9887515,0.7306152,0.008006542
sa10,0.794167,0.6937261,0.2043266,0.7430419,0.9003904,0.01629692
sa24,0.8324231,0.8621324,0.1898798,1.110733,0.9538319,0.02655348
sa20,0.7906073,0.9019987,0.1410233,0.9532049,0.8761209,0.00983788
sa29,0.7027644,0.8140845,0.12658,0.8019475,0.9938592,0.01590113
sa04,0.9663655,0.9697183,0.1162766,1.146908,0.9473855,0.008867108
sa15,-0.01243126,0.5226277,0.0343118,0.8803946,0.7771015,0.01149682
sa10,0.3233699,0.7097021,0.2170706,1.040545,0.9250122,0.01938635
sa20,0.7876654,0.9223744,0.07228682,1.364683,0.8461141,0.009684059
sa29,0.9598187,0.8438228,0.1216194,1.015756,0.9959548,0.01527719
sa24,0.7155475,0.8793581,0.1624976,1.480098,0.9553995,0.02603176
sa04,0.9176185,0.9589041,0.06896306,1.318467,0.9277959,0.009176458
sa15,0.5294345,0.6463516,0.09963958,1.015213,0.7580479,0.009796234
sa10,0.561899,0.7390329,0.2026499,0.827165,0.9311304,0.0157395
sa20,0.8811936,0.9114907,0.1866643,0.8519407,0.9156382,0.01095738
sa29,0.7981209,0.752381,0.1161516,1.414659,0.987119,0.0146535
sa24,0.7452482,0.7898601,0.2613216,1.058337,0.9617473,0.02548018
sa04,0.9038682,0.9549296,0.1052603,0.8588336,0.9498142,0.009488535
sa15,0.8299126,0.8212507,0.1618627,0.9083164,0.7989714,0.01302636
sa20,0.3800087,0.8236208,0.0740121,1.404908,0.8541014,0.009673903
sa29,0.4739156,0.791133,0.08974136,1.056121,0.9943942,0.01547732
sa24,0.7341395,0.8445274,0.2044328,1.328639,0.9439208,0.02215043
sa15,0.5489514,0.705184,0.1234395,0.9024745,0.8012673,0.0115421
sa04,0.9649668,0.967118,0.1182768,1.129225,0.9494981,0.008432373
sa20,0.7924541,0.8725719,0.1034458,1.103015,0.882591,0.009914681
sa30,0.9333582,0.8807882,0.09090688,2.835667,0.6898225,0.01145581
sa10,0.4341048,0.6336367,0.06866172,0.3523361,0.9356473,0.01636411
sa25,0.5135767,0.6633803,0.07059415,1.007369,0.9847363,0.01431376
sa15,0.5833168,0.6838148,0.1349411,0.9617759,0.7414909,0.008494858
sa04,0.9435912,0.9803571,0.146339,1.294329,0.9620284,0.008969348
sa20,0.6066593,0.8655789,0.1153823,1.095182,0.8796064,0.01068162
sa30,0.9284055,0.8699507,0.08860534,1.969495,0.6921046,0.009843823
sa10,0.4611659,0.7265326,0.2368396,0.9377915,0.9058785,0.01885862
sa25,0.3766562,0.7274306,0.0381939,0.8697909,0.9839752,0.01456577
sa15,-0.298558,0.5364281,0.004036799,0.9836571,0.70716,0.007011774
sa04,0.9321534,0.9370629,0.1034458,1.004481,0.9588465,0.008423784
sa20,0.7642657,0.8272569,0.08177196,1.234536,0.8651207,0.0106147
sa30,0.9889953,0.9024631,0.08433499,5.160987,0.6885591,0.01259143
sa10,0.183872,0.6529915,0.1448615,0.583136,0.9188789,0.01581094
sa25,0.1616709,0.7945205,0.05583288,1.138523,0.979363,0.01409019
sa15,0.5709951,0.6049882,0.08505546,0.9396938,0.804685,0.01293705
sa04,0.9350226,0.9440639,0.0674132,1.192294,0.9634292,0.008168134
sa20,0.8107768,0.7803571,0.1116677,1.173231,0.8814538,0.009729765
sa30,0.9430183,0.937931,0.07864914,5.971074,0.654117,0.01075981
sa10,0.5010156,0.6935484,0.1842082,0.4952138,0.9295954,0.01603165
sa25,0.5355643,0.8237847,0.09876311,1.379799,0.9911812,0.01410678
sa15,-0.001656365,0.6640877,0.06616539,0.9980835,0.7972075,0.01078395
sa20,0.8647716,0.9005439,0.1216194,0.7251328,0.9244353,0.0104557
sa04,0.8650801,0.957265,0.1071404,1.105783,0.9629635,0.008496281
sa30,0.9792563,0.9073892,0.08333095,3.146382,0.6695058,0.01040541
sa10,-0.04188645,0.6033986,0.0477901,0.5072933,0.9259339,0.01967378
sa15,0.526201,0.6796875,0.08174572,1.109783,0.7160749,0.008921939
sa25,0.2868676,0.7339901,0.06110889,1.350663,0.9925736,0.01415889
sa20,0.8367148,0.9310123,0.1486464,1.277513,0.8878598,0.01018555
sa30,0.9315018,0.8837438,0.08749772,4.312749,0.6621078,0.01120396
sa04,0.9264096,0.9561573,0.1392382,1.474385,0.9417609,0.007989846
sa10,0.46063,0.6104167,0.08877877,0.8040201,0.9083483,0.0166147
sa15,0.9735669,0.7403493,0.07562824,0.8848103,0.7469538,0.01102554
sa25,0.6309624,0.7338028,0.1018689,1.520201,0.9890555,0.01418011
sa20,0.7914346,0.9063147,0.1917785,1.224331,0.8846813,0.01024291
sa30,0.9862928,0.9339901,0.08641745,4.964098,0.674081,0.01098784
sa04,0.9169308,0.9743842,0.07291384,1.016724,0.9523574,0.008894443
sa15,0.6180564,0.7291667,0.06132205,0.9818717,0.7725771,0.0106078
sa10,0.4464292,0.6967213,0.1374977,0.9442468,0.9028228,0.01710351
sa25,0.7118154,0.8940972,0.1025618,1.046333,0.9892337,0.01284843
sa20,0.7155651,0.9088435,0.06172614,0.8629837,0.8675127,0.009914133
sa30,0.8883239,0.9044335,0.07954294,3.837282,0.6909317,0.0107582
sa04,0.9471454,0.9544513,0.1573007,1.282977,0.9465959,0.01022244
sa25,0.5993937,0.8208333,0.1425817,1.211558,0.975507,0.01457533
sa15,0.3042296,0.6579426,0.08116511,1.091639,0.7423474,0.01093387
sa10,0.8579446,0.7263825,0.1793916,0.6633192,0.8858701,0.01523133
sa20,0.782085,0.7760563,0.07386634,1.137225,0.8731749,0.01050716
sa30,0.9763397,0.8600985,0.08749772,2.423466,0.7180828,0.01271454
sa04,0.9409375,0.9618566,0.1797726,1.074414,0.9696207,0.008150316
sa15,0.8198764,0.7148418,0.1329729,1.007397,0.7151069,0.006856595
sa25,0.8332025,0.8359213,0.1390649,0.9597608,0.9934261,0.0139614
sa10,0.1668062,0.5590164,0.1324963,0.7044095,0.9341736,0.01849025
sa20,0.9484199,0.8693968,0.1624976,1.04844,0.8809925,0.01048047
sa30,0.9402695,0.9428571,0.0813929,3.425461,0.7044339,0.01254282
sa04,0.8584863,0.9684729,0.07777519,0.9396791,0.9769612,0.01070181
sa15,0.7923897,0.7053514,0.08193077,1.200205,0.647029,0.007297841
sa10,0.4908109,0.6318182,0.06190005,0.778434,0.903354,0.01783963
sa25,0.853204,0.8068622,0.111841,1.197004,0.9964393,0.01317632
sa20,0.9052895,0.8394097,0.09876311,0.8419055,0.8897544,0.01037683
sa30,0.9460846,0.9458128,0.08235053,5.500758,0.6454293,0.01046428
sa04,0.9038766,0.8842269,0.06906968,1.108446,0.9626871,0.008437044
sa15,0.8489027,0.7244638,0.114632,0.9602348,0.7835441,0.01046959
sa25,0.9214211,0.8575113,0.1146893,1.251263,0.9964707,0.01264629
sa10,0.4498429,0.6226959,0.09563187,0.9557534,0.9084392,0.01720044
sa30,0.9682135,0.8660099,0.07954294,3.433964,0.6146857,0.01125625
sa20,0.5141117,0.8402778,0.09523569,1.225699,0.8413271,0.009075047
sa04,0.9170905,0.9223744,0.06976502,1.247479,0.9674684,0.008310859
sa15,0.4089246,0.6382576,0.05017731,0.9711291,0.7161991,0.01002216
sa11,0.7759327,0.8744292,0.07316842,0.8036212,0.9013685,0.005582962
sa25,0.6727702,0.8922535,0.1234544,1.717206,0.9829347,0.01300605
sa30,0.9178814,0.9004926,0.08235053,3.780959,0.6239064,0.0105566
sa20,0.7826061,0.9410714,0.1518964,1.276335,0.8419132,0.01011784
sa04,0.8052326,0.9470486,0.09195152,1.329595,0.9493207,0.008394507
sa15,-0.05577701,0.5635074,0.01315587,0.709407,0.7501009,0.01118585
sa11,0.6332784,0.7918367,0.04399038,1.209784,0.852091,0.005229359
sa30,0.8934041,0.8650246,0.09090688,2.574151,0.6939708,0.01139558
sa20,0.889643,0.9444444,0.1038939,0.9914631,0.8536449,0.009405304
sa25,0.535023,0.7615764,0.06224854,1.242398,0.9934906,0.01329877
sa11,0.7313835,0.8744292,0.06593146,0.516414,0.8991578,0.005326332
sa15,0.7307485,0.743366,0.1757681,1.036887,0.7597617,0.008839143
sa04,0.8985921,0.9611486,0.04761673,1.11428,0.9688975,0.007987436
sa30,0.9220978,0.8689655,0.08974136,2.030767,0.6715295,0.01125883
sa20,0.7910028,0.9191919,0.09210308,1.151277,0.8572513,0.008934088
sa25,0.6213983,0.7673611,0.09876311,1.543215,0.9915172,0.01360101
sa11,0.6380411,0.9075342,0.07142621,1.070384,0.8566521,0.005753407
sa30,0.9699468,0.8394089,0.08860534,3.010203,0.6363073,0.01230541
sa15,0.5366601,0.6627737,0.06659424,0.8455654,0.781569,0.01080622
sa04,0.9105849,0.9355089,0.1034458,1.10005,0.9545723,0.00856034
sa20,0.6724664,0.8576605,0.1686722,1.002587,0.9018001,0.0109702
sa25,0.6003263,0.7450704,0.07221998,1.41529,0.9742128,0.01379747
sa11,0.3438045,0.6163265,0.01057533,0.5585852,0.9277461,0.005791746
sa30,0.910159,0.853202,0.05888274,2.309567,0.7154075,0.01183194
sa15,0.6198033,0.7039337,0.09943772,0.947576,0.7415805,0.009134906
sa20,0.5514642,0.8741319,0.1081059,0.9420933,0.8944708,0.01024687
sa04,0.8479235,0.9330049,0.07368143,1.000111,0.9461607,0.008054923
sa25,0.5556749,0.8118227,0.09722012,0.7006052,0.9831512,0.01491561
sa11,0.3850673,0.6699507,0.03125321,0.5241219,0.9161759,0.00489007
sa30,0.9310341,0.9477833,0.0813929,5.790399,0.6460397,0.0102875
sa15,0.6962555,0.7026764,0.1141436,0.9776935,0.8265044,0.01556755
sa20,0.7854999,0.9877551,0.06756548,1.241366,0.8772684,0.0101563
sa04,0.9365273,0.9802817,0.1111085,1.076996,0.9375046,0.009016419
sa25,0.6767421,0.8591133,0.08433499,0.962472,0.9880088,0.01322235
sa11,0.6566002,0.8847291,0.09333117,0.998528,0.8758129,0.005343307
sa30,0.9642313,0.9270936,0.08433499,3.314418,0.6908713,0.009991334
sa15,0.3359966,0.8204225,0.1022707,1.064551,0.7234216,0.00920473
sa20,0.7412324,0.9207459,0.1249978,1.14112,0.912813,0.01093495
sa04,0.9592516,0.9497537,0.07864914,1.294739,0.9408894,0.008050416
sa25,0.7389208,0.8508159,0.1184188,1.230561,0.9955893,0.0140769
sa11,0.6859255,0.76,0.02631374,0.7925443,0.9112365,0.005817627
sa30,0.9179994,0.8847291,0.08749772,2.58041,0.6696173,0.01205032
sa15,0.1262463,0.5413603,-0.01252144,0.9406414,0.7231515,0.009984429
sa20,0.7290201,0.9027778,0.0999977,1.013221,0.8288238,0.008438296
sa05,0.6937773,0.8020632,0.1374976,0.4999533,0.9889594,0.01501002
sa25,0.7037921,0.8053528,0.147357,1.361281,0.9860823,0.01434399
sa30,0.9607359,0.8857143,0.07864914,4.71123,0.6609549,0.01025907
sa11,0.3671148,0.8385417,0.07490674,0.7921219,0.9268721,0.006610985
sa20,0.7035024,0.9253521,0.1333311,1.113283,0.8716533,0.01022135
sa15,0.6085546,0.7567288,0.0675938,1.04831,0.7588567,0.01030525
sa05,0.9172691,0.859589,0.08333126,0.6713523,0.9899831,0.0140307
sa25,0.6628653,0.8368056,0.08177196,1.180457,0.9950932,0.01348855
sa11,0.8534376,0.7820946,0.02701096,0.7734039,0.9066488,0.006580183
sa30,0.8855203,0.8738916,0.07864914,2.747425,0.6970015,0.01082489
sa20,0.8621701,0.9394977,0.07594714,1.168309,0.8353929,0.00949511
sa15,0.8626965,0.7035714,0.08749791,1.030044,0.7756657,0.01090042
sa05,0.8010214,0.8374384,0.08860534,0.5292131,0.9853314,0.01210518
sa25,0.1359538,0.4037162,-0.02562963,0.5984155,0.9842937,0.01293126
sa30,0.9165138,0.8758621,0.08433499,2.98315,0.6276957,0.009948589
sa11,0.8322233,0.8489583,0.08988507,0.4885188,0.898142,0.005607212
sa20,0.9218773,0.8937465,0.1585341,1.523363,0.8099917,0.008206641
sa15,0.4920661,0.6796875,0.08174572,0.8423157,0.7742969,0.0106145
sa05,0.8490097,0.7864583,0.08472014,0.6267388,0.9888139,0.01475759
sa25,-0.2232597,0.4513889,-0.02007405,0.7444168,0.9956466,0.01466942
sa30,0.9850419,0.8995074,0.08974136,5.091363,0.611809,0.009041493
sa11,0.5981087,0.828169,0.08246496,1.132954,0.8329104,0.005434346
sa20,0.7742948,0.8954068,0.1340613,0.8715033,0.8658499,0.009878249
sa15,NA,0.5414079,-0.007004636,0.9664588,0.7054518,0.009835056
sa05,0.7163887,0.8585069,0.1025618,0.8695125,0.9652133,0.01309884
sa25,0.6205188,0.7847708,0.1058799,0.728455,0.9922104,0.01537053
sa30,0.9257119,0.8689655,0.0813929,2.872407,0.6311886,0.01143492
sa11,0.7287583,0.8647887,0.09393861,0.6025197,0.9212321,0.004879115
sa20,0.8953416,0.9250919,0.2077898,1.206794,0.8808033,0.01051032
sa15,0.7339105,0.7119221,0.1141436,1.115813,0.7522521,0.009284893
sa05,0.8955508,0.8007042,0.1087989,0.991858,0.9739866,0.0141291
sa25,0.336869,0.6511267,0.02730866,0.7925767,0.9932693,0.0152237
sa30,0.9591233,0.9458128,0.08333095,4.483413,0.6222821,0.008595624
sa11,0.5443011,0.8903803,0.03749782,0.7620201,0.916697,0.005779567
sa20,0.7914666,0.8958819,0.1216194,1.242192,0.8739482,0.01001749
sa15,0.75424,0.8252723,0.1770594,0.9472951,0.7790163,0.01112589
sa05,0.9433512,0.9047619,0.07142656,0.7385907,0.9896899,0.01549797
sa30,0.9641401,0.9192118,0.08641745,2.95333,0.7121006,0.01153769
sa25,0.4544387,0.7508681,0.0583313,0.973188,0.9937656,0.0159056
sa11,0.3855337,0.9041096,0.07594714,0.7651218,0.8421467,0.005474581
sa20,0.7831814,0.9292517,0.06493291,1.094797,0.8882971,0.01033923
sa15,0.6349106,0.6152505,0.03947161,0.9567821,0.7873311,0.01156536
sa05,0.9210781,0.8407479,0.1486464,1.033389,0.97119,0.01192564
sa30,0.9204803,0.8512315,0.08860534,1.743445,0.7099083,0.01189432
sa11,0.6663059,0.8108844,0.03947161,1.320406,0.8456459,0.004993064
sa25,0.7826423,0.7140845,0.07221998,0.8750549,0.9882723,0.01412387
sa20,0.907402,0.9490651,0.1294093,0.9400786,0.8861141,0.009398731
sa15,0.5547658,0.6764813,0.1349227,0.9364268,0.8042156,0.01215944
sa05,0.9028944,0.9000645,0.1184188,0.8057833,0.9821503,0.01489549
sa30,0.9194661,0.8738916,0.05053511,2.817623,0.6862538,0.01141502
sa11,0.4885754,0.9192118,0.09999793,1.225066,0.9132506,0.005999184
sa25,0.6822487,0.7648402,0.04574593,1.317691,0.9907921,0.01289476
sa20,0.7243457,0.8202381,0.1402756,1.190045,0.8642192,0.01036277
sa15,0.6031675,0.5810736,0.03151069,1.066061,0.7399079,0.01033879
sa30,0.8570508,0.9280788,0.0813929,4.693446,0.6432896,0.009644067
sa05,0.8809075,0.8584507,0.1124979,0.8840407,0.9766024,0.01384852
sa11,0.5907536,0.8049728,0.08756494,0.9224184,0.9180356,0.006448413
sa25,0.4843235,0.7743842,0.0419245,0.9983842,0.9968178,0.01386394
sa20,0.7885056,0.9392361,0.1095869,1.011909,0.8727766,0.009168168
sa15,0.8403428,0.8431677,0.1707507,0.9108018,0.6603137,0.006281076
sa30,0.9865901,0.8719212,0.08536352,2.807435,0.674526,0.01089721
sa05,0.9058407,0.8647887,0.1369841,0.7183722,0.9856352,0.01280151
sa11,0.7949399,0.9497537,0.09333117,0.7963139,0.8715788,0.005131225
sa25,0.8276715,0.8098001,0.1184188,0.8690642,0.9942795,0.01415131
sa20,0.8907332,0.8834499,0.1124977,1.01341,0.8790766,0.01068386
sa15,0.7215019,0.6660219,0.09090713,1.041217,0.76097,0.009742071
sa30,0.9249711,0.8413793,0.0813929,2.676442,0.6943881,0.01092473
sa11,0.6438704,0.9442568,0.05405199,0.8760057,0.8896102,0.005593826
sa05,0.9104634,0.8723404,0.1447346,1.123156,0.9746403,0.01152707
sa25,0.635663,0.8323944,0.1249977,0.8392675,0.9844841,0.01278581
sa20,0.7650478,0.8542254,0.1123569,1.104612,0.8602112,0.009669992
sa15,0.6596177,0.7044513,0.07019181,1.18549,0.7490152,0.009470053
sa30,0.9064904,0.8256158,0.07864914,2.106711,0.6626386,0.01108328
sa11,0.7007174,0.6464646,-0.005392248,0.7713438,0.919096,0.005905415
sa05,0.9392723,0.8539239,0.1184188,0.652831,0.9838803,0.01639121
sa20,0.7816289,0.8549323,0.1341439,0.9920917,0.8512779,0.01019586
sa25,0.6900542,0.8049728,0.1111088,1.297937,0.9789873,0.01438948
sa15,0.9009411,0.770891,0.1618627,0.8179809,0.7283738,0.007976099
sa30,0.9159335,0.8453202,0.07954294,2.309845,0.6747045,0.01108557
sa11,0.7179783,0.8913043,0.1244992,0.9669129,0.8940383,0.005868633
sa05,0.9338171,0.8211806,0.08472014,0.865075,0.9913486,0.01467693
sa20,0.9319619,0.9192708,0.1038939,1.383659,0.8135049,0.008186251
sa25,0.8673491,0.8679099,0.1139217,1.095356,0.9903931,0.01298351
sa15,0.569851,0.7077381,0.091984,1.162827,0.7042131,0.007864145
sa30,0.9428723,0.8955665,0.08235053,4.539421,0.6209173,0.01125133
sa11,0.4244934,0.7994792,0.06742519,0.598171,0.9462115,0.00546417
sa05,0.9335366,0.8225352,0.1408429,0.6776707,0.9879509,0.01594794
sa20,0.787272,0.9020979,0.1168809,1.153534,0.8482801,0.009982186
sa25,0.8239789,0.8884354,0.06666456,0.7514203,0.9812237,0.01425549
sa15,0.6437383,0.6586758,0.0361702,0.944563,0.7793966,0.01007885
sa30,0.9098569,0.9123153,0.08235053,3.759569,0.7424913,0.01221938
sa11,0.5773011,0.8648019,0.1199978,0.8116245,0.9278076,0.005833922
sa05,0.8285641,0.9546798,0.09210308,0.9245011,0.9812772,0.01417564
sa20,0.6543871,0.9065476,0.1481457,1.001882,0.920324,0.01142079
sa25,0.70736,0.7888514,0.02843568,1.534525,0.9936207,0.01345956
sa15,0.5169887,0.7095588,0.1184214,0.8875728,0.8012585,0.0130686
sa30,0.92932,0.8413793,0.07954294,1.967593,0.7032143,0.01013763
sa11,0.3343254,0.6358447,0.03249905,0.3078892,0.9241283,0.005686772
sa05,0.8223854,0.8675799,0.07999786,0.7978632,0.9765713,0.01258739
sa20,0.4942199,0.7708333,0.06984227,0.9370842,0.8763406,0.009774991
sa25,0.7009425,0.6211268,0.03693185,1.075274,0.9923399,0.01324208
sa15,0.6570807,0.7568934,0.15546,0.9831437,0.7591599,0.01022129
sa30,0.9595357,0.9123153,0.08045729,4.190997,0.6211524,0.0115748
sa11,0.5693088,0.8188266,0.09402381,0.7680299,0.9119056,0.006548383
sa05,0.6688065,0.8297872,0.1447346,0.6388201,0.9802172,0.01284889
sa20,0.8293717,0.8529762,0.1275098,0.9888079,0.9245024,0.01111716
sa25,0.4886996,0.7919203,0.1076311,0.8858717,0.9894019,0.01455579
sa15,0.5392431,0.6865672,0.138828,1.039295,0.7796806,0.01067658
sa30,0.9172373,0.9507389,0.0813929,5.929881,0.7312696,0.01119194
sa11,0.7591248,0.8577465,0.09702428,0.6596,0.9305449,0.004818093
sa05,0.9447469,0.9097222,0.1126739,0.9454889,0.9846569,0.01445024
sa20,0.8429778,0.8593629,0.07786931,1.185378,0.8252194,0.008751462
sa25,0.5623048,0.6605634,0.07386634,1.042744,0.9968222,0.01383952
sa15,0.7577696,0.8304228,0.1726392,1.127263,0.6768644,0.007417376
sa30,0.9363142,0.8669951,0.08235053,2.775366,0.6805599,0.01254377
sa11,0.5888716,0.9440716,0.04166468,0.8543094,0.9307068,0.005430013
sa05,0.8301503,0.8707483,0.06756548,0.8798786,0.9711481,0.01327928
sa20,0.6625915,0.8491296,0.1184188,0.9911772,0.8541667,0.01045258
sa25,0.2044215,0.5901826,0.04298565,0.500052,0.9932894,0.01328804
sa15,0.1154707,0.6506211,0.0809883,1.050856,0.6938213,0.008472357
sa30,0.9501718,0.8650246,0.08433499,2.026389,0.6534781,0.01138272
sa11,0.6744106,0.8680272,0.03861262,0.9681883,0.8965942,0.00642711
sa20,0.8438145,0.9116699,0.1294093,1.223435,0.8559134,0.008434685
sa05,0.7751277,0.8585859,0.1216194,0.8597681,0.9862221,0.01479427
sa25,0.6910681,0.7612676,0.09860882,0.8184962,0.9961029,0.01472875
sa30,0.9173806,0.8285714,0.07692046,2.088709,0.663911,0.01135101
sa15,0.5891951,0.6540146,0.1141436,0.9420595,0.7038376,0.008436088
sa11,0.8170901,0.8593629,0.1046487,0.5257891,0.9000551,0.006281224
sa20,0.7227239,0.8858447,0.05474499,1.037132,0.8813243,0.009835745
sa05,0.8729239,0.84375,0.1126739,0.8364514,0.9814013,0.01393369
sa30,0.8960001,0.8197044,0.0556605,1.474619,0.6837104,0.0112578
sa25,0.3609418,0.7819635,0.04959033,1.372571,0.9832074,0.01391689
sa15,0.6529288,0.7581509,0.1500324,1.06418,0.701602,0.007245211
sa11,0.5745283,0.8463542,0.1142836,1.028808,0.8752259,0.006436758
sa21,0.6732638,0.6475184,0.04438834,0.6409173,0.7953387,0.003445257
sa05,0.6897245,0.7454338,0.05474499,0.4827407,0.9898086,0.01385177
sa30,0.9619695,0.8472906,0.05357848,1.816793,0.6884535,0.01101726
sa15,0.6484694,0.6598592,0.05440277,0.9768426,0.8176821,0.01367765
sa25,0.4560582,0.7382334,0.1222196,0.71221,0.997097,0.01374891
sa11,0.8290085,0.9307432,0.04877823,0.8367998,0.8974513,0.006051281
sa21,0.7315728,0.7571429,0.1184648,0.8721745,0.8028537,0.00437289
sa05,0.893805,0.9155251,0.08218969,0.910738,0.9820428,0.01342119
sa30,0.90424,0.9300493,0.0813929,5.589803,0.6144433,0.007597782
sa16,0.3446358,0.8965986,0.05813713,1.354757,0.9819359,0.006577064
sa25,0.2189477,0.8040541,0.05555354,1.064104,0.9864994,0.01464699
sa11,0.3380296,0.7899543,0.02527931,0.8670631,0.8507489,0.004520329
sa21,0.6842492,0.8754842,0.1592312,0.8692052,0.8114044,0.004036661
sa05,0.8581154,0.8975694,0.1038939,0.6698566,0.9931707,0.01556714
sa30,0.9373813,0.929064,0.07446534,4.893014,0.6668022,0.01079515
sa16,0.5101314,0.8723958,0.09755862,1.228764,0.9794598,0.006157046
sa25,0.6052733,0.8408451,0.0806905,0.9925593,0.9964701,0.01396224
sa21,0.2642076,0.6568899,0.04629587,0.9029554,0.8016713,0.003949482
sa05,0.8530117,0.88867,0.09722012,0.7896011,0.9732623,0.01352427
sa30,0.936783,0.8423645,0.08045729,2.011517,0.6629166,0.01099875
sa16,0.4437454,0.9355089,0.1323508,1.053033,0.9805126,0.006302247
sa25,0.6879249,0.8439402,0.1055726,1.377384,0.9948705,0.01344668
sa21,0.7681411,0.7970238,0.1380245,0.8125871,0.8185531,0.004304287
sa30,0.9103664,0.8630542,0.08860534,2.496251,0.7192338,0.01168671
sa05,0.8489784,0.9794521,0.0869545,1.198811,0.9670057,0.01392781
sa16,0.5795779,0.9507042,0.1587281,1.46882,0.9790577,0.006434795
sa25,0.4044112,0.7773973,0.05807485,0.8775068,0.9867623,0.01681881
sa21,0.3505949,0.6906318,0.1154956,0.9324792,0.7059176,0.002671942
sa30,0.9554715,0.9428571,0.08536352,4.581498,0.661052,0.01155787
sa05,0.7576805,0.907483,0.07042051,0.7306593,0.9775523,0.01410493
sa16,0.6046094,0.946798,0.08333095,1.238955,0.9843655,0.007685056
sa25,0.5778996,0.8732394,0.1176446,1.266596,0.9912482,0.01597215
sa21,0.76499,0.8363095,0.1558418,0.9108683,0.770719,0.00428535
sa30,0.933024,0.920197,0.08045729,4.489388,0.663374,0.01048864
sa05,0.7688216,0.8527397,0.0779199,0.6848269,0.9761017,0.01136142
sa16,0.2575905,0.7034014,0.03291088,1.160045,0.9774004,0.005849554
sa25,NA,0.7195946,0.03300954,0.7322634,0.9904021,0.01446943
sa21,0.7082195,0.7529762,0.1032012,0.9005361,0.8443025,0.00416395
sa05,0.9145914,0.8834459,0.05796906,0.8235101,0.9905977,0.01652966
sa16,0.5709946,0.9743842,0.0813929,1.370432,0.9806925,0.008040651
sa21,0.814753,0.8126362,0.1846569,1.069111,NaN,0.003806761
sa25,0.7041373,0.8196347,0.07999786,1.073386,0.9723632,0.01384125
sa05,0.7746328,0.8827586,0.09858946,0.6458748,0.9922975,0.01624745
sa16,0.4926333,0.8484848,0.08327294,1.458702,0.9810121,0.006772096
sa21,0.5615981,0.6972883,0.09210308,0.7709828,0.6441584,0.0005069503
sa25,0.6454839,0.7415541,0.04597459,1.071066,0.9947824,0.01304896
sa05,0.951812,0.8443662,0.1449254,0.9358307,0.979544,0.01420336
sa16,0.5868226,0.7980296,0.05672036,0.8337858,0.9799772,0.006947286
sa21,0.7041751,0.6609731,0.05262947,0.8279752,0.763333,0.003234372
sa25,0.716972,0.8108844,0.06756548,1.259779,0.9780909,0.01543958
sa05,0.7555268,0.7360179,0.0428552,0.7900969,0.9908013,0.0144985
sa16,0.7955065,0.8852113,0.1408429,1.118676,0.9803083,0.006160232
sa21,0.7273608,0.7001934,0.09349403,0.6435637,0.7550608,0.003153427
sa26,0.7912938,0.6986979,0.2438313,1.011128,0.8155414,0.02931348
sa05,0.8669203,0.9280822,0.08571225,0.7544987,0.9856202,0.01452538
sa16,0.6336866,0.890411,0.08571225,0.6771598,0.9871679,0.007256612
sa21,0.4874436,0.7863747,0.1500324,0.8254999,0.8025635,0.003429349
sa26,0.5952674,0.7463713,0.2990171,1.158656,0.8254484,0.03249655
sa05,0.8013056,0.9831081,0.0512799,1.133074,0.9734825,0.0133243
sa16,0.4025622,0.7918367,0.03947161,1.481193,0.9818879,0.006135132
sa21,0.2706234,0.8026418,0.08467863,1.009508,0.8320026,0.004392079
sa26,0.7740073,0.7807682,0.20796,1.011452,0.8279273,0.033125
sa16,0.247427,0.722449,0.05681571,0.5836548,0.9845496,0.006350231
sa05,0.8033058,0.7795139,0.08780283,1.009679,0.9787019,0.01397637
sa21,0.5650095,0.7840103,0.1184188,1.018258,0.7618938,0.003551754
sa16,0.6709225,0.8628472,0.08472014,1.211572,0.9848322,0.008031663
sa26,0.5119411,0.6828671,0.1641556,1.12062,0.7968903,0.02666074
sa05,0.8316583,0.8463054,0.09459245,0.6466378,0.9817775,0.01411119
sa21,0.77697,0.8732143,0.1425817,0.5757391,0.8526218,0.003733074
sa16,0.5590214,0.9782313,0.0694424,1.475342,0.9829753,0.006781088
sa05,0.9643113,0.8984018,0.08107897,0.9646527,0.9776818,0.01395733
sa26,0.02599342,0.5382677,0.003874105,0.8988963,0.8447952,0.03365947
sa21,0.645328,0.6832117,0.06839615,0.7818339,0.8015143,0.004395588
sa16,0.3975787,0.8984375,0.1126739,1.378907,0.9802674,0.006719983
sa05,0.9296562,0.8906404,0.09588829,0.9619584,0.9692153,0.01411852
sa26,0.6188638,0.7024476,0.1638633,0.9564323,0.8145283,0.02972164
sa16,0.3573916,0.8602431,0.08472014,1.252945,0.9830643,0.005757059
sa05,0.7703291,0.7793318,0.09692869,0.871906,0.9809185,0.01324448
sa26,0.3525653,0.636333,0.08948662,0.8769003,0.8322056,0.03143771
sa16,0.5437419,0.8376736,0.07490674,1.332545,0.979193,0.006553003
sa05,0.7991395,0.8423645,0.09588829,1.233982,0.961008,0.01326869
sa26,0.4055382,0.7099609,0.193275,1.12383,0.8108374,0.03111164
sa16,0.5867159,0.808867,0.07927923,1.453758,0.9814375,0.006629316
sa26,0.2214363,0.607874,0.1062315,0.7317868,0.8611218,0.03674404
sa16,0.6127082,0.9597315,0.03947161,1.058097,0.9835701,0.007537104
sa16,0.4317612,0.7990148,0.07927923,1.592888,0.9759472,0.00624194
sa16,0.5134335,0.8612676,0.1123569,0.8192132,0.9806959,0.007499398
sa16,0.5436088,0.9348958,0.1142836,1.593185,0.9771142,0.007410697
sa16,0.09496298,0.7517361,0.06931726,0.956093,0.9797931,0.005910981
sa16,0.706343,0.9310345,0.08749772,1.283641,0.9784325,0.005967917
swi05,0.7518034,0.8936575,0.006645004,2.595212,0.7448978,0.01227235
swi26,0.8529086,0.9359001,0.003584157,0.4458027,0.9798045,0.02129375
swi21,0.9894057,0.7952421,0.02911479,0.9840443,0.8243646,0.06693922
swi16,0.9658572,0.8805467,0.07641616,2.3323,0.7794965,0.110109
swi11,0.9459395,0.8434619,0.01571611,1.312161,0.8834546,0.1215501
swi01,0.805486,0.7814192,0.01629365,1.104022,0.8837241,0.08236939
swi26,0.7867637,0.9452145,0.003813264,0.4594341,0.9795213,0.02290762
swi21,0.9064226,0.7835489,0.0331255,1.075493,0.8082234,0.06438824
swi16,0.9495717,0.8578139,0.07302164,2.208422,0.7777079,0.1093491
swi11,0.9348666,0.8521191,0.01557145,1.320191,0.8938194,0.1233089
swi01,0.8492553,0.7936938,0.01670925,1.266089,0.8617803,0.07929389
swi06,0.984077,0.8291414,0.4221162,1.806685,0.8761749,0.4801463
swi26,0.8615158,0.9009507,0.003648687,0.4738357,0.9789639,0.02248521
swi21,0.9529789,0.7668835,0.03153279,1.186805,0.8051324,0.06147014
swi16,0.9759627,0.8729452,0.07745417,2.209226,0.7895647,0.1134594
swi11,0.9533243,0.8546193,0.01862031,1.315266,0.8900149,0.1260968
swi01,0.8412301,0.8100904,0.01823845,1.247803,0.8737192,0.08229188
swi26,0.8562595,0.9396876,0.003014223,0.5164383,0.9838833,0.02457141
swi21,0.8920204,0.7618575,0.02817554,1.102613,0.8227948,0.06443567
swi16,0.9482978,0.863946,0.07137358,2.023433,0.7879055,0.1122443
swi11,0.9288541,0.8371003,0.01999538,1.301335,0.8858443,0.1178207
swi01,0.8402207,0.828904,0.02158317,1.112599,0.8906051,0.08421768
swi26,0.9285559,0.9403585,0.003351025,0.4621221,0.97952,0.02170709
swi06,0.9819892,0.8407224,0.4374433,1.817517,0.876073,0.4829326
swi21,0.9720842,0.7979299,0.03790393,1.11737,0.8116803,0.06340413
swi16,0.953968,0.8511778,0.07189814,2.148749,0.7833341,0.1081723
swi11,0.980868,0.8518451,0.01785455,1.311575,0.8961287,0.1225681
swi26,0.8182013,0.8930107,0.00281491,0.4887324,0.9799837,0.02502042
swi01,0.8984353,0.7990907,0.015442,1.047385,0.8864911,0.08583811
swi21,0.9806623,0.7699921,0.02806359,0.9894036,0.8431448,0.06767403
swi16,0.9735924,0.875121,0.07449944,2.198815,0.7843898,0.1104231
swi11,0.9624341,0.8484658,0.01472937,1.249151,0.8922732,0.1219568
swi26,0.9589154,0.9426032,0.005651149,0.5538067,0.981912,0.02196091
swi06,0.9740974,0.8364615,0.4274578,1.820886,0.8792853,0.4898198
swi21,0.9499292,0.7774527,0.0330608,1.090961,0.8159995,0.06499612
swi01,0.8796518,0.8072081,0.01610487,1.231112,0.8717834,0.08177868
swi16,0.9776434,0.8758968,0.08009329,2.145319,0.7940405,0.1100928
swi26,0.8780169,0.9317386,0.004410354,0.4923047,0.9787581,0.02633033
swi11,0.955876,0.840183,0.01815562,1.358936,0.8806489,0.1234515
swi21,0.9753076,0.786621,0.03435027,1.139689,0.8180318,0.06582467
swi01,0.9173455,0.8229851,0.01785258,1.027012,0.8917647,0.08314335
swi16,0.971907,0.8692764,0.07559308,2.312152,0.7751909,0.1109144
swi26,0.9574267,0.9314662,0.004621119,0.4647028,0.9818019,0.02307253
swi06,0.9725887,0.8387472,0.4342282,1.806439,0.8789513,0.4898784
swi11,0.9739461,0.8880203,0.01811037,1.31303,0.8831944,0.1249495
swi21,0.9665741,0.7999583,0.03390763,1.066702,0.8171829,0.06337097
swi01,0.9165328,0.8352618,0.01754284,1.138726,0.8740572,0.08011169
swi16,0.9780368,0.8690559,0.0788545,2.202898,0.7800741,0.1112967
swi26,0.9103319,0.9432171,0.004718896,0.4314815,0.9817438,0.02064194
swi11,0.9438091,0.8449572,0.01953111,1.325639,0.8868555,0.1228637
swi21,0.9730319,0.7547444,0.03104803,1.151249,0.8030104,0.06295449
swi16,0.9529126,0.8657178,0.0688961,2.331562,0.7792919,0.1095702
swi01,0.8397341,0.814267,0.01757723,1.074464,0.8822198,0.08222691
swi26,0.9564717,0.9161525,0.00349308,0.5920343,0.9766438,0.02502514
swi06,0.9704224,0.8405917,0.4426193,1.791541,0.8793853,0.4878142
swi21,0.9789359,0.7802195,0.03256826,1.166996,0.809361,0.06417551
swi11,0.8912765,0.8387729,0.01708178,1.235388,0.8933148,0.1239718
swi16,0.9487349,0.8575709,0.07341391,2.309805,0.7768143,0.1102037
swi26,0.8196786,0.9235846,0.002578371,0.5324269,0.9814011,0.0233103
swi01,0.8604334,0.7894072,0.01416798,1.161125,0.8775221,0.08286041
swi21,0.9821709,0.7870689,0.03570957,1.11905,0.8154419,0.06449396
swi11,0.9527402,0.8695854,0.02123261,1.309381,0.8959946,0.1230127
swi16,0.9556774,0.867145,0.07463943,2.248604,0.7812733,0.1032789
swi26,0.8681897,0.92634,0.00379268,0.428042,0.9818601,0.02214653
swi01,0.8427836,0.8513166,0.0172006,1.086665,0.8833093,0.08476574
swi06,0.9791617,0.8362142,0.4291187,1.838485,0.8790572,0.4913094
swi21,0.9760808,0.7944136,0.03677484,1.09988,0.8166958,0.06487927
swi11,0.9482708,0.8785685,0.01900018,1.331241,0.8925492,0.1201231
swi26,0.6678139,0.9076785,0.003775107,0.4561459,0.9789139,0.02292888
swi16,0.9747531,0.8774188,0.07702405,2.197469,0.7703075,0.1124368
swi01,0.7672171,0.8480585,0.01923597,1.072758,0.8864601,0.0824353
swi21,0.9703783,0.8083131,0.03160313,1.118621,0.8128158,0.0636922
swi11,0.9425518,0.858656,0.01712629,1.259643,0.8943715,0.1292315
swi26,0.8428767,0.9225358,0.003993997,0.5108842,0.9754036,0.0208716
swi16,0.9707186,0.8666497,0.07520203,2.326134,0.76759,0.1093362
swi06,0.9824539,0.8348969,0.4235326,1.799754,0.8803974,0.4916517
swi21,0.980963,0.8014481,0.03054695,1.083302,0.8127893,0.06550677
swi01,0.8314827,0.789234,0.01292952,1.222336,0.874099,0.08149845
swi26,0.9333512,0.9425948,0.004564189,0.4918166,0.9809845,0.02190006
swi11,0.9240414,0.8407305,0.01738707,1.322687,0.8891625,0.1223474
swi16,0.9712197,0.8642667,0.07414424,2.108418,0.7793206,0.1089525
swi21,0.9548332,0.7564341,0.02830247,1.04844,0.8229422,0.06274103
swi01,0.8833094,0.8328501,0.0175326,1.268681,0.8697082,0.0817623
swi26,0.8694417,0.9376375,0.003242143,0.5661656,0.9760631,0.02163544
swi11,0.8999771,0.8353044,0.01605423,1.261644,0.8946464,0.1245518
swi16,0.9743463,0.8739832,0.06996559,2.281551,0.7763534,0.1083536
swi06,0.9757691,0.8320636,0.4183277,1.798453,0.8779414,0.4863996
swi21,0.9204444,0.7805914,0.03596241,1.029758,0.8285769,0.06859638
swi01,0.8826,0.8319552,0.01459173,1.079936,0.8763366,0.08073842
swi26,0.8734923,0.8971085,0.005267576,0.4263879,0.9820053,0.02371234
swi16,0.9617611,0.8709936,0.07413356,2.268821,0.7658902,0.1073733
swi11,0.9318166,0.8611577,0.02138322,1.2985,0.8899116,0.1228582
swi21,0.9807124,0.7959433,0.03466236,1.088143,0.8235819,0.06420797
swi26,0.7602912,0.9060242,0.004140562,0.5603052,0.9769159,0.02385256
swi01,0.8906433,0.7966898,0.01756805,1.08254,0.8747288,0.08275523
swi16,0.9680436,0.8717033,0.07293469,2.181207,0.7833899,0.1149839
swi06,0.9700131,0.8308682,0.4211952,1.827943,0.880196,0.4848062
swi11,0.9746768,0.8334081,0.01791886,1.320441,0.879986,0.121906
swi21,0.9567052,0.7771446,0.03314746,1.049601,0.8150677,0.06391003
swi26,0.9616507,0.9280847,0.003178266,0.521682,0.9811694,0.02585742
swi01,0.8606677,0.8248298,0.01750208,1.206079,0.8788952,0.08242958
swi16,0.9576318,0.8590665,0.06376507,2.215339,0.7803757,0.1108925
swi11,0.9523607,0.8822677,0.01926962,1.279127,0.888893,0.1221835
swi21,0.9700706,0.7515412,0.0308946,1.040892,0.8240198,0.06471088
swi26,0.8923833,0.9203387,0.003405497,0.5111245,0.9761507,0.02032689
swi06,0.9760356,0.8354807,0.4350551,1.8216,0.8766258,0.4841655
swi01,0.8793442,0.8156976,0.01722705,1.136195,0.8757278,0.08010234
swi16,0.9588511,0.8550625,0.07051336,2.174066,0.7751848,0.1130157
swi21,0.9958073,0.7992669,0.02995209,1.057867,0.8261983,0.0662739
swi11,0.9679754,0.864395,0.02058105,1.368009,0.8904982,0.1240522
swi26,0.8924476,0.9546802,0.003278076,0.7253149,0.9745631,0.02009667
swi16,0.9623826,0.8655429,0.07085906,1.977838,0.7830213,0.1110379
swi01,0.9118013,0.8086429,0.01935284,1.178643,0.8786379,0.08231733
swi21,0.9846397,0.7780319,0.03026009,1.017251,0.8250534,0.06379892
swi11,0.9634521,0.8626289,0.01891938,1.315463,0.8895775,0.1241057
swi26,0.8840907,0.9112909,0.004177089,0.6350638,0.9754572,0.02031684
swi06,0.9843657,0.8410552,0.4523826,1.803614,0.8753694,0.4835772
swi16,0.9770295,0.8685491,0.0730518,2.297693,0.7745561,0.1100121
swi21,0.9939684,0.7877621,0.03178006,1.12699,0.8105966,0.06365592
swi26,0.9147307,0.9368158,0.004063893,0.5338847,0.9827208,0.02538062
swi01,0.8578258,0.834975,0.01794247,1.128008,0.8800941,0.08220078
swi11,0.9669727,0.8693233,0.02083355,1.370193,0.880767,0.1182499
swi16,0.9389387,0.8631531,0.07158544,2.204188,0.7743877,0.1064583
swi21,0.9596056,0.7814222,0.03670547,1.062312,0.8222671,0.06561493
swi26,0.8902289,0.9305664,0.004049883,0.5187063,0.9772677,0.02251918
swi01,0.8278578,0.7967837,0.01580218,1.113365,0.8687989,0.08058326
swi11,0.9295967,0.8367043,0.01866535,1.270368,0.893098,0.1253152
swi06,0.9703803,0.8351009,0.4276917,1.828066,0.8772855,0.4975862
swi16,0.9651598,0.8812126,0.0743209,2.11168,0.780683,0.1116924
swi21,0.9686597,0.7991248,0.04048227,1.040454,0.8204429,0.06717517
swi26,0.7634536,0.9457,0.002598518,0.4208601,0.9822612,0.02206723
swi01,0.9002793,0.8214201,0.01804743,1.04437,0.8829155,0.08296648
swi11,0.9494355,0.8579735,0.01861989,1.31133,0.8897448,0.1208782
swi26,0.9311242,0.9086424,0.004508989,0.6488129,0.9762052,0.0205178
swi16,0.9523601,0.8575738,0.0641171,1.990194,0.7804493,0.1114763
swi21,0.9737409,0.7899404,0.03220262,1.030936,0.8351799,0.06785126
swi11,0.9734137,0.8505658,0.01832408,1.323069,0.8939715,0.1218259
swi01,0.8455498,0.7791932,0.01835254,1.115909,0.8722091,0.07979404
swi06,0.9767484,0.8358549,0.4348845,1.777863,0.8838969,0.498768
swi26,0.8810575,0.9204944,0.004159252,0.4798284,0.981231,0.02264815
swi21,0.972386,0.7601118,0.02905749,1.076171,0.8219606,0.06565103
swi16,0.9682636,0.8596087,0.07014756,2.170778,0.7782674,0.1111174
swi11,0.8687979,0.8142063,0.01715402,1.30725,0.896066,0.1231133
swi01,0.8725156,0.8346373,0.01691719,1.181953,0.8824498,0.08225017
swi26,0.8596283,0.9020931,0.003906859,0.6263001,0.9774893,0.02436319
swi21,0.9749531,0.7850096,0.03274599,1.021475,0.8227128,0.06515479
swi16,0.9709877,0.8754517,0.0762906,2.0442,0.7965417,0.1130566
swi11,0.9002196,0.8288992,0.01368867,1.301107,0.8897097,0.1230526
swi06,0.9762411,0.8296591,0.4239079,1.750756,0.8802403,0.4886285
swi26,0.6773104,0.9402384,0.004466601,0.4910138,0.9785016,0.02476414
swi01,0.8385343,0.8274395,0.01568297,1.220052,0.8759592,0.07871328
swi21,0.9588422,0.7633425,0.02962315,1.112017,0.8115274,0.0651924
swi16,0.9631534,0.860492,0.06800922,2.197072,0.7739737,0.1056901
swi26,0.9336343,0.9332961,0.006893151,0.482908,0.9809268,0.02380954
swi11,0.917631,0.8522206,0.01645475,1.277654,0.8927952,0.1242894
swi21,0.9688632,0.7757808,0.0279728,1.116081,0.8099009,0.06755111
swi16,0.9613899,0.872183,0.07177671,2.080157,0.7758424,0.1101361
swi01,0.7625576,0.7778318,0.01572219,1.087203,0.8835255,0.08433542
swi26,0.8750979,0.9193913,0.005005005,0.4922866,0.9800259,0.02234621
swi06,0.9783849,0.8357449,0.4367649,1.764169,0.8806114,0.4880471
swi21,0.9824113,0.7975069,0.03279376,1.004316,0.8365948,0.06334904
swi11,0.978194,0.8475761,0.01478754,1.363737,0.8840494,0.1175804
swi16,0.9543749,0.8664472,0.07722216,2.374209,0.7772037,0.108711
swi01,0.7706261,0.8160799,0.01658177,1.17412,0.8797301,0.08225246
swi26,0.8512767,0.9184205,0.004243871,0.3425234,0.9825536,0.02189626
swi21,0.9572165,0.7949285,0.03193677,0.9148269,0.8360181,0.0678678
swi11,0.9698457,0.8771746,0.0195258,1.253466,0.9004775,0.1253846
swi16,0.9651868,0.8724154,0.06885654,2.187548,0.7786624,0.1072039
swi01,0.8986513,0.8015876,0.01538208,1.213689,0.8754992,0.0805499
swi26,0.8762451,0.9238064,0.004158347,0.4896994,0.9735738,0.02061797
swi06,0.9792144,0.8393513,0.4318199,1.797426,0.8833348,0.4921466
swi21,0.9811922,0.7654145,0.03135024,1.125234,0.8102844,0.06026102
swi16,0.9504078,0.8518726,0.06281135,2.128292,0.7920287,0.1133842
swi11,0.9640042,0.8175061,0.01755387,1.336976,0.8894125,0.1187945
swi01,0.8930849,0.806666,0.02015947,1.160864,0.8803998,0.08297241
swi26,0.8593556,0.9119027,0.005803474,0.4443451,0.9837842,0.02253907
swi21,0.9483834,0.7653938,0.0332582,1.034797,0.8244145,0.0653541
swi16,0.9534306,0.8512915,0.06312316,2.193544,0.7809817,0.11312
swi11,0.952763,0.8482774,0.01978767,1.267969,0.8923687,0.1262961
swi26,0.8976548,0.9223119,0.004436179,0.4268754,0.9839018,0.02330061
swi01,0.8734161,0.7896672,0.0165816,1.145089,0.8758994,0.07902686
swi06,0.9779044,0.835687,0.4314507,1.72797,0.8777864,0.4883895
swi21,0.9778929,0.7957716,0.03432974,1.117796,0.8157656,0.06231271
swi16,0.9580984,0.8620697,0.07341406,2.316159,0.7722401,0.1074528
swi11,0.9527882,0.8493676,0.01806866,1.294249,0.8978937,0.125454
swi26,0.8279031,0.8787483,0.004603522,0.4093039,0.9834026,0.02384015
swi01,0.7809492,0.7981219,0.01571856,1.182101,0.873483,0.08087926
swi21,0.9222492,0.7809757,0.03010323,1.05166,0.815597,0.06327202
swi16,0.96029,0.8599484,0.07468041,2.347421,0.7723026,0.1082543
swi11,0.9598981,0.8346999,0.01746463,1.251982,0.9020661,0.1280152
swi26,0.9600445,0.9445945,0.003619738,0.4791896,0.9806315,0.02241196
swi06,0.9801667,0.8509251,0.458819,1.759771,0.8811882,0.4899482
swi21,0.9382319,0.7530537,0.02646364,1.074747,0.8301901,0.06532303
swi01,0.7927112,0.8039727,0.01858497,1.133531,0.8864448,0.08189264
swi16,0.9642227,0.8703349,0.07772706,2.064372,0.7805093,0.1107946
swi26,0.8091735,0.8716933,0.005274511,0.4838623,0.9781338,0.02369892
swi11,0.9171991,0.8350889,0.0174314,1.27543,0.8890463,0.1224937
swi21,0.9765537,0.7907174,0.03257065,1.050921,0.8320107,0.06474271
swi01,0.847609,0.8071227,0.01797553,1.053067,0.893997,0.0837153
swi16,0.9545447,0.8709726,0.08174048,2.236349,0.7730096,0.1103099
swi26,0.9238747,0.9095422,0.004387015,0.5050671,0.9803642,0.01781052
swi11,0.9001151,0.8109728,0.01917256,1.342571,0.879137,0.1206628
swi06,0.9749283,0.8399314,0.4287316,1.830721,0.8764471,0.4855955
swi21,0.9833277,0.7914218,0.03403176,1.055923,0.8251277,0.06438194
swi01,0.9061578,0.83799,0.01424433,1.097,0.8775436,0.07980665
swi26,0.9222877,0.9456613,0.004183756,0.5362789,0.9806719,0.02516305
swi16,0.9635612,0.8583816,0.07625984,2.089466,0.7897944,0.1100441
swi11,0.9401137,0.8671657,0.01737739,1.319289,0.8880026,0.1205417
swi21,0.9600703,0.8018248,0.04217385,1.174387,0.8086197,0.06057032
swi26,0.8894874,0.942687,0.004347169,0.4662817,0.9813708,0.02178274
swi16,0.964507,0.8771874,0.07496903,2.112679,0.7777088,0.1122755
swi01,0.7991292,0.7717747,0.01764523,1.179506,0.8843933,0.08198261
swi06,0.9840622,0.8389878,0.4344063,1.807324,0.8800464,0.4875098
swi11,0.9599345,0.8233629,0.01751195,1.36397,0.8869129,0.1186432
swi21,0.984475,0.7945825,0.03571927,1.049817,0.825523,0.0631187
swi26,0.839707,0.9238333,0.00589953,0.4052824,0.979058,0.02318885
swi16,0.955449,0.8544187,0.07335183,2.333942,0.767966,0.1089431
swi01,0.9178945,0.8046217,0.0176743,1.188729,0.8691887,0.08136124
swi21,0.9558585,0.7641574,0.03178028,1.093843,0.8212259,0.0660839
swi11,0.8914089,0.8611373,0.01961521,1.321064,0.8812236,0.1190903
swi26,0.9460849,0.92677,0.004211484,0.4598214,0.9838077,0.02537888
swi16,0.9392351,0.8663863,0.07478506,2.244457,0.7719314,0.1122398
swi01,0.8744619,0.8044626,0.01733836,1.256701,0.8678381,0.08115665
swi06,0.9788804,0.8359968,0.4267759,1.741868,0.879889,0.4901442
swi21,0.9926724,0.7723523,0.03365618,1.064619,0.8191962,0.06475626
swi26,0.8553172,0.9213566,0.005544468,0.4674032,0.980511,0.02062155
swi11,0.9515639,0.8354333,0.02193742,1.320537,0.8936122,0.1241137
swi16,0.9663661,0.871273,0.07332522,2.119002,0.7822242,0.1123489
swi01,0.8703768,0.8050062,0.01804431,1.253144,0.867051,0.0798796
swi21,0.9872758,0.7748269,0.03001277,1.064144,0.8149272,0.06391897
swi26,0.7742097,0.9077337,0.003483793,0.4424396,0.984076,0.02157607
swi11,0.9460362,0.8298932,0.0188536,1.215421,0.9049966,0.1261718
swi16,0.9516932,0.8462692,0.06983023,1.93597,0.7830623,0.1110384
swi06,0.9795479,0.838357,0.4308101,1.780839,0.8825922,0.4958191
swi21,0.9831267,0.7861425,0.03271664,1.044871,0.8224755,0.06421868
swi26,0.9413446,0.9331358,0.004967171,0.5425408,0.9818074,0.02272946
swi01,0.8503275,0.8399445,0.01595896,1.240125,0.8773428,0.08182795
swi11,0.9416956,0.8461103,0.02036299,1.331923,0.8820083,0.1197355
swi16,0.9669916,0.8611184,0.07200245,2.370976,0.7746046,0.1096466
swi21,0.9825539,0.7772634,0.03258122,1.023564,0.8265849,0.06524856
swi26,0.8825606,0.8941159,0.003533849,0.5364363,0.9797881,0.02125689
swi01,0.893968,0.8303201,0.01752394,1.256018,0.8760576,0.08045549
swi11,0.9399866,0.8526,0.01867767,1.284569,0.8851433,0.1246666
swi16,0.9636601,0.8624857,0.06862057,2.230182,0.7728574,0.1078613
swi06,0.9811109,0.8295164,0.4273618,1.748616,0.87879,0.4949954
swi21,0.9519702,0.7775226,0.03384467,1.138896,0.8059741,0.0630666
swi26,0.8842151,0.9276694,0.003982845,0.5015281,0.9832975,0.02363733
swi01,0.8342661,0.7973461,0.0153182,1.154687,0.8772028,0.08283663
swi11,0.9697935,0.8600367,0.02151787,1.290533,0.8963199,0.1255427
swi16,0.9573486,0.8610294,0.07652351,2.104193,0.784592,0.1112615
swi21,0.9599897,0.785046,0.03104186,1.084686,0.8143269,0.06643491
swi27,0.9550638,0.8714715,0.07282073,1.114983,0.8562517,0.06530416
swi01,0.7895277,0.7960635,0.01657981,1.073236,0.8756661,0.08095251
swi16,0.9435822,0.8657518,0.07243308,2.107174,0.7870458,0.1135025
swi11,0.9353988,0.8450103,0.01796498,1.404497,0.8824345,0.1198382
swi06,0.9834212,0.8409813,0.4331146,1.785533,0.8771538,0.4806907
swi21,0.9559196,0.8007143,0.03094935,1.012118,0.8290056,0.06601284
swi27,0.9818893,0.85792,0.06365589,1.159783,0.8511414,0.06819679
swi16,0.9698873,0.8758741,0.07194566,2.11422,0.7819816,0.1097067
swi01,0.8016074,0.8066959,0.01586782,1.154529,0.8760025,0.08427171
swi11,0.8671031,0.8306953,0.01733546,1.342464,0.892222,0.1193545
swi21,0.9711108,0.8008859,0.03265866,0.9904476,0.8283847,0.06556995
swi27,0.9631151,0.8492019,0.0640022,1.070302,0.8670409,0.06761386
swi16,0.9547207,0.8519627,0.07143646,2.021409,0.777155,0.1103851
swi06,0.9717942,0.8286154,0.4131181,1.818281,0.8821951,0.4941996
swi11,0.9276513,0.86061,0.01580829,1.367773,0.8831663,0.1241299
swi01,0.8735588,0.8247031,0.02042973,1.125494,0.881227,0.08007284
swi22,0.9167194,0.788865,0.025847,2.593395,0.7203875,0.07665144
swi27,0.9721509,0.8689021,0.07513887,1.077605,0.8738564,0.07466025
swi16,0.9596592,0.8661645,0.07749803,2.197196,0.7681621,0.1110085
swi22,0.9376434,0.8255837,0.02864144,2.576884,0.7292155,0.07416896
swi11,0.9674149,0.8726242,0.02147385,1.366321,0.88018,0.1206869
swi01,0.8806197,0.8445004,0.02118365,1.09535,0.8838769,0.08291523
swi27,0.9273776,0.8613549,0.0727375,1.085679,0.8638415,0.0671197
swi17,0.8002076,0.9394313,0.05550988,3.708698,0.7919357,0.06709998
swi06,0.9804844,0.8335759,0.4256865,1.781395,0.8757109,0.4830626
swi22,0.8834342,0.8047019,0.02559778,2.557024,0.7188056,0.07427421
swi11,0.959991,0.8501952,0.01825581,1.372184,0.8803715,0.1215171
swi01,0.8778843,0.8005658,0.0186748,1.254407,0.8650318,0.07731414
swi27,0.9687759,0.8224145,0.05773098,1.144664,0.8546148,0.06587657
swi17,0.7093954,0.9111492,0.05470618,3.294144,0.79037,0.06757144
swi22,0.8798565,0.7917442,0.02667379,2.310958,0.7129639,0.07529097
swi11,0.974607,0.8432466,0.01889471,1.344803,0.8944088,0.1262914
swi27,0.9593709,0.847916,0.06876764,1.050246,0.871687,0.07070383
swi01,0.8296501,0.8197699,0.01930257,1.163746,0.8739881,0.08254617
swi17,0.749332,0.897467,0.05808643,3.08839,0.7884858,0.07040439
swi06,0.9844645,0.8420315,0.4471065,1.75082,0.8791016,0.4851877
swi22,0.915191,0.7849264,0.0293466,2.404891,0.730389,0.07684193
swi11,0.9528676,0.8327218,0.02010641,1.284041,0.8928568,0.123677
swi27,0.9806817,0.8631052,0.07171778,1.086496,0.8700257,0.07057388
swi01,0.8563975,0.8149635,0.01579668,1.112669,0.8747134,0.08183622
swi17,0.8052973,0.9377853,0.05825436,3.73467,0.7931165,0.0671069
swi22,0.9410145,0.8241767,0.02917255,2.757417,0.7250476,0.0755228
swi12,-0.4276659,0.4259924,-0.0008709054,-0.03177498,0.9990088,0.00798401
swi27,0.969861,0.8514338,0.07015896,1.106975,0.8758985,0.07134881
swi01,0.8580165,0.7676193,0.01513963,1.162252,0.8809512,0.08492391
swi06,0.9758689,0.8425149,0.4241785,1.791813,0.8787068,0.4890825
swi17,0.781347,0.9312061,0.05875479,3.57572,0.8018071,0.06852188
swi22,0.9534698,0.8223584,0.03153877,2.493544,0.7324827,0.07746845
swi12,-0.2458604,0.4488884,-0.0003296654,-0.03546509,0.9984433,0.007801635
swi27,0.9641038,0.8308973,0.06282933,1.07172,0.8717664,0.0726986
swi17,0.795338,0.9295394,0.05976972,3.986942,0.7867501,0.06891377
swi01,0.8980706,0.8074901,0.01536057,1.188518,0.8805119,0.08361478
swi22,0.9386504,0.8119259,0.0269994,2.568,0.7345745,0.07480638
swi12,0.3385079,0.691565,0.00197563,0.3985912,0.9707945,0.005556393
swi27,0.9730232,0.8330333,0.06506305,1.089573,0.8660384,0.07089211
swi06,0.9759958,0.8288764,0.4150722,1.778226,0.8774465,0.4867434
swi17,0.7704543,0.9271661,0.05635499,3.174864,0.7962343,0.0687924
swi22,0.923011,0.8027934,0.02948746,2.469093,0.7310141,0.07907406
swi02,0.9558197,0.7645116,0.04139045,1.186365,0.8302216,0.1448056
swi12,-0.3215977,0.4011608,-0.001448384,-0.0314376,0.9994335,0.006635561
swi27,0.9815741,0.8646987,0.06620373,1.068863,0.8740321,0.06670331
swi17,0.8343797,0.9580548,0.05330518,4.373492,0.7744727,0.06676527
swi22,0.9495662,0.824591,0.0301847,3.000359,0.7225475,0.07373892
swi12,0.007050449,0.4071289,-0.001636086,-0.02852803,0.9993059,0.007984516
swi02,0.9640312,0.7862892,0.04463264,1.211523,0.8316558,0.1477736
swi27,0.9732928,0.8440684,0.07102699,1.045332,0.8632563,0.07269483
swi06,0.9745791,0.8366514,0.4350379,1.805447,0.8764749,0.48009
swi22,0.9460116,0.7896012,0.02549184,2.370219,0.7320819,0.077182
swi17,0.7803163,0.9258954,0.0618486,3.960162,0.7947193,0.06781603
swi12,-0.3696825,0.3977767,-0.0006813689,-0.02953378,0.9992725,0.008571619
swi27,0.9880271,0.8400712,0.06831357,1.061079,0.8717985,0.07316821
swi02,0.9750421,0.7745748,0.04028887,1.149337,0.8367642,0.1492358
swi22,0.934701,0.8301954,0.02636083,2.554562,0.7374804,0.07461695
swi17,0.8176719,0.9310074,0.0557088,3.762074,0.778716,0.06752726
swi12,-0.2240394,0.4031814,-0.0004488679,-0.04167269,0.9987809,0.008578972
swi27,0.9689973,0.8486274,0.06421371,1.179059,0.8584817,0.06883537
swi02,0.962243,0.7826856,0.04224844,1.211886,0.8283893,0.1457312
swi06,0.9790634,0.8334051,0.4203391,1.792571,0.8775406,0.4885614
swi22,0.8908044,0.77404,0.02891796,2.145057,0.7343177,0.07899645
swi17,0.7797146,0.9272342,0.05555327,3.433823,0.8007573,0.06739061
swi12,-0.4101969,0.338128,-0.0022417,-0.0311194,0.9997099,0.008160253
swi27,0.9590881,0.8516104,0.06845032,1.082542,0.8638255,0.06887704
swi02,0.9534653,0.7653723,0.04475209,1.19499,0.8308546,0.1492716
swi22,0.92897,0.7939389,0.02698605,2.49301,0.7208033,0.07735417
swi17,0.7277108,0.9069224,0.05593803,3.013705,0.7816077,0.06952588
swi12,-0.06959547,0.3179701,-0.001866603,-0.03484782,0.9986883,0.008001223
swi27,0.9785764,0.8522988,0.07342018,1.110253,0.8602144,0.06646194
swi02,0.9328601,0.7804505,0.04493801,1.181573,0.827415,0.145039
swi06,0.9754151,0.8297625,0.420481,1.798028,0.8768701,0.4848784
swi22,0.9164648,0.77294,0.02831537,2.600718,0.7158003,0.07299023
swi17,0.7044028,0.9379967,0.05882321,4.585483,0.7905207,0.06695761
swi12,-0.4798622,0.2832212,-0.00187664,-0.03354278,0.9993125,0.008385419
swi27,0.963623,0.8672814,0.07263604,0.9982603,0.8828508,0.0714653
swi02,0.9413342,0.7729911,0.04441959,1.179677,0.8382291,0.1506572
swi12,-0.1424507,0.4383013,-0.0004297263,-0.03347229,0.9989834,0.008288356
swi22,0.9486354,0.8014018,0.02647076,2.477493,0.7337212,0.07438215
swi17,0.7915464,0.952119,0.055832,4.688958,0.7831136,0.06498004
swi27,0.934655,0.8428621,0.07200359,1.101369,0.8655274,0.06878171
swi06,0.981732,0.844341,0.4516783,1.818083,0.8770049,0.4873095
swi02,0.9622865,0.7831212,0.04219398,1.157576,0.8372506,0.1489935
swi12,-0.4173099,0.4154914,-0.0008806248,-0.06082008,0.990826,0.007713035
swi22,0.9452993,0.8146429,0.03011663,2.475789,0.7329312,0.0791141
swi17,0.7602477,0.9499152,0.05556641,4.189295,0.7940451,0.06610841
swi27,0.9473409,0.8416008,0.06644463,1.135404,0.8612308,0.06552771
swi12,-0.5000569,0.3274174,-0.001855246,-0.0458811,0.9983597,0.008725465
swi02,0.904616,0.7515011,0.03614953,1.260269,0.8267651,0.1433216
swi22,0.9331169,0.7972331,0.02431691,2.116934,0.7414625,0.07779137
swi17,0.8103328,0.9385189,0.05484354,3.639853,0.7933979,0.06835681
swi27,0.9757151,0.8534706,0.0754687,1.146762,0.8571049,0.06797676
swi06,0.9794773,0.832281,0.4235233,1.732115,0.8846212,0.4980261
swi12,-0.4773441,0.4058391,-0.0006656181,-0.03112148,0.9992547,0.00779541
swi22,0.9336382,0.8137561,0.02795401,2.222043,0.7436687,0.07973766
swi02,0.9387387,0.7768778,0.0381348,1.183231,0.8332283,0.148204
swi17,0.805847,0.9517316,0.05927546,4.588116,0.7793487,0.06628083
swi27,0.9676293,0.8609584,0.07350857,1.056944,0.8735352,0.06911554
swi12,-0.3579393,0.3411247,-0.001681316,-0.0377482,0.9990026,0.006669055
swi22,0.9476103,0.8164411,0.03159553,2.529289,0.7284206,0.07545651
swi17,0.767731,0.9395227,0.05823541,4.175872,0.8030534,0.06713999
swi02,0.9377741,0.7978491,0.04691545,1.149184,0.8365663,0.1496239
swi27,0.9854116,0.8590983,0.07003866,1.07435,0.8723916,0.06855817
swi06,0.9856561,0.8343183,0.4349889,1.750738,0.8819576,0.490463
swi12,0.2156142,0.6090641,0.0008850891,0.282215,0.9773919,0.006490307
swi22,0.9415598,0.8173743,0.02846022,2.494139,0.7139317,0.07399542
swi17,0.7871702,0.9541024,0.05615796,5.026091,0.7836724,0.06610561
swi02,0.9630791,0.7914678,0.04290087,1.231235,0.8242739,0.1472738
swi27,0.93646,0.844285,0.07196692,1.167426,0.8468046,0.06353018
swi12,-0.1772818,0.4104524,-9.223681e-05,-0.0376043,0.9981997,0.007846747
swi22,0.9345985,0.808228,0.02766615,2.457218,0.727188,0.07757954
swi17,0.8663617,0.9617772,0.0559025,4.391945,0.7894576,0.06808661
swi27,0.9801045,0.8623524,0.07241687,0.9894359,0.8847385,0.0727379
swi02,0.9698639,0.7836749,0.04161904,1.171474,0.8338689,0.1493224
swi06,0.9802313,0.8296245,0.4059296,1.777166,0.8799849,0.4855318
swi12,-0.2239052,0.3392787,-0.002041967,-0.03116117,0.9992597,0.009263351
swi22,0.9341623,0.8312257,0.02585057,2.35278,0.7352259,0.07438411
swi17,0.779787,0.9174245,0.05643849,3.279692,0.7887683,0.06837931
swi27,0.9186986,0.831811,0.06134655,1.092637,0.8604374,0.06838413
swi02,0.9573804,0.7857391,0.04741263,1.162757,0.8397298,0.1507341
swi12,-0.3457211,0.335419,-0.002214986,-0.02757016,0.9993621,0.008201735
swi22,0.941586,0.8432313,0.03185241,2.498846,0.7298489,0.07468345
swi17,0.8582331,0.9568084,0.0589357,3.984177,0.7918511,0.06749659
swi27,0.9534594,0.8623822,0.07731031,1.088218,0.8769472,0.06917056
swi02,0.9692515,0.7803065,0.04543174,1.225339,0.8235325,0.1449973
swi06,0.9810915,0.83873,0.4355008,1.781825,0.8768756,0.4829743
swi12,-0.2533072,0.4262382,-0.001074447,-0.03095136,0.9994284,0.007031299
swi22,0.9731171,0.8365258,0.02952217,2.693492,0.7279659,0.07526219
swi17,0.8034209,0.9372048,0.05549087,4.445427,0.7702542,0.06711912
swi27,0.9537726,0.8461447,0.06857977,1.021792,0.8851213,0.07259351
swi02,0.9220471,0.7815099,0.04742524,1.240062,0.8287086,0.1476695
swi12,-0.3464577,0.3691184,-0.001064777,-0.02849079,0.9995207,0.008007037
swi22,0.9602395,0.8152192,0.02688402,2.568989,0.7260292,0.07584368
swi17,0.775774,0.9353913,0.05756263,4.123987,0.787391,0.06767169
swi27,0.9380541,0.8583923,0.07306602,1.153163,0.852172,0.06221809
swi06,0.9720364,0.8396171,0.4342632,1.811328,0.8798006,0.4913446
swi02,0.9719674,0.7633751,0.03820368,1.20429,0.8267087,0.1493398
swi12,-0.2226049,0.513817,0.0001214705,-0.02775139,0.999406,0.008062817
swi22,0.9517109,0.811475,0.02597515,2.141911,0.7369985,0.07971201
swi17,0.7256659,0.9121244,0.0575903,3.575739,0.7897405,0.06741301
swi27,0.9631532,0.8385993,0.06473924,1.073853,0.8761432,0.07274606
swi12,-0.3030499,0.4411317,-0.000667881,-0.03539638,0.9918762,0.009320673
swi02,0.9278329,0.7854144,0.0422221,1.18011,0.8287965,0.1512169
swi22,0.9285636,0.7981447,0.0283368,2.638757,0.7238238,0.07423471
swi17,0.7829148,0.9634325,0.06030796,5.347176,0.7824498,0.06458882
swi27,0.973,0.8518602,0.06739341,1.054738,0.8785141,0.07449822
swi06,0.9846517,0.833384,0.4251713,1.758275,0.8782669,0.4910817
swi12,-0.2385722,0.4493072,-0.001244257,-0.02817824,0.9995617,0.009084187
swi02,0.9850575,0.7924482,0.04881657,1.229688,0.8283877,0.1458776
swi22,0.9510946,0.8043793,0.02500112,2.431005,0.719424,0.07674533
swi17,0.7791582,0.936103,0.05852313,4.91483,0.7839305,0.06630573
swi27,0.9729802,0.8510644,0.07143948,1.070574,0.8830401,0.07087241
swi12,-0.2219306,0.3647657,-0.001644133,-0.02990632,0.9990516,0.008969983
swi02,0.9334254,0.7756843,0.043034,1.208794,0.8283003,0.1497409
swi22,0.9357906,0.8084981,0.02849286,2.656432,0.7284058,0.07455309
swi17,0.7970611,0.9359726,0.05839747,3.97607,0.7847626,0.06838971
swi27,0.9784399,0.8470325,0.06514896,1.026887,0.8843751,0.07197943
swi06,0.9791099,0.8391122,0.4309199,1.745713,0.8818709,0.4871277
swi12,-0.07493026,0.5295457,-0.0002640831,-0.02943837,0.9993787,0.008483772
swi22,0.9270898,0.8097913,0.02560581,2.211552,0.7517895,0.07615479
swi02,0.9859398,0.7954193,0.04516736,1.223567,0.8285053,0.1440473
swi17,0.7909223,0.9287764,0.0566121,3.854366,0.7767286,0.06500005
swi27,0.9735724,0.8443077,0.0624353,1.035861,0.8814547,0.07241246
swi12,0.2181061,0.5288867,0.0008902569,0.1035076,0.9756696,0.006501847
swi22,0.8806397,0.7763751,0.02753374,2.597865,0.7156531,0.07460017
swi17,0.8087539,0.9456572,0.05882655,3.892798,0.7808076,0.06679773
swi02,0.9723146,0.7979171,0.04648083,1.232528,0.8311423,0.1475891
swi27,0.9387879,0.85506,0.06688143,1.071607,0.85884,0.0674111
swi06,0.9818939,0.8306987,0.4237716,1.772866,0.8814439,0.4888738
swi12,-0.4146957,0.3319138,-0.003197274,-0.03268646,0.9994612,0.008364547
swi22,0.9481974,0.8281697,0.02717464,2.788175,0.7139491,0.07651743
swi17,0.749642,0.9084743,0.05597664,3.590633,0.7823718,0.06837038
swi27,0.9738612,0.8632433,0.07227269,1.072607,0.8712518,0.06759815
swi02,0.9799881,0.7837178,0.0447007,1.141215,0.8413387,0.1487123
swi12,-0.2968915,0.3345336,-0.001705876,-0.03011103,0.9997513,0.008736127
swi22,0.9258251,0.7791114,0.02816618,2.290621,0.7290724,0.07213669
swi17,0.8008245,0.9501329,0.05644304,4.76506,0.7857533,0.0668572
swi27,0.9881426,0.8601632,0.06765097,1.084517,0.8756019,0.06730285
swi06,0.9798805,0.8374145,0.4341396,1.799524,0.8757492,0.4868326
swi02,0.952212,0.7708345,0.04209618,1.191888,0.8399068,0.1550535
swi12,-0.1143387,0.5477096,0.001635094,0.09997714,0.9844996,0.00639977
swi22,0.9236139,0.8182547,0.03096186,2.312104,0.7277053,0.07369529
swi17,0.7604855,0.9311695,0.05517355,4.08246,0.7796522,0.06528612
swi27,0.9848153,0.8519436,0.0711803,1.143562,0.8585808,0.06687626
swi02,0.9801512,0.7830847,0.04437859,1.190566,0.8322702,0.1473702
swi12,-0.4299986,0.3462499,-0.002094966,-0.02873731,0.9992578,0.007941685
swi22,0.9407509,0.8347995,0.02607705,2.58437,0.7264125,0.07423754
swi17,0.7326381,0.9130307,0.05745832,3.805083,0.7861294,0.06742952
swi27,0.9708547,0.8573379,0.07201826,1.059866,0.864702,0.07013391
swi06,0.9823698,0.8279548,0.4184419,1.743853,0.881025,0.4948372
swi12,0.5087815,0.7482139,0.002811911,0.3701472,0.9841367,0.006499568
swi02,0.9621185,0.7677311,0.03943758,1.15156,0.8384563,0.1526672
swi22,0.878459,0.7702118,0.02350162,2.312597,0.7262949,0.07647599
swi17,0.8159167,0.9619815,0.05650935,4.565236,0.7929291,0.06779387
swi27,0.9390663,0.8615171,0.06550094,1.058867,0.8793803,0.07203753
swi12,-0.166254,0.4634307,-0.0008499989,-0.03486549,0.9991441,0.00753845
swi02,0.9031778,0.7757128,0.04383842,1.237326,0.8230844,0.1424916
swi22,0.9129103,0.7739951,0.02966931,2.000075,0.7272317,0.07758464
swi17,0.7877235,0.9448195,0.05714187,4.561298,0.7962269,0.06789371
swi27,0.9797754,0.8448721,0.0701942,1.060361,0.8753762,0.07439928
swi06,0.9856128,0.8382484,0.4398968,1.75713,0.879266,0.4888383
swi12,-0.591993,0.325738,-0.002260018,-0.03812712,0.9986722,0.00888651
swi02,0.9471541,0.7678304,0.04071487,1.185685,0.8350593,0.1468185
swi22,0.9210387,0.7967546,0.03170669,2.376503,0.7160508,0.07225224
swi17,0.768767,0.9287362,0.05731119,3.629889,0.7925027,0.06581262
swi27,0.9793603,0.8360584,0.06115359,1.060023,0.8731727,0.07151812
swi12,0.2176198,0.699898,0.00195187,0.1541809,0.9943884,0.006915641
swi02,0.9443486,0.798327,0.04927454,1.285635,0.816089,0.1460137
swi22,0.9335564,0.8070691,0.0255485,2.734804,0.7174322,0.07515138
swi17,0.7950032,0.943035,0.05248588,3.938973,0.7731256,0.06561425
swi27,0.9602503,0.8621945,0.06719764,1.08966,0.8587449,0.06751392
swi12,-0.2346397,0.4286286,-0.001182126,-0.03287021,0.9989337,0.00767466
swi06,0.9789164,0.8322105,0.4204192,1.776708,0.8800544,0.4902819
swi22,0.9063835,0.7965823,0.02802445,2.469661,0.7306726,0.07486813
swi02,0.9695455,0.7993826,0.04618352,1.207448,0.8234249,0.1458057
swi17,0.7557127,0.9038865,0.05820535,3.258365,0.7922442,0.068011
swi27,0.9632495,0.8553537,0.06533018,1.094973,0.8632599,0.06837408
swi12,-0.2451515,0.3847543,-0.001654917,-0.0310909,0.9993036,0.007684359
swi22,0.9290231,0.8199216,0.02664704,2.538695,0.7214194,0.0778037
swi17,0.824153,0.9528455,0.05859631,4.036532,0.7902677,0.06716751
swi02,0.9719355,0.7867129,0.04624445,1.185169,0.8284479,0.1446715
swi27,0.9807535,0.8353046,0.06470627,1.115171,0.8657037,0.07000098
swi12,-0.4099489,0.360656,-0.001295239,-0.02807756,0.9991629,0.007991101
swi06,0.9835037,0.8376873,0.434965,1.776658,0.8784796,0.4940464
swi22,0.9192424,0.7980669,0.02765423,2.44176,0.711565,0.07541867
swi17,0.7549652,0.9216341,0.05492628,3.533381,0.793527,0.06779903
swi27,0.9515333,0.8474738,0.07301377,1.168871,0.8476558,0.06502444
swi02,0.9721744,0.8004838,0.04634846,1.200351,0.8255929,0.1437568
swi12,-0.2735084,0.4224224,-0.001662103,-0.03202644,0.9983122,0.007839805
swi22,0.9226055,0.8061261,0.02693511,2.855903,0.7264128,0.07521383
swi17,0.8054295,0.9315045,0.05783691,3.522245,0.7836285,0.06646033
swi27,0.9881984,0.8573518,0.06963335,1.162564,0.8528147,0.0649489
swi02,0.8918862,0.7301745,0.03256016,1.174378,0.8289067,0.152585
swi12,0.3214105,0.7172137,0.002133735,0.2105187,0.972921,0.006590464
swi06,0.9781123,0.8357257,0.4341149,1.760514,0.8817295,0.4915566
swi22,0.9217906,0.8192541,0.02925131,2.65493,0.72341,0.07531702
swi17,0.8019046,0.9481536,0.05640375,4.307622,0.7885533,0.06659295
swi27,0.9636954,0.8624246,0.0661293,1.05773,0.880109,0.07047017
swi02,0.9579867,0.7692671,0.04176003,1.204412,0.8315916,0.1509541
swi12,0.05081636,0.4115311,-0.001286456,-0.02914459,0.9996701,0.009052344
swi22,0.9505309,0.8026708,0.02630413,2.807789,0.7205585,0.07609729
swi27,0.9876913,0.8470242,0.0662071,1.101123,0.8514241,0.0670719
swi17,0.749674,0.9164757,0.05636029,2.92498,0.80106,0.06815661
swi12,-0.2136107,0.4151366,-0.001639585,-0.03963879,0.9935616,0.008146366
swi06,0.9824674,0.8350231,0.4298581,1.788761,0.8746874,0.4849689
swi02,0.9248593,0.7720775,0.04033022,1.224078,0.8284872,0.1496998
swi22,0.9142581,0.800036,0.0291184,2.570024,0.7295352,0.07718281
swi27,0.9876429,0.855568,0.07137757,1.120433,0.8590007,0.06909536
swi17,0.7815858,0.9009861,0.05968883,3.425138,0.7801078,0.06659304
swi12,-0.3234609,0.2680177,-0.003431315,-0.03386824,0.9993327,0.007948861
swi02,0.9704997,0.7848845,0.04026807,1.213561,0.8299768,0.1530631
swi22,0.9284927,0.796214,0.02882912,2.597949,0.7242719,0.07756916
swi17,0.8201105,0.9324769,0.05829203,3.58689,0.7735154,0.06452194
swi12,-0.3529985,0.3746781,-0.001800812,-0.03924919,0.9978394,0.00829456
swi06,0.9787856,0.8350052,0.4266729,1.788735,0.8814053,0.4950299
swi02,0.9594488,0.7882612,0.04380967,1.153121,0.8292747,0.1479487
swi22,0.9269022,0.8244761,0.02431156,2.19373,0.7320577,0.07332494
swi28,0.9929087,0.8163775,0.4645307,1.699318,0.8805614,0.4764179
swi17,0.7218104,0.9133389,0.05042011,3.23658,0.7892408,0.06799266
swi12,-0.1320388,0.4596475,-0.0002351713,-0.03310053,0.9994516,0.006693007
swi02,0.941851,0.8032401,0.04278903,1.183058,0.8357673,0.1504273
swi22,0.9559327,0.8298152,0.02929107,2.703439,0.7191419,0.07320097
swi17,0.7621152,0.9412454,0.05621448,3.955974,0.7849386,0.06789861
swi06,0.9773537,0.8346085,0.4348871,1.798074,0.8788222,0.4827295
swi12,-0.3790598,0.330252,-0.002453801,-0.03290034,0.9990989,0.009169624
swi23,0.9628703,0.8559216,0.2778068,1.091137,0.9476533,0.211427
swi02,0.9674239,0.7702024,0.0459815,1.203213,0.8283931,0.1444432
swi28,0.9913493,0.8141697,0.4586709,1.660776,0.8848508,0.4802482
swi17,0.734056,0.92194,0.05649452,4.227591,0.7862501,0.06695
swi12,0.8069122,0.8333167,0.003064442,0.5360741,0.9696219,0.006650174
swi07,0.9665236,0.9160384,0.0431704,2.928106,0.7961088,0.1337303
swi23,0.9644221,0.8489202,0.2832373,1.110101,0.9467767,0.2089381
swi02,0.9116558,0.763279,0.03905735,1.223256,0.8290025,0.1491479
swi17,0.7548878,0.9280566,0.05899196,3.866741,0.7872517,0.06827787
swi12,0.1088921,0.4565128,-0.000482998,-0.03432394,0.9984536,0.007846707
swi07,0.9588581,0.9075972,0.0427748,2.967086,0.8038725,0.1315965
swi23,0.9675731,0.8575754,0.2821941,1.12236,0.9394595,0.2064478
swi28,0.9948014,0.8235704,0.4719753,1.712511,0.8811682,0.4752924
swi02,0.9675419,0.77038,0.04505079,1.187389,0.8351683,0.1497692
swi18,0.8298206,0.9086736,0.004610086,3.133434,0.7850197,0.05509311
swi12,-0.01089969,0.5254396,-7.052996e-05,-0.0334425,0.9983263,0.008616456
swi07,0.9668077,0.9013226,0.04706839,2.844294,0.795021,0.131621
swi23,0.9711322,0.8546386,0.2806109,1.142391,0.9451498,0.206901
swi18,0.8439539,0.8851737,0.003928216,3.375197,0.7666993,0.0559581
swi12,0.2305811,0.621243,0.00172765,0.22566,0.9679252,0.006670735
swi02,0.9719142,0.7673198,0.04372321,1.225463,0.8293981,0.1526071
swi07,0.9218677,0.9037915,0.04333912,3.260456,0.7899634,0.1286783
swi28,0.9905812,0.8170647,0.4663183,1.712475,0.8806843,0.4742567
swi23,0.9576502,0.8536775,0.2713206,1.103319,0.9403742,0.207648
swi18,0.7037868,0.9088132,0.003597822,3.604584,0.7532168,0.05279277
swi02,0.944407,0.7643477,0.04305454,1.242512,0.8215723,0.1473452
swi07,0.9611553,0.907457,0.04324641,2.987989,0.7938538,0.1330608
swi13,0.9819019,0.7690202,0.3573371,1.42986,0.8648335,0.3565183
swi23,0.9674991,0.8629949,0.2857039,1.142102,0.9427557,0.2015168
swi18,0.967223,0.9700128,0.00334107,3.40684,0.7777537,0.05076933
swi02,0.9453854,0.7743475,0.04083844,1.215555,0.8273918,0.1408929
swi07,0.9617842,0.907456,0.04654922,2.941827,0.7919626,0.1325153
swi28,0.9929,0.8120452,0.4583124,1.702413,0.8823599,0.4764952
swi23,0.9629336,0.8556733,0.2800191,1.10837,0.9455915,0.2025398
swi18,0.8903989,0.9575211,0.005020813,3.493022,0.770878,0.05254027
swi13,0.9792521,0.7760108,0.355091,1.462638,0.8634608,0.3555265
swi02,0.9445581,0.7895884,0.04223552,1.264644,0.8175905,0.1446371
swi07,0.949727,0.9022132,0.04306766,2.80041,0.7809514,0.1289101
swi18,0.8404957,0.9614641,0.006432038,3.549518,0.7646282,0.05167956
swi23,0.9682608,0.8627749,0.2820012,1.104594,0.9451378,0.2055825
swi02,0.9586666,0.7742445,0.04120592,1.239431,0.8312497,0.151209
swi13,0.9830268,0.7647193,0.3452317,1.425154,0.8694944,0.355695
swi07,0.9369287,0.8974012,0.04188847,2.719852,0.7915366,0.1318966
swi28,0.9937454,0.8057405,0.4513497,1.680891,0.8821921,0.4777885
swi18,0.756331,0.9211025,0.004875387,3.249008,0.7751798,0.05392825
swi23,0.9714754,0.8561941,0.273363,1.146793,0.9387072,0.2005928
swi02,0.9658995,0.8106854,0.04789789,1.200057,0.8317429,0.1460077
swi07,0.9732288,0.9108235,0.04388698,3.176069,0.7889523,0.1293443
swi18,0.7134601,0.9597849,0.004386159,3.265085,0.7764926,0.05249091
swi23,0.9650948,0.8648349,0.2790178,1.133916,0.9425884,0.2061304
swi13,0.9845828,0.7705954,0.3418831,1.474929,0.8609614,0.3477418
swi02,0.933158,0.7797307,0.04401304,1.207242,0.8360344,0.1506295
swi07,0.9672982,0.916191,0.04190144,3.080375,0.7942533,0.1292467
swi28,0.9923998,0.8105033,0.4595617,1.661749,0.8821794,0.4768434
swi18,0.8131084,0.9667337,0.005582325,3.344916,0.7707646,0.05354156
swi23,0.9669204,0.8599491,0.2766236,1.139701,0.9443435,0.2078667
swi13,0.9815424,0.7652608,0.3408469,1.425691,0.8701178,0.3607134
swi07,0.9528204,0.9070043,0.04689998,2.750242,0.7968995,0.1315554
swi02,0.9225881,0.7811162,0.04187463,1.220775,0.8315289,0.1497159
swi18,0.7886477,0.9375263,0.003646087,3.107294,0.7697157,0.05263411
swi23,0.9476787,0.8561931,0.2949948,1.217864,0.9402102,0.2072133
swi07,0.9649146,0.9140184,0.04606831,2.69305,0.798133,0.1318341
swi28,0.9914473,0.8137558,0.4627552,1.707187,0.881576,0.4759082
swi02,0.9574193,0.8054102,0.04562414,1.142656,0.8350167,0.1501272
swi18,0.6853778,0.8528498,0.004902201,2.585274,0.7647549,0.05230515
swi13,0.9794041,0.7686953,0.3438259,1.427912,0.8656626,0.3537578
swi23,0.9762817,0.85633,0.2866274,1.155117,0.9379771,0.2096819
swi07,0.9675832,0.9145708,0.04194354,2.810224,0.7963689,0.1337165
swi03,0.8767947,0.9240195,0.02891971,1.123811,0.9448439,0.06763387
swi18,0.935794,0.9574331,0.004836843,3.051075,0.7945219,0.0537323
swi23,0.959569,0.8501495,0.2676313,1.122312,0.940472,0.2060892
swi13,0.9912055,0.7790954,0.3675522,1.492287,0.8606746,0.3463085
swi28,0.9917907,0.8160174,0.4670534,1.675251,0.880413,0.4821738
swi07,0.9504208,0.8918558,0.04238926,2.443355,0.7973316,0.133257
swi03,0.8682256,0.9038848,0.02794109,1.102418,0.9487574,0.06373225
swi18,0.8703677,0.9187405,0.004678214,3.099709,0.7819423,0.05583607
swi23,0.9558816,0.8497366,0.2669884,1.090793,0.9453019,0.2056179
swi07,0.9387519,0.9191347,0.04415938,2.847143,0.7871281,0.1303414
swi03,0.9697104,0.9243109,0.03072552,1.025506,0.9509771,0.06575079
swi18,0.8917528,0.924294,0.004440529,3.18932,0.7695354,0.05373789
swi13,0.9742693,0.7664823,0.3457095,1.435889,0.8661884,0.3505169
swi23,0.979684,0.8569489,0.2852362,1.115654,0.9493997,0.2028361
swi28,0.9905848,0.8111316,0.4554846,1.725104,0.877144,0.4722031
swi07,0.9186229,0.9027496,0.0380738,2.830869,0.7869548,0.1276314
swi03,0.9546781,0.896122,0.02528235,0.9524708,0.9549231,0.07011131
swi18,0.8230473,0.9244133,0.004389032,3.382779,0.773951,0.05294178
swi23,0.9626974,0.8661628,0.2854394,1.060427,0.9477522,0.2042552
swi13,0.9887402,0.7609677,0.3455535,1.447264,0.8667599,0.3512032
swi18,0.7468241,0.952492,0.002804691,3.038586,0.7702926,0.0529078
swi07,0.9652216,0.8999401,0.04202599,2.470275,0.8009777,0.1317604
swi03,0.9531213,0.9212789,0.03110116,1.090499,0.9430728,0.06428287
swi23,0.9447991,0.8423776,0.2612294,0.973657,0.9499574,0.2055078
swi28,0.992047,0.8127018,0.4563332,1.694139,0.8810919,0.4797814
swi18,0.8819467,0.9221889,0.002851264,3.391439,0.7699037,0.0539555
swi03,0.9774645,0.9242231,0.02684036,1.062454,0.9474396,0.06996494
swi07,0.9686559,0.917126,0.03933741,2.953793,0.795837,0.1296748
swi13,0.9778254,0.7734527,0.3384347,1.414847,0.8703782,0.3515221
swi23,0.9285075,0.846722,0.2622728,0.9761136,0.9453159,0.207998
swi18,0.7900273,0.8717776,0.004790073,3.425923,0.7680397,0.05263256
swi03,0.8562207,0.8790103,0.03062817,1.016709,0.9549798,0.06742204
swi07,0.9392713,0.9001327,0.04124839,2.832857,0.7967356,0.1349735
swi23,0.9663751,0.8567728,0.2902624,1.139242,0.9414919,0.2027638
swi13,0.9823012,0.7776658,0.354935,1.428533,0.8676054,0.3475926
swi28,0.9930004,0.8104753,0.4561676,1.719231,0.8790051,0.4739852
swi03,0.9057449,0.9189402,0.02703114,0.9506603,0.9511193,0.06727729
swi18,0.8391284,0.9141384,0.004499794,3.136921,0.7764397,0.05487498
swi07,0.9554718,0.9119235,0.04064306,3.033793,0.7935154,0.1313328
swi23,0.9397465,0.8499639,0.2766947,1.03041,0.9483429,0.2079958
swi18,0.786982,0.9064718,0.004579906,3.208265,0.7680717,0.05156323
swi03,0.9185986,0.9127442,0.02741889,1.134428,0.9411634,0.06605259
swi07,0.9615111,0.9201459,0.04613667,2.907499,0.7856771,0.1339464
swi13,0.9807327,0.7729706,0.3448033,1.404628,0.8696889,0.3569213
swi23,0.9389941,0.8625666,0.2823622,1.004175,0.9469924,0.2077628
swi28,0.9941928,0.8042051,0.4393597,1.682386,0.880168,0.4721283
swi03,0.9688712,0.9140559,0.02683983,0.9632272,0.9484211,0.0657379
swi18,0.8512729,0.9402343,0.0038308,3.446646,0.7656421,0.05294211
swi07,0.9639971,0.9106638,0.04212777,2.894053,0.7911423,0.1269838
swi23,0.9279323,0.8407624,0.2618524,1.023447,0.9496744,0.2052525
swi13,0.9763545,0.7715576,0.3527737,1.422895,0.8670428,0.3541967
swi03,0.8797737,0.9091969,0.02875098,0.9721518,0.9536034,0.06611579
swi18,0.8645244,0.9522988,0.004460414,3.274516,0.7616887,0.05407204
swi07,0.9628987,0.9047715,0.04631243,2.89069,0.8026466,0.1300801
swi23,0.9517772,0.8499883,0.2654198,1.070836,0.9427392,0.2015166
swi28,0.9909183,0.8098974,0.4611336,1.700015,0.8798194,0.4760411
swi03,0.8823683,0.9209346,0.03487278,1.032012,0.9485655,0.06724231
swi18,0.8850693,0.9584101,0.004442945,3.102255,0.7650964,0.05268036
swi13,0.9799468,0.7819516,0.3629986,1.42142,0.8669482,0.3544324
swi07,0.9471728,0.9107751,0.04037475,3.028256,0.7800954,0.1268833
swi23,0.968333,0.8585977,0.3014781,1.174226,0.9405579,0.2074109
swi03,0.986164,0.9199073,0.02836546,0.9637851,0.9453809,0.06509864
swi18,0.8758884,0.9613821,0.005564266,3.568551,0.762677,0.05126072
swi07,0.9428847,0.9112471,0.04522426,2.868941,0.7884223,0.1313168
swi13,0.9784552,0.7734654,0.3553151,1.42229,0.8672848,0.3579871
swi28,0.9937529,0.8156984,0.4747712,1.70431,0.8800202,0.4738201
swi23,0.949848,0.8554934,0.2716028,1.090455,0.943518,0.2106636
swi03,0.9368469,0.8991028,0.02847375,0.9756029,0.9562198,0.07124808
swi18,0.4352762,0.9251774,0.004116643,3.441662,0.7632474,0.05323557
swi07,0.9638677,0.9186948,0.04279715,3.00723,0.7925615,0.1352895
swi23,0.9749163,0.8607457,0.2919153,1.132948,0.9469188,0.2059588
swi18,0.7947609,0.8997345,0.003677192,3.59924,0.7674316,0.05298905
swi03,0.883458,0.9110012,0.03144543,1.142799,0.9382732,0.06517734
swi13,0.9792521,0.768096,0.3451962,1.414697,0.8705977,0.3562601
swi07,0.9524478,0.9194559,0.04153332,2.67613,0.7916675,0.132132
swi28,0.992929,0.8168735,0.4679403,1.705573,0.881116,0.4755825
swi18,0.7174305,0.9098612,0.004478849,3.331969,0.7638348,0.05291048
swi23,0.9646633,0.8560658,0.2837095,1.12102,0.9437284,0.2056349
swi03,0.9651772,0.8969444,0.02403932,0.9747443,0.9396801,0.06363297
swi07,0.9735953,0.9213601,0.04502158,2.950595,0.7911424,0.130875
swi13,0.975273,0.7742285,0.3473408,1.448078,0.8656827,0.3579035
swi18,0.8764835,0.9334016,0.005688621,3.213403,0.7757342,0.05221597
swi03,0.9635558,0.9156531,0.03149228,1.033741,0.9454557,0.06296427
swi23,0.9798506,0.8524366,0.2719746,1.1759,0.9409946,0.2044011
swi07,0.9524272,0.9054296,0.03719275,2.779105,0.7984768,0.1327473
swi28,0.9908335,0.8144905,0.4585665,1.710847,0.8817935,0.476917
swi18,0.9193529,0.9387995,0.004742842,3.172117,0.7779332,0.05419419
swi03,0.9803341,0.9158494,0.03177557,1.012382,0.9451296,0.06610053
swi23,0.9792363,0.8667818,0.2919936,1.161761,0.9426217,0.2067694
swi13,0.9825783,0.7798317,0.3619303,1.439172,0.8639804,0.350687
swi07,0.9476611,0.9205795,0.04531379,2.770157,0.7986906,0.1325477
swi18,0.9507628,0.9274614,0.0042806,3.421372,0.7597608,0.05196603
swi03,0.9664465,0.9207369,0.02957153,1.015568,0.9470227,0.06399304
swi23,0.9586039,0.8520432,0.2739699,0.9959765,0.9478618,0.2035975
swi28,0.9892987,0.8129413,0.4624903,1.6808,0.8816259,0.4791659
swi18,0.9266239,0.914175,0.003668249,3.680182,0.7601871,0.05386175
swi07,0.9414256,0.9090543,0.04274647,3.205826,0.7944678,0.129359
swi13,0.9815466,0.7801191,0.363122,1.429543,0.8684016,0.3548764
swi03,0.9892878,0.9125088,0.03427801,0.9587029,0.9522103,0.065375
swi23,0.9687017,0.861292,0.2861523,1.126049,0.9447542,0.2083808
swi18,0.8703247,0.9406017,0.006229463,3.49023,0.7753305,0.055516
swi07,0.9790978,0.9239626,0.04039855,2.855015,0.8015215,0.1319644
swi03,0.9617356,0.9061111,0.02962064,1.086438,0.944437,0.06606985
swi23,0.9808728,0.8636075,0.2944351,1.162492,0.9420658,0.2081247
swi13,0.9848124,0.7653342,0.3490068,1.442997,0.8659875,0.3566286
swi28,0.9939148,0.81459,0.459055,1.656219,0.8854886,0.4867408
swi18,0.7717306,0.92332,0.004042166,3.409145,0.7656616,0.05227504
swi03,0.915944,0.8820935,0.02978145,0.9353811,0.9493343,0.0629637
swi07,0.9410872,0.9030214,0.04248895,2.953535,0.7910469,0.1326501
swi23,0.9769942,0.8522158,0.2786165,1.132892,0.9449786,0.2057672
swi18,0.8336179,0.9466364,0.003314697,3.274746,0.7698552,0.05443704
swi03,0.8779271,0.91283,0.03003796,1.008259,0.9543073,0.0675035
swi07,0.9402117,0.9155726,0.04200586,3.01898,0.7853775,0.1295669
swi13,0.9784657,0.7775197,0.3475967,1.416881,0.8641772,0.35589
swi23,0.9802305,0.8572573,0.2879418,1.13081,0.9456451,0.2039451
swi28,0.9933736,0.8126417,0.451409,1.652382,0.8865984,0.4824521
swi18,0.9182868,0.9486903,0.005331626,3.832342,0.7474168,0.05382138
swi03,0.9636302,0.9095951,0.02636103,1.014375,0.949424,0.06506351
swi07,0.9694366,0.920949,0.04590332,2.857129,0.7916578,0.1314066
swi23,0.9666843,0.8506138,0.2651928,1.064506,0.9474661,0.2081848
swi13,0.9774396,0.7787537,0.3656388,1.434752,0.8675361,0.3540989
swi18,0.8501343,0.9230737,0.004318178,3.341272,0.7820189,0.05570835
swi03,0.8649516,0.8917854,0.0314477,0.9877477,0.9481104,0.06218274
swi07,0.9567042,0.8946137,0.04324409,2.496753,0.7911414,0.1293458
swi23,0.963261,0.8558071,0.2724457,1.159174,0.9385674,0.2075327
swi28,0.9922235,0.8074272,0.4430046,1.656669,0.8839179,0.4779567
swi18,0.7694713,0.9159671,0.005182828,3.465623,0.7853404,0.05516798
swi03,0.9778032,0.9245912,0.03224503,0.9549541,0.9516607,0.0654596
swi13,0.9880977,0.7781899,0.3630875,1.464245,0.8632195,0.3549158
swi07,0.9665938,0.9180276,0.04193399,2.980651,0.7888037,0.1304115
swi23,0.9670346,0.8594515,0.2720958,1.050037,0.9455386,0.2099731
swi18,0.6716674,0.931508,0.004326756,3.488753,0.7562239,0.05403435
swi03,0.9616471,0.9123361,0.03156587,1.02738,0.9493119,0.06694041
swi07,0.9313005,0.9167855,0.04119272,2.975062,0.7902621,0.1316187
swi13,0.9682556,0.76841,0.3539702,1.437603,0.8647617,0.3529907
swi23,0.9610115,0.8641665,0.2838218,1.105942,0.9411281,0.2084949
swi18,0.8309353,0.9181298,0.0044676,3.499084,0.7650082,0.05321353
swi28,0.9913533,0.8111904,0.4542774,1.717847,0.8792507,0.4701744
swi03,0.8999999,0.8990782,0.02554497,1.040879,0.9503529,0.06687616
swi07,0.951888,0.9009211,0.04389084,2.862378,0.7945691,0.129835
swi23,0.9496416,0.8520218,0.2715537,1.100496,0.9435926,0.2042828
swi18,0.9304316,0.9765935,0.005111939,3.581908,0.7702813,0.05371562
swi03,0.9246049,0.9127964,0.02937002,1.032121,0.9493339,0.0647725
swi13,0.9806647,0.7767633,0.3640085,1.424979,0.8697406,0.3568329
swi07,0.9596468,0.9070202,0.04365153,2.643324,0.7995547,0.1306987
swi23,0.9845327,0.8613147,0.2907812,1.174824,0.9371118,0.2005834
swi18,0.9425496,0.9452456,0.004875804,3.250753,0.7605534,0.05284024
swi03,0.9260521,0.9212171,0.0316673,1.197589,0.9366858,0.06351904
swi28,0.9946448,0.8119202,0.4553647,1.712531,0.8778806,0.4711549
swi07,0.958854,0.9124501,0.04180218,2.957527,0.7957499,0.135217
swi13,0.9830602,0.7711011,0.3494829,1.405547,0.8699087,0.3583653
swi18,0.8904472,0.9438379,0.005283094,3.129995,0.7628181,0.05423009
swi23,0.9490686,0.8445403,0.259609,1.080187,0.9409703,0.2042653
swi03,0.8676958,0.9082818,0.028707,0.957172,0.9531958,0.07042205
swi07,0.9574847,0.9029028,0.04202491,2.793876,0.7944844,0.1302085
swi18,0.8136881,0.9031597,0.00370875,3.522385,0.7607652,0.05225111
swi03,0.9576187,0.9104383,0.02931207,1.068008,0.9445073,0.0718171
swi28,0.9933107,0.8177886,0.4692327,1.696955,0.8838902,0.4763921
swi23,0.963308,0.8530527,0.2756106,1.10876,0.9452697,0.2142747
swi13,0.9799013,0.7734966,0.3527005,1.444077,0.8651923,0.3543067
swi07,0.9585341,0.9109918,0.0427617,2.847045,0.7898903,0.1296244
swi18,0.9138575,0.9340781,0.004402548,3.305011,0.7850786,0.05347757
swi03,0.9843858,0.924253,0.03026831,1.041152,0.9504678,0.06866519
swi23,0.9682108,0.8574346,0.2685823,1.099469,0.9451066,0.2047872
swi07,0.9533587,0.910277,0.03993523,3.04989,0.7862893,0.132771
swi13,0.9711968,0.7704061,0.3472147,1.408452,0.8693127,0.3564649
swi18,0.8729763,0.9266228,0.005631061,3.177556,0.7751376,0.05272937
swi03,0.8763022,0.9123838,0.03131633,1.036242,0.9462856,0.06265727
swi28,0.9904971,0.8173944,0.4750184,1.686739,0.8803249,0.4833788
swi23,0.9620865,0.8549135,0.2772263,1.115002,0.9423626,0.2085382
swi07,0.9506698,0.9109177,0.0414052,3.054706,0.7887182,0.1290863
swi18,0.9177619,0.9625783,0.00461911,2.919925,0.7848204,0.05411005
swi03,0.9375582,0.91713,0.03031199,1.063816,0.9472629,0.06369739
swi23,0.9694347,0.8612519,0.2875986,1.104846,0.9421716,0.2061872
swi13,0.9839637,0.7750528,0.3597374,1.467746,0.8628233,0.3568784
swi18,0.9470922,0.9431945,0.004809693,3.706831,0.7546359,0.05310462
swi07,0.9618297,0.9085054,0.04201954,2.860361,0.791697,0.1320353
swi03,0.984404,0.9012123,0.02877313,1.136899,0.9384656,0.06513538
swi28,0.9873914,0.8153209,0.4724218,1.685285,0.8829793,0.4785179
swi23,0.9633238,0.8558498,0.2726671,1.063433,0.9466103,0.2037185
swi18,0.7690294,0.9405256,0.005287757,3.686596,0.7672318,0.05258864
swi13,0.9817265,0.7763833,0.3547764,1.439527,0.8665686,0.3523511
swi03,0.9058344,0.9276166,0.02810743,1.090993,0.9485946,0.06420033
swi07,0.9687119,0.9105831,0.04056716,2.846176,0.803911,0.1302333
swi23,0.9501622,0.8512203,0.278126,1.091615,0.9469871,0.2103926
swi03,0.860168,0.9048094,0.03040196,1.22019,0.9385016,0.06710574
swi18,0.76623,0.8652522,0.003773863,2.917654,0.7791495,0.05297352
swi28,0.9909395,0.8090493,0.4592613,1.659778,0.8811098,0.4811918
swi07,0.9610102,0.9225024,0.0400395,2.919851,0.7944245,0.1283256
swi23,0.954895,0.8546367,0.2773986,1.102135,0.9460248,0.2095713
swi13,0.9926384,0.784541,0.3703878,1.382617,0.8725664,0.3608039
swi03,0.9592559,0.9193767,0.03324633,1.050815,0.9407907,0.06186517
swi18,0.8678496,0.9301097,0.00537118,3.413663,0.7696614,0.05490747
swi07,0.9400947,0.9006761,0.04238168,2.710252,0.7959427,0.1334751
swi23,0.9662532,0.8527663,0.2726761,1.139163,0.9427668,0.206967
swi19,0.851249,0.8566139,0.003572188,1.21352,0.7660455,0.006251382
swi03,0.8630656,0.9076803,0.03109871,1.080088,0.9420759,0.06412945
swi28,0.9919912,0.8089934,0.452941,1.697287,0.882201,0.4770409
swi13,0.9786482,0.7709787,0.34788,1.401865,0.8676786,0.3552023
swi07,0.9609619,0.9085303,0.04338419,2.646405,0.7955204,0.1322563
swi24,0.9476923,0.7579872,0.03868067,1.088444,0.7742722,0.03864651
swi19,0.8329468,0.9265092,0.00296684,2.471645,0.7472941,0.005682088
swi03,0.883016,0.9044377,0.02984271,1.194933,0.9375271,0.0642808
swi24,0.9706194,0.7307961,0.03557519,1.055796,0.7773989,0.03780161
swi19,0.6742756,0.8940635,0.00328995,1.896222,0.7811856,0.005474841
swi08,0.9795645,0.8645453,0.08821663,1.705862,0.8331242,0.2104807
swi13,0.9805366,0.7786999,0.359297,1.413874,0.8666199,0.3541375
swi03,0.9349761,0.9062797,0.02850499,0.9135038,0.9524942,0.06269298
swi28,0.9942054,0.8196278,0.481812,1.719591,0.8791246,0.4720367
swi19,0.781016,0.8912111,0.002788028,1.78048,0.7646895,0.00595762
swi24,0.9727875,0.7636113,0.03938569,1.044987,0.7791592,0.03960697
swi08,0.9683031,0.8545045,0.07803054,1.739937,0.8278386,0.2048665
swi03,0.9687606,0.9120855,0.03055926,0.9951969,0.9545775,0.06420691
swi19,0.7078225,0.9049012,0.002246309,1.593928,0.7831967,0.006158737
swi13,0.9540587,0.7648801,0.3297408,1.482828,0.859795,0.3544499
swi24,0.9174352,0.7331414,0.03421059,1.172335,0.7569175,0.0364843
swi08,0.9801359,0.8623961,0.0840852,1.665607,0.8299911,0.2056063
swi19,0.740973,0.8847127,0.003307265,1.820493,0.7562628,0.006100624
swi03,0.9040525,0.9156182,0.02600603,1.096917,0.9458175,0.06298897
swi28,0.9899228,0.8068968,0.4468641,1.698476,0.8825528,0.4732693
swi24,0.9147149,0.7206139,0.0314718,0.9423476,0.7859665,0.04192688
swi13,0.9827716,0.7698987,0.3461685,1.457742,0.864847,0.3483136
swi19,0.7191902,0.8950531,0.001643734,1.447717,0.7758382,0.005861386
swi03,0.920315,0.9171682,0.03286173,1.146137,0.9401032,0.06747128
swi08,0.9815308,0.8588393,0.08742061,1.672296,0.8330272,0.2087791
swi24,0.9139854,0.7317613,0.03746785,1.012982,0.7531826,0.03378057
swi19,0.6483301,0.8628659,0.002798966,1.155696,0.7569433,0.005694219
swi03,0.9883992,0.9214776,0.02422272,1.090224,0.9409435,0.06420812
swi28,0.9940313,0.8116998,0.4638558,1.68,0.8821965,0.4734794
swi08,0.9732059,0.8600055,0.0823235,1.738054,0.8310891,0.2090026
swi13,0.9761751,0.7776834,0.3525797,1.438951,0.8652978,0.3549179
swi24,0.9440748,0.7647178,0.03752325,0.9760501,0.7800175,0.03769844
swi19,0.9361914,0.9682072,0.003637751,3.940883,0.7410833,0.0054985
swi03,0.8428691,0.9086862,0.02991456,0.9834616,0.956203,0.06701408
swi24,0.9381566,0.7001218,0.02850446,1.030397,0.7815336,0.03719376
swi19,0.7312358,0.9189225,0.004042665,2.218485,0.8028934,0.005873992
swi08,0.9730924,0.862209,0.0877012,1.739275,0.8275542,0.2067553
swi13,0.9862193,0.7723259,0.3395118,1.461094,0.8639335,0.3550465
swi03,0.9787786,0.9330864,0.02978435,1.101721,0.9413884,0.06330649
swi28,0.9944029,0.8169746,0.4722927,1.673901,0.8798687,0.4760064
swi19,0.8584313,0.8756379,0.003543174,2.149685,0.7174731,0.005901464
swi24,0.8845929,0.709475,0.03155908,0.939923,0.7885031,0.04117126
swi08,0.9641105,0.8591915,0.09040579,1.631783,0.837428,0.2155383
swi03,0.9919059,0.912833,0.02794852,1.050893,0.9428717,0.0652337
swi19,0.8475131,0.9423751,0.002991407,2.480878,0.8080291,0.006162237
swi24,0.938274,0.7220043,0.03401502,1.220437,0.7612088,0.03427502
swi13,0.9819263,0.7705524,0.3530003,1.453473,0.8646081,0.3551032
swi08,0.9748482,0.8611677,0.08482181,1.778241,0.8241242,0.2045365
swi19,0.8171447,0.880897,0.003526805,1.641819,0.7904439,0.005438888
swi03,0.914723,0.9144718,0.02656543,1.173628,0.94431,0.06075424
swi28,0.9963073,0.8203365,0.4714364,1.730155,0.8806951,0.4735689
swi24,0.8923381,0.745968,0.0338695,1.011695,0.7753175,0.03864977
swi19,0.9597163,0.9307133,0.004389722,1.667232,0.7672045,0.005870556
swi13,0.9792363,0.7698297,0.3451742,1.445255,0.862715,0.3543775
swi08,0.9728212,0.8584764,0.09168919,1.66281,0.8353638,0.2119819
swi04,0.9544967,0.8886705,0.02337913,1.904156,0.7823899,0.10066
swi24,0.8954082,0.7093005,0.02564183,1.174086,0.7701837,0.03759354
swi19,0.2218219,0.616729,0.00116013,0.6895355,0.8178627,0.005893897
swi04,0.9680787,0.8772012,0.02278698,1.997415,0.7764727,0.10332
swi24,0.9303752,0.7291787,0.03082522,1.026121,0.7778742,0.03759512
swi28,0.9936515,0.8111251,0.4559337,1.68939,0.8807018,0.4771439
swi08,0.981148,0.8709456,0.08543014,1.8304,0.8235842,0.2016821
swi13,0.978682,0.7733068,0.3569286,1.450564,0.8649017,0.3497605
swi19,0.9202635,0.9022466,0.004416882,1.700203,0.7404472,0.005665726
swi24,0.967984,0.7306039,0.03694403,1.065065,0.7703346,0.03959808
swi04,0.9709613,0.8769222,0.02444702,2.036244,0.7789125,0.105057
swi19,0.859318,0.9254289,0.003624542,1.927125,0.7474774,0.006026748
swi08,0.9689517,0.8521789,0.08542086,1.669506,0.8335462,0.2088434
swi13,0.9881012,0.7739228,0.3557966,1.419354,0.8654749,0.3502784
swi24,0.960518,0.733808,0.03533142,1.00893,0.7893373,0.04004451
swi04,0.9733656,0.8680148,0.02283528,1.971942,0.7802318,0.09941862
swi19,0.8583083,0.841046,0.004320514,1.951245,0.7735566,0.005348355
swi28,0.9921569,0.814187,0.4618386,1.668512,0.8811631,0.4815873
swi08,0.9804742,0.8653274,0.08497178,1.699482,0.8331879,0.2078698
swi19,0.6193672,0.8794113,0.00496125,1.710863,0.7224764,0.006011734
swi24,0.9359437,0.7466493,0.03297355,1.013335,0.7969358,0.03912446
swi04,0.9317364,0.8872045,0.02012761,2.211524,0.7659045,0.1004234
swi13,0.9764519,0.7685442,0.345307,1.442581,0.8605142,0.3519962
swi19,0.9434992,0.9410149,0.002777147,2.329125,0.7714835,0.005991898
swi08,0.962721,0.8540478,0.09226757,1.757096,0.825676,0.2059573
swi24,0.8719267,0.7533631,0.04022678,1.093242,0.7703257,0.03777538
swi28,0.9923241,0.8135177,0.4642456,1.712175,0.8820529,0.475455
swi04,0.9484846,0.8752141,0.02036413,1.832291,0.7755626,0.1055232
swi19,0.9530026,0.9509923,0.002392801,3.410137,0.7331342,0.005122318
swi24,0.8520749,0.7256456,0.02968154,0.924513,0.7857043,0.03740423
swi13,0.9736197,0.7728753,0.342175,1.429183,0.8681547,0.3568743
swi08,0.9786063,0.8589849,0.09565537,1.724844,0.8276681,0.2003768
swi04,0.9428091,0.8798862,0.01751724,1.912565,0.7772916,0.1026518
swi19,0.7439669,0.7741019,0.0030319,1.093573,0.7716205,0.00593907
swi24,0.9293445,0.7569442,0.03464094,1.079742,0.7730099,0.03721167
swi28,0.9928157,0.8143717,0.4675892,1.707297,0.8801067,0.4745834
swi08,0.9859563,0.8617637,0.08927914,1.652925,0.8343825,0.2069001
swi04,0.9147353,0.8720899,0.02357242,1.888368,0.7824764,0.1045284
swi19,0.8524796,0.9456239,0.004403188,4.007591,0.7288292,0.005789953
swi13,0.9798373,0.7714702,0.3488653,1.440183,0.8652496,0.3579337
swi24,0.9294214,0.746877,0.0331425,1.073839,0.7710922,0.03982925
swi19,0.8972846,0.9321162,0.004035237,1.791766,0.7577037,0.005650679
swi04,0.9199646,0.8473728,0.01937939,1.937276,0.7808707,0.1018086
swi08,0.9759278,0.853213,0.08426734,1.675532,0.831088,0.2072509
swi24,0.925279,0.7295287,0.03076784,1.12896,0.7599161,0.03476446
swi19,0.5398227,0.8056389,0.003485012,1.874094,0.7100426,0.005647057
swi13,0.9714428,0.7772445,0.3681366,1.460107,0.8637576,0.3515566
swi28,0.99327,0.8146631,0.4659323,1.739705,0.8799241,0.4709719
swi04,0.9582775,0.8818011,0.01868013,2.081423,0.7846806,0.1048981
swi08,0.970336,0.8701078,0.08616039,1.685748,0.8343396,0.2070861
swi24,0.9376485,0.7601271,0.0395548,1.013093,0.7592129,0.03645981
swi19,0.809392,0.9071463,0.004486624,1.277944,0.7520794,0.00567326
swi04,0.9530716,0.896229,0.01738303,1.951379,0.7730038,0.1040651
swi13,0.9881016,0.7710457,0.3466559,1.431549,0.8666595,0.3549334
swi19,0.8902089,0.9607882,0.002946033,3.812095,0.7326647,0.005854775
swi24,0.9196868,0.7179166,0.03104887,0.968752,0.7701095,0.03704249
swi08,0.9765651,0.8693554,0.08477389,1.701928,0.8325721,0.2107753
swi28,0.9896683,0.8168592,0.4596591,1.719577,0.8832999,0.4767563
swi04,0.9608844,0.8665747,0.02061771,1.964353,0.7875338,0.1091897
swi19,0.7831224,0.7293554,0.003562619,0.9633312,0.7792833,0.005332947
swi24,0.9639803,0.7402235,0.03718167,1.069261,0.776313,0.03877922
swi08,0.9714378,0.8637086,0.08598853,1.770455,0.8246951,0.2048877
swi13,0.9849335,0.7757072,0.3539893,1.408193,0.8696113,0.3501061
swi04,0.9651534,0.8984596,0.02220942,1.886957,0.7928315,0.107087
swi19,0.8770596,0.8906172,0.003127229,1.466211,0.7841073,0.006053373
swi24,0.8750048,0.7158689,0.03119205,0.9873719,0.7846208,0.03980947
swi08,0.977595,0.877111,0.08671862,1.728625,0.8341927,0.2087031
swi19,0.8352823,0.8852457,0.002738752,1.643565,0.777749,0.006034269
swi28,0.9947805,0.8166215,0.4597328,1.743431,0.8757335,0.4695786
swi04,0.959536,0.8543609,0.01801816,2.070068,0.7703876,0.1034869
swi24,0.9075216,0.7172527,0.02983255,1.204944,0.764244,0.03686683
swi13,0.974308,0.775593,0.3699903,1.406111,0.8710765,0.3519681
swi19,0.810726,0.8727308,0.002432766,1.861901,0.7513617,0.005396826
swi08,0.9836927,0.8657873,0.08463168,1.699222,0.8342519,0.2132482
swi04,0.9519346,0.885156,0.01880881,2.108286,0.7726746,0.1007557
swi24,0.913285,0.7328375,0.03615862,1.16121,0.7488597,0.03257719
swi19,0.8850467,0.8624178,0.005065816,2.403695,0.7228275,0.005461525
swi13,0.9756007,0.7695507,0.351134,1.42443,0.8670031,0.3559103
swi28,0.9921771,0.8090547,0.4547204,1.737747,0.8795532,0.4717297
swi04,0.9518458,0.8812159,0.02378243,2.095219,0.7900964,0.1023232
swi08,0.9754414,0.8715215,0.09020353,1.698755,0.8340127,0.2111139
swi24,0.940013,0.7211092,0.03062143,0.974689,0.7760889,0.03697741
swi19,0.7970146,0.9084135,0.003421174,1.997639,0.7310268,0.005570204
swi04,0.9473598,0.8743065,0.01989747,2.177171,0.7798111,0.102591
swi24,0.9236739,0.7377387,0.03562707,1.009897,0.7857169,0.03912475
swi19,0.657428,0.8639632,0.003347059,0.7387144,0.8042652,0.006231324
swi08,0.9749047,0.8673646,0.08846552,1.688335,0.8275002,0.2075209
swi13,0.9806078,0.7715464,0.348656,1.432316,0.8679044,0.3609101
swi28,0.9915984,0.810977,0.4537665,1.703871,0.882418,0.4779321
swi19,0.8498207,0.9040248,0.004387489,1.405255,0.7727588,0.005876253
swi24,0.9615481,0.7423428,0.03200874,1.042453,0.7596339,0.03443582
swi04,0.9155664,0.8439939,0.01772544,1.98918,0.7825126,0.1068445
swi08,0.9780155,0.8548619,0.08754786,1.782834,0.8232367,0.2063986
swi14,0.9948295,0.811266,0.1457549,1.366403,0.8767587,0.2846124
swi19,0.7436971,0.8780521,0.002494156,1.624793,0.7650242,0.005872211
swi24,0.8932641,0.7255024,0.03309536,0.9920353,0.7902737,0.03795864
swi04,0.936768,0.8747491,0.02372253,1.945437,0.7779553,0.1072048
swi19,0.7935413,0.8969829,0.003762214,2.463695,0.7535187,0.005548227
swi08,0.9690164,0.8431472,0.08225921,1.712939,0.8381889,0.2076656
swi28,0.99295,0.8110306,0.4568389,1.664573,0.882513,0.4793659
swi24,0.9711103,0.7208495,0.03098637,0.9911566,0.7897561,0.03888615
swi14,0.9919559,0.8118823,0.1576688,1.28902,0.8778422,0.2825946
swi04,0.9535517,0.8676162,0.02017906,1.910456,0.7847692,0.1030541
swi19,0.762405,0.9209797,0.003789349,1.624789,0.8065613,0.005591989
swi08,0.9784157,0.8713662,0.0890542,1.720141,0.8299302,0.2071109
swi24,0.9090799,0.7240524,0.03583076,1.081899,0.7370225,0.03526033
swi04,0.9579668,0.8733401,0.02226354,1.808793,0.7668204,0.1007223
swi14,0.9933793,0.8261575,0.1553492,1.308653,0.878268,0.2819109
swi19,0.8160777,0.9003764,0.00294169,1.784456,0.7891599,0.0058884
swi24,0.9538137,0.7319352,0.03441888,1.130604,0.7757891,0.03637668
swi28,0.9915205,0.8079733,0.4518971,1.69486,0.8797764,0.4821454
swi08,0.9842171,0.8609502,0.08297014,1.709669,0.8300927,0.2072566
swi19,0.8268041,0.8233059,0.004378007,2.009346,0.6716804,0.005669386
swi04,0.9631033,0.8578097,0.01843259,1.94812,0.7786132,0.1032575
swi14,0.988289,0.8068373,0.1540422,1.258337,0.8833041,0.2830718
swi24,0.9074073,0.7137964,0.03315219,1.202313,0.7460724,0.03228615
swi19,0.7964399,0.9145415,0.002508499,1.735166,0.7941281,0.005518098
swi04,0.9504196,0.8841438,0.0218397,1.995718,0.7777085,0.1044695
swi08,0.9749575,0.8630738,0.09320443,1.756088,0.8311816,0.2069359
swi24,0.8988339,0.7585836,0.03265832,1.188544,0.757157,0.03552329
swi19,0.9045043,0.9112846,0.002405232,1.779277,0.7652972,0.005913352
swi14,0.9955336,0.8155155,0.1473263,1.347653,0.879899,0.282054
swi28,0.9913552,0.8165603,0.4660989,1.711892,0.8814531,0.4724838
swi04,0.9315866,0.8545644,0.01851413,2.022303,0.7811812,0.1040945
swi08,0.9929174,0.868924,0.08856897,1.720651,0.8371391,0.2083158
swi19,0.852494,0.8381838,0.00244222,1.408286,0.6956918,0.005148524
swi24,0.9235685,0.7137473,0.03415416,0.8947216,0.7844173,0.04109168
swi14,0.9900133,0.8198455,0.1530947,1.327852,0.8746747,0.2757339
swi04,0.8970825,0.8449825,0.0182814,2.035721,0.7776854,0.1030992
swi19,0.9384183,0.9696458,0.004446387,2.984787,0.7696383,0.005198024
swi08,0.973996,0.8651872,0.09009859,1.75908,0.8290107,0.2033923
swi24,0.9589155,0.7424131,0.03714487,1.077574,0.7666523,0.03616763
swi28,0.9936293,0.8097857,0.4571992,1.683683,0.8859293,0.4753329
swi19,0.8056732,0.9419864,0.004929904,2.146634,0.8017267,0.005909283
swi04,0.9641423,0.8802549,0.02260353,2.037901,0.7741822,0.1030084
swi14,0.990149,0.8141923,0.1543893,1.361553,0.8800414,0.2841835
swi24,0.9332815,0.7267109,0.03233018,1.081268,0.7625873,0.03669026
swi08,0.9872923,0.8668592,0.08833093,1.737448,0.8346007,0.206286
swi19,0.8383842,0.9554538,0.003678336,2.356414,0.7522098,0.006227845
swi04,0.9671791,0.8797572,0.02068186,2.059267,0.7756479,0.1061897
swi24,0.935127,0.7399475,0.03561201,1.098408,0.7610732,0.03655233
swi14,0.9912154,0.8130156,0.1481184,1.380922,0.8729914,0.2824807
swi28,0.9896998,0.8162096,0.4681174,1.660455,0.8788595,0.4765508
swi19,0.6446307,0.8703622,0.005225184,1.76867,0.7458205,0.005289719
swi08,0.9729053,0.8571834,0.08224442,1.646934,0.8343853,0.212221
swi04,0.9817577,0.9053357,0.01989272,1.872756,0.7808283,0.1026139
swi24,0.9513976,0.7483877,0.03498099,1.103659,0.7715868,0.03764413
swi19,0.7026179,0.9371615,0.002510489,2.802579,0.732372,0.005239282
swi14,0.997553,0.8189058,0.1537561,1.30895,0.8797179,0.277638
swi08,0.9699996,0.8599296,0.0844614,1.632211,0.835083,0.2101023
swi04,0.9848612,0.9081085,0.02141153,2.051054,0.782895,0.1037181
swi24,0.8587082,0.7075123,0.02844533,1.067123,0.784823,0.04021124
swi19,0.7509301,0.8362641,0.004528055,1.291707,0.7788339,0.005243865
swi28,0.9887362,0.8107451,0.4484564,1.720774,0.8830349,0.4760453
swi14,0.9910104,0.8092929,0.1443153,1.339587,0.8753939,0.2844347
swi08,0.9770019,0.8664524,0.08225917,1.637356,0.8367727,0.2123321
swi24,0.9336803,0.7485208,0.03258455,1.162231,0.7538957,0.03646384
swi04,0.9538795,0.8623257,0.01825499,1.841398,0.7762193,0.1036315
swi19,0.8859139,0.8584221,0.00469799,1.281663,0.7544921,0.005844137
swi24,0.9361064,0.7395455,0.03472518,1.138571,0.7635553,0.0373637
swi20,0.9686376,0.8276906,0.04268625,1.426184,0.7753528,0.08320905
swi04,0.9442551,0.872771,0.02127053,2.082013,0.776458,0.1043183
swi08,0.9792061,0.8624264,0.08742234,1.69196,0.8361557,0.2110762
swi14,0.9911346,0.8122659,0.1461486,1.312936,0.8795243,0.2818234
swi28,0.9866204,0.8100761,0.4599794,1.694764,0.881376,0.480599
swi24,0.8530945,0.7167075,0.02870487,0.849548,0.7947481,0.0398104
swi20,0.9547802,0.8021828,0.0407505,1.434064,0.768145,0.0896715
swi04,0.9752721,0.886941,0.01927225,2.041178,0.7745228,0.1005032
swi08,0.9685343,0.8495261,0.087965,1.653033,0.8325762,0.2091925
swi14,0.9897936,0.8215228,0.1586112,1.291676,0.884305,0.2863191
swi24,0.9743321,0.7600176,0.03795105,1.026742,0.7810345,0.03641447
swi20,0.9378342,0.799085,0.0407951,1.488185,0.7728091,0.08637034
swi04,0.9495188,0.8681939,0.02034795,1.88401,0.7821514,0.1069614
swi28,0.9896084,0.805629,0.4541604,1.723269,0.8790937,0.4751354
swi08,0.9803557,0.8621729,0.08982489,1.648871,0.8354914,0.2067429
swi14,0.9825404,0.81443,0.1498869,1.32837,0.8771181,0.2813221
swi24,0.9419361,0.7399398,0.02990802,1.173621,0.7630518,0.03553625
swi20,0.9591291,0.7939622,0.04326043,1.483448,0.7693075,0.0875011
swi04,0.9508904,0.8923956,0.02148139,1.878006,0.7782941,0.1016316
swi29,0.8585097,0.7692277,0.012948,1.281186,0.7618488,0.02210652
swi08,0.9753089,0.8566895,0.08361761,1.744806,0.8248695,0.2093691
swi24,0.9203214,0.750023,0.03644909,1.22221,0.7387992,0.03027759
swi14,0.9938166,0.8154325,0.1447078,1.292377,0.882895,0.2867925
swi20,0.9565743,0.8124054,0.04246943,1.505466,0.7680956,0.08440563
swi04,0.9759322,0.8807544,0.02581311,2.004416,0.7836347,0.1046267
swi29,0.9279794,0.8040596,0.01406482,0.9742958,0.7988715,0.02296311
swi24,0.8222485,0.7130095,0.03130034,1.108734,0.7735587,0.0386984
swi08,0.9794003,0.8521414,0.09323837,1.693005,0.8296127,0.2066876
swi20,0.9450063,0.8103864,0.03805257,1.576364,0.761816,0.08498057
swi04,0.9618767,0.8589428,0.0233759,2.192504,0.7792476,0.101115
swi14,0.9912989,0.8123987,0.1423872,1.312447,0.8815027,0.2804684
swi29,0.7280484,0.7200556,0.01060054,1.157705,0.7320501,0.01824723
swi24,0.9397641,0.7361455,0.03370107,0.9886884,0.7830461,0.03737237
swi08,0.9815024,0.8580525,0.08424461,1.752872,0.8294326,0.2035209
swi20,0.9558554,0.7990557,0.03511558,1.626645,0.7692354,0.08565522
swi04,0.9753383,0.8804209,0.0201568,1.915405,0.7878643,0.1043908
swi29,0.8045546,0.7885574,0.01362097,1.030452,0.7950209,0.02150513
swi14,0.9893677,0.8149891,0.1520819,1.328007,0.8755446,0.2816123
swi25,0.9071355,0.9675076,0.05374828,1.803159,0.9277807,0.06227527
swi20,0.9677906,0.8169229,0.04317031,1.54826,0.7801581,0.08574477
swi04,0.9600584,0.8790152,0.0227897,1.958977,0.7926741,0.1044813
swi08,0.9781084,0.8745919,0.08866572,1.77152,0.8279145,0.2053013
swi29,0.9117379,0.7617679,0.01510022,1.194756,0.7608936,0.01992673
swi25,0.9244682,0.9699406,0.04936036,1.795117,0.9334935,0.06387695
swi14,0.990468,0.8113297,0.1556193,1.295442,0.8828657,0.283507
swi20,0.9726016,0.8021298,0.04498448,1.383579,0.7791159,0.08830055
swi04,0.9618436,0.8761211,0.02245149,1.724055,0.7887486,0.1030665
swi08,0.9596614,0.8473838,0.08351987,1.703465,0.8288544,0.2064609
swi29,0.9110975,0.7870832,0.01387326,1.12603,0.7718773,0.01780584
swi25,0.9239879,0.9574668,0.05437353,1.073979,0.9341738,0.07528133
swi20,0.9658444,0.8100439,0.04363121,1.641393,0.7678881,0.08636728
swi14,0.9846367,0.8117353,0.146898,1.356823,0.8754303,0.2743766
swi04,0.9750773,0.9001254,0.0217984,1.957637,0.7758174,0.1036516
swi29,0.9578996,0.7770803,0.01462232,1.183957,0.7666701,0.02088271
swi08,0.9817222,0.8579366,0.08368399,1.754168,0.8259667,0.2037484
swi25,0.9512717,0.9660481,0.0509132,1.315036,0.9308342,0.06952312
swi20,0.9579826,0.8017807,0.04948034,1.376801,0.7688853,0.08628993
swi04,0.9563062,0.8820981,0.01814457,1.993336,0.7797599,0.1016967
swi14,0.9965801,0.8222449,0.1481827,1.363372,0.874838,0.2770449
swi29,0.8857514,0.7626394,0.0160149,0.9756959,0.7870982,0.02242455
swi08,0.971923,0.8537614,0.08224701,1.776054,0.826847,0.2034021
swi25,0.2852832,0.7655457,0.0369418,0.3509899,0.9321471,0.06861303
swi20,0.9732448,0.8079011,0.0395598,1.292667,0.7760391,0.09013915
swi04,0.9714636,0.8782838,0.01960413,2.081043,0.7781912,0.1027711
swi29,0.9388903,0.7690088,0.01292396,1.227754,0.7697025,0.02116874
swi14,0.9964808,0.8231332,0.1526523,1.385347,0.8718578,0.2877142
swi25,0.9260953,0.9622224,0.04886937,1.385491,0.9300667,0.06909877
swi08,0.962486,0.8624102,0.08320877,1.703486,0.830284,0.207583
swi20,0.9496821,0.8196469,0.04443313,1.449797,0.7879826,0.08568259
swi04,0.9442809,0.8784916,0.0211871,2.000701,0.7777749,0.1046394
swi29,0.9175846,0.7589872,0.01433996,0.9958256,0.7583881,0.02142408
swi25,0.9477418,0.9684573,0.05248923,1.586524,0.9309118,0.07124423
swi14,0.9969194,0.8107839,0.1503629,1.339944,0.8786629,0.2803496
swi20,0.9535464,0.8237774,0.0437551,1.336422,0.7721567,0.08980421
swi08,0.9911374,0.8663273,0.09487726,1.722811,0.8360515,0.201215
swi04,0.9510286,0.8643818,0.01988286,1.932201,0.7861503,0.10281
swi29,0.8663871,0.7906309,0.01674272,1.021433,0.7807012,0.01785367
swi25,0.9116484,0.9596671,0.04861934,1.212068,0.9287968,0.06797049
swi20,0.966748,0.8072685,0.04269855,1.435992,0.7734433,0.08762681
swi04,0.9350196,0.8911344,0.02577698,2.106772,0.7792253,0.1029098
swi08,0.9645314,0.8598807,0.08694982,1.612242,0.8367623,0.2123114
swi14,0.9899417,0.8112084,0.1458204,1.337272,0.8787319,0.2823923
swi29,0.9183555,0.7431244,0.01417395,1.07964,0.7888914,0.02284244
swi25,0.8876731,0.9498767,0.04815783,1.027137,0.9251157,0.06794079
swi20,0.9617717,0.8405124,0.04809301,1.552693,0.7646711,0.08749745
swi04,0.9584767,0.8646655,0.0214005,2.089804,0.7778449,0.1016761
swi08,0.9866735,0.8764459,0.08669645,1.655985,0.8324208,0.2068581
swi14,0.9914987,0.8169231,0.1509953,1.384757,0.8760487,0.2763173
swi29,0.9409611,0.8162376,0.0138707,0.9245114,0.7553228,0.02081387
swi20,0.9597774,0.8083066,0.04594618,1.395447,0.7660394,0.08766336
swi25,0.9571536,0.9799655,0.04708823,2.509932,0.9317409,0.06265678
swi04,0.9350298,0.8559188,0.01947528,1.951227,0.7794868,0.1077539
swi08,0.9618508,0.8378467,0.0900451,1.777741,0.8227112,0.2022115
swi14,0.9860791,0.8074081,0.1477267,1.339366,0.8779954,0.2815421
swi29,0.8783399,0.7320976,0.01108314,0.9186275,0.8131686,0.02494987
swi20,0.9676227,0.8045895,0.03671656,1.393992,0.7698689,0.08912602
swi25,0.9277916,0.971422,0.04658929,1.647657,0.9345104,0.06406428
swi04,0.9425439,0.8512892,0.02305922,2.102715,0.77954,0.1001918
swi08,0.9676116,0.8723045,0.09353524,1.64689,0.8319414,0.2072471
swi29,0.8088004,0.7711317,0.01262735,1.407665,0.7271705,0.01803222
swi20,0.947582,0.8155563,0.04686439,1.296387,0.7888862,0.08996721
swi14,0.9811649,0.7979456,0.1481226,1.324589,0.8761462,0.2809909
swi25,0.8870562,0.9540202,0.053932,1.016025,0.9292434,0.0712049
swi04,0.9470908,0.862295,0.02025346,1.987703,0.7765676,0.1044938
swi09,0.9849357,0.8313671,0.04821538,1.326384,0.8369092,0.1291364
swi29,0.9262716,0.7467669,0.00953903,1.130977,0.7689715,0.02124939
swi20,0.9581206,0.8137112,0.04612478,1.326193,0.7655477,0.08763356
swi25,0.974141,0.9756647,0.04307299,1.864421,0.9293137,0.06251151
swi04,0.9722709,0.8668992,0.02187109,2.055463,0.7722344,0.1015984
swi14,0.9926613,0.8147725,0.1484747,1.274136,0.8832131,0.2877916
swi09,0.9870324,0.816792,0.04806545,1.305201,0.8337975,0.133658
swi29,0.9628177,0.7989715,0.01818871,1.464057,0.7052288,0.01858715
swi20,0.9508698,0.7917674,0.04183256,1.496198,0.7635759,0.08718415
swi25,0.9238028,0.9677783,0.0468214,1.423915,0.9294605,0.07180177
swi05,0.8067611,0.9443577,0.008768163,3.219832,0.7433357,0.01203147
swi14,0.9920828,0.8155402,0.1561484,1.333848,0.8800801,0.2794018
swi29,0.9195719,0.7896755,0.01388693,1.008895,0.7770935,0.02132358
swi05,0.7684857,0.9171053,0.006480252,3.082512,0.7025637,0.01248241
swi20,0.9390729,0.79408,0.04093675,1.530433,0.7672176,0.08477523
swi09,0.9729843,0.8031924,0.04685692,1.337389,0.8359439,0.131165
swi25,0.9550611,0.9726851,0.04686974,1.802024,0.9296474,0.06702821
swi14,0.9951097,0.8195338,0.1533704,1.311465,0.8832333,0.2829644
swi05,0.6423103,0.9344725,0.007743518,2.645552,0.7659898,0.01156217
swi29,0.9407723,0.7701381,0.01399697,1.10427,0.7737067,0.01881331
swi20,0.9689953,0.8095831,0.04869801,1.536749,0.7703317,0.08784966
swi25,0.7254805,0.9191776,0.04806267,0.7232162,0.9325367,0.07544535
swi09,0.9730858,0.7798781,0.03345665,1.303422,0.8407855,0.1306261
swi05,0.7945602,0.9105829,0.007687233,2.631569,0.7388799,0.01237529
swi20,0.9704751,0.813485,0.04390908,1.340256,0.7676074,0.08794988
swi14,0.9884671,0.8017028,0.1542123,1.372034,0.8749571,0.2807395
swi29,0.9300117,0.7490988,0.01141339,0.9895742,0.7545502,0.0192445
swi25,0.8948901,0.9549076,0.05319622,1.125555,0.9304596,0.07550238
swi09,0.9900358,0.7907634,0.03994972,1.371775,0.8249699,0.1290778
swi05,0.7270681,0.8916454,0.00806617,3.216948,0.7233776,0.01154643
swi20,0.9476969,0.7789471,0.04068054,1.394818,0.7775689,0.08853407
swi29,0.9576119,0.7759459,0.01757772,1.154279,0.7782684,0.02216052
swi25,0.9650987,0.975899,0.04565818,1.828153,0.9304459,0.06189913
swi14,0.9865273,0.8071375,0.1517685,1.276536,0.8838612,0.2891709
swi05,0.7214438,0.9328437,0.006504613,2.644283,0.7219585,0.01217032
swi09,0.9748377,0.797191,0.04308594,1.325266,0.8377153,0.1335478
swi20,0.9303614,0.8119745,0.03858244,1.507696,0.7689098,0.09195865
swi29,0.8367127,0.7711612,0.01566452,1.082598,0.7612924,0.01870864
swi05,0.6928592,0.9299659,0.006924525,3.325651,0.7497608,0.0119951
swi25,0.9586943,0.9755919,0.05060987,2.172767,0.9288941,0.06404654
swi09,0.98795,0.8235784,0.04887331,1.290524,0.8311165,0.1327719
swi14,0.9954007,0.8191707,0.1588064,1.342909,0.8791895,0.2781869
swi20,0.9664421,0.8043342,0.0412002,1.531141,0.7630877,0.08439981
swi05,0.7503541,0.9276982,0.006746684,2.959989,0.7614214,0.01133004
swi29,0.8350225,0.7409683,0.01329616,0.9104569,0.7681664,0.01864151
swi25,0.9512494,0.9747815,0.05102047,1.886122,0.9355577,0.06624223
swi09,0.9834534,0.7894097,0.04481084,1.30473,0.8315273,0.1300274
swi05,0.6920525,0.8949712,0.006111579,2.610617,0.711879,0.01059573
swi14,0.9916037,0.8124689,0.1529697,1.292448,0.8839645,0.2869634
swi20,0.9505866,0.7998366,0.03810719,1.26751,0.7731714,0.08585015
swi29,0.9402357,0.7866847,0.01490895,1.299692,0.7258655,0.0175794
swi25,0.9403648,0.9706432,0.04959866,1.812063,0.9271657,0.0742043
swi09,0.9933356,0.7904567,0.03860186,1.344622,0.8308522,0.1308797
swi05,0.7182616,0.955708,0.006019676,2.820961,0.7303444,0.0117733
swi20,0.959783,0.8184832,0.04401777,1.336215,0.7708289,0.08859806
swi29,0.9235794,0.7764199,0.01517908,1.186745,0.7596941,0.02120915
swi14,0.9915679,0.8129813,0.1499927,1.3687,0.8743984,0.2805732
swi25,0.8477342,0.9455178,0.04751735,1.07359,0.9362237,0.07667208
swi05,0.662708,0.9546688,0.007286693,4.543368,0.7382616,0.01148154
swi09,0.983977,0.7967971,0.04184647,1.324177,0.8403056,0.1321493
swi20,0.970826,0.8076147,0.04067832,1.54036,0.7635094,0.08777815
swi29,0.8374709,0.7826173,0.01348334,1.120411,0.7734978,0.02215128
swi25,0.5154431,0.8626877,0.04702247,0.5726177,0.9283484,0.07123591
swi05,0.6763282,0.8448145,0.006462656,1.899661,0.7816559,0.01295384
swi14,0.9880957,0.8141227,0.1520671,1.357622,0.8737764,0.2837996
swi09,0.9901347,0.803204,0.04601123,1.326909,0.835678,0.1316601
swi20,0.9551409,0.8205933,0.04484241,1.378656,0.7732073,0.0860386
swi05,0.7432917,0.9447813,0.005859842,3.069569,0.7421721,0.01126458
swi29,0.9299229,0.7646594,0.01407921,1.004713,0.8067832,0.02335698
swi25,0.9353901,0.9673858,0.05179504,1.451674,0.9318538,0.06911045
swi14,0.9874561,0.8176251,0.1507169,1.276883,0.8826585,0.2871066
swi20,0.9701205,0.8145708,0.04571035,1.458691,0.7669098,0.08833723
swi09,0.9896547,0.8045717,0.04524681,1.297494,0.8322951,0.1294548
swi05,0.7262387,0.9199268,0.005630476,2.440192,0.7764676,0.0128029
swi29,0.8967467,0.7578711,0.01277667,0.9599064,0.7716912,0.02079343
swi25,0.9368722,0.9659405,0.04736968,1.460532,0.9302544,0.08000328
swi05,0.6510787,0.8633623,0.005397789,2.391686,0.7334356,0.01257579
swi20,0.9613703,0.8007303,0.04193363,1.459795,0.7624899,0.08827749
swi14,0.9957944,0.82025,0.153872,1.331393,0.8803226,0.285296
swi09,0.975366,0.8244055,0.04962672,1.258039,0.8459194,0.1334785
swi29,0.9120299,0.7765249,0.01346441,1.318231,0.7544029,0.02277684
swi25,0.9654275,0.9743411,0.04842211,1.545253,0.932893,0.06962646
swi05,0.5166914,0.9155197,0.006297954,2.943024,0.7525227,0.012905
swi20,0.9511764,0.7949747,0.0383533,1.506606,0.7629097,0.08816078
swi09,0.9693885,0.7961664,0.03974396,1.26978,0.8390715,0.1349661
swi14,0.9935247,0.806697,0.1553668,1.361212,0.877365,0.2797264
swi29,0.9517095,0.8154841,0.01577407,1.053792,0.7490141,0.01845064
swi25,0.932164,0.9719428,0.04926008,1.43484,0.9325141,0.06620901
swi05,0.9047582,0.983948,0.007763809,5.14665,0.7308529,0.01220854
swi20,0.9725766,0.8122647,0.04388321,1.676462,0.7699036,0.08338638
swi09,0.9843228,0.7899194,0.04743136,1.250631,0.8441372,0.1323547
swi29,0.7799543,0.7459475,0.01346581,0.8807357,0.7947107,0.02330774
swi05,0.8496212,0.9419947,0.006008814,3.660679,0.7238824,0.01125566
swi25,0.9471081,0.962083,0.04711623,1.499826,0.935589,0.05922109
swi14,0.9914553,0.8119577,0.1513356,1.30305,0.8826845,0.2840051
swi20,0.9454854,0.7819471,0.04207479,1.531227,0.7645629,0.08949241
swi05,0.5362008,0.8754219,0.007721774,2.288819,0.7406189,0.01111994
swi09,0.9803126,0.7989194,0.04292385,1.296383,0.8452986,0.1356267
swi29,0.9314713,0.7730621,0.01565629,1.08982,0.7684259,0.02070298
swi25,0.8958538,0.958717,0.04944509,1.179404,0.9367442,0.06307108
swi14,0.9818978,0.804305,0.1384052,1.296572,0.8766682,0.2811761
swi20,0.9630169,0.8180684,0.04726306,1.460021,0.7644813,0.08493553
swi05,0.5988563,0.8979927,0.007294292,2.321568,0.7433868,0.01178946
swi09,0.9772472,0.7966647,0.04322256,1.259716,0.8447768,0.1369268
swi29,0.8455344,0.7653765,0.01441612,1.073426,0.7737469,0.02226874
swi25,0.9369281,0.9764757,0.04794855,2.288533,0.9343389,0.06468841
swi05,0.5205117,0.9018153,0.007823809,2.274922,0.7658926,0.01337708
swi20,0.9526061,0.8205589,0.04601476,1.448688,0.763632,0.08698589
swi14,0.9845296,0.8214915,0.1549518,1.305655,0.8776954,0.2752043
swi29,0.9036008,0.7748817,0.01431188,1.143891,0.7616504,0.02028419
swi09,0.9900337,0.8024913,0.04396342,1.293964,0.834633,0.1311045
swi25,0.949214,0.9750927,0.04819791,2.154645,0.9244303,0.06314796
swi05,0.7010766,0.9547261,0.006775614,2.920858,0.7591087,0.01301093
swi20,0.9784823,0.8326583,0.04950525,1.50515,0.763943,0.08600048
swi14,0.9859393,0.8141377,0.1516118,1.364797,0.875513,0.2795905
swi29,0.874062,0.7479306,0.01325853,0.8188411,0.7929248,0.02145184
swi05,0.733434,0.9580118,0.007443759,3.188445,0.7568011,0.01083342
swi25,0.9210687,0.9634915,0.05481281,1.28461,0.92894,0.0658611
swi09,0.9851069,0.7844372,0.0448295,1.306057,0.835735,0.1303528
swi20,0.9419354,0.7928949,0.03978501,1.488821,0.7629827,0.08961886
swi05,0.6726859,0.8823736,0.005440927,1.941608,0.7378629,0.01203127
swi29,0.9135399,0.784513,0.01315255,0.9170685,0.8002167,0.02347874
swi14,0.9895224,0.8216471,0.1561838,1.31572,0.8801594,0.2824405
swi25,0.9594003,0.9752886,0.04989691,1.87954,0.9322182,0.06569522
swi09,0.9813041,0.8026352,0.04340807,1.308054,0.8371151,0.1396837
swi20,0.9625196,0.8124621,0.04564802,1.399723,0.7783678,0.08973109
swi05,0.8321941,0.9630844,0.007507657,3.189116,0.7331755,0.01118044
swi29,0.9517671,0.7731444,0.01570014,1.123017,0.7865338,0.02190977
swi25,0.9317619,0.9607734,0.04769567,1.384259,0.9308786,0.06514184
swi09,0.984283,0.8061826,0.04245528,1.26792,0.8388644,0.1329498
swi14,0.9910303,0.816268,0.1546687,1.358475,0.8741066,0.277146
swi20,0.9450698,0.8084454,0.04025248,1.471395,0.7705742,0.08876993
swi05,0.7248888,0.9130097,0.007993114,2.423298,0.7434956,0.01229915
swi29,0.8884893,0.7932339,0.01590071,0.9272043,0.8002671,0.02256885
swi25,0.9300754,0.9679896,0.04875814,1.624618,0.9339623,0.0612231
swi20,0.9589198,0.8118644,0.04927464,1.579435,0.7683216,0.08497939
swi05,0.6986703,0.8965413,0.007894346,2.798396,0.7395027,0.01212504
swi09,0.9886281,0.811111,0.0494253,1.263052,0.8414881,0.1326506
swi14,0.9876202,0.8219675,0.1540723,1.414108,0.8698818,0.2757048
swi29,0.8666298,0.7210919,0.01315917,1.143395,0.7540393,0.02031829
swi05,0.6919179,0.9620449,0.008098969,3.992465,0.7352271,0.01241312
swi25,0.8559512,0.9559114,0.04869033,1.220311,0.9349475,0.0696581
swi20,0.9563256,0.8084777,0.04501587,1.419708,0.77646,0.08796248
swi09,0.9966397,0.8052979,0.0410354,1.259218,0.8338735,0.1308635
swi14,0.9961754,0.8126772,0.1497474,1.283361,0.8824792,0.2833772
swi05,0.6546538,0.9566514,0.007770001,3.651905,0.7246636,0.01156777
swi29,0.9390225,0.7598311,0.01491362,1.087453,0.7901537,0.01977299
swi25,0.90851,0.9598077,0.05000865,1.269735,0.9251184,0.06876594
swi20,0.9464146,0.7916844,0.04643393,1.568824,0.7602477,0.08514401
swi09,0.9929066,0.801398,0.04635215,1.344806,0.8298484,0.1297158
swi05,0.823259,0.9695703,0.007918759,3.876076,0.7125989,0.01218162
swi29,0.9548685,0.8254174,0.01361985,0.9487426,0.7550916,0.019009
swi14,0.9891521,0.8097329,0.1559881,1.299344,0.879822,0.2795115
swi25,0.8506806,0.9538604,0.04897672,1.225577,0.9312489,0.06303012
swi20,0.9324925,0.7960655,0.04481044,1.363482,0.7774724,0.08879613
swi09,0.9752352,0.7922721,0.04124254,1.260473,0.8335886,0.1325307
swi05,0.840286,0.9636716,0.006304577,2.961754,0.768314,0.01304743
swi29,0.9266999,0.80609,0.0156017,1.157845,0.7875778,0.02101194
swi20,0.9452492,0.7951826,0.03885992,1.554437,0.7564524,0.08560639
swi25,0.9133252,0.9585268,0.04859763,1.338298,0.9263542,0.06507981
swi14,0.9924036,0.8113327,0.1477773,1.331283,0.8773755,0.2801752
swi05,0.7716519,0.9190055,0.006295122,3.099381,0.7645022,0.01266874
swi09,0.9887525,0.7938043,0.0460252,1.340327,0.8282674,0.1296132
swi29,0.8803488,0.7598184,0.01265149,1.081727,0.7967738,0.02385771
swi20,0.9629446,0.8073882,0.0456673,1.421673,0.7738127,0.08491064
swi05,0.7021895,0.8925042,0.007795765,2.275967,0.7630601,0.01281541
swi25,0.9717359,0.9739938,0.04871702,1.855055,0.931749,0.0712447
swi14,0.9825639,0.805816,0.140208,1.338639,0.8743356,0.2795732
swi09,0.9914091,0.7957516,0.04657432,1.285101,0.8358684,0.1266662
swi29,0.8324661,0.7397932,0.01147607,1.049413,0.7639105,0.01966261
swi05,0.6124301,0.897097,0.004806845,2.299507,0.7564975,0.01287307
swi20,0.9514615,0.8101865,0.0420763,1.462131,0.7640735,0.08607668
swi25,0.7143706,0.9156373,0.04955328,0.760924,0.934313,0.06887033
swi09,0.9830447,0.7886537,0.03984278,1.319475,0.829999,0.1297317
swi14,0.9930956,0.8247409,0.1595723,1.349658,0.8776472,0.2828582
swi29,0.9111589,0.7663543,0.01373143,1.041661,0.7831685,0.02281663
swi05,0.7936883,0.9612421,0.006791194,2.963506,0.7026866,0.01203931
swi20,0.9586447,0.8011958,0.04405813,1.6686,0.7641858,0.08759436
swi25,0.9338292,0.9699698,0.05514115,1.573459,0.9288804,0.06349466
swi05,0.4840891,0.7914622,0.004991381,1.403937,0.7476545,0.01083337
swi09,0.9876171,0.7813105,0.04336279,1.344812,0.8305827,0.1301115
swi29,0.9052654,0.7978816,0.0145478,1.010789,0.7828524,0.02317769
swi14,0.9927107,0.8196877,0.1505848,1.354719,0.8770507,0.2857873
swi25,0.8379952,0.951849,0.05096837,1.28644,0.9339247,0.0775569
swi05,0.8112019,0.9644748,0.008886017,3.5923,0.787529,0.01237228
swi29,0.9075193,0.7745665,0.0131251,1.09154,0.7707952,0.02069887
swi15,0.944045,0.8349763,0.02210614,0.9388688,0.866794,0.05061281
swi09,0.9749246,0.7952322,0.04000155,1.293471,0.841936,0.1318096
swi25,0.8854682,0.9526622,0.04538569,1.134055,0.9311516,0.06356384
swi05,0.8285866,0.9536569,0.005979897,2.872132,0.7718969,0.01172715
swi15,0.9596407,0.861937,0.0219983,1.171166,0.8257114,0.04794331
swi29,0.8580775,0.7355126,0.01125003,0.9891648,0.7844197,0.02121686
swi09,0.9878907,0.7958217,0.04617693,1.281636,0.8388317,0.1321354
swi05,0.6101978,0.8962336,0.004059211,2.8583,0.7530679,0.01221628
swi25,0.9313615,0.9737856,0.04799795,2.090427,0.9337378,0.06078237
swi15,0.9776905,0.8618937,0.02603967,1.113754,0.8517671,0.05210909
swi29,0.8069194,0.7428692,0.01233664,1.115641,0.7779007,0.02354303
swi09,0.9874528,0.803652,0.04542306,1.270854,0.8351964,0.1294002
swi05,0.7819476,0.8987404,0.008832827,2.439927,0.787444,0.01411829
swi25,0.9359521,0.9584672,0.05320284,1.178962,0.9290017,0.0667947
swi15,0.9796462,0.8613968,0.02660876,1.122123,0.8411173,0.05021967
swi29,0.8879989,0.7878709,0.01600091,1.152749,0.7412448,0.01835878
swi05,0.7408893,0.9816173,0.007158993,4.346792,0.725108,0.01251471
swi09,0.9856693,0.8186812,0.0468878,1.278113,0.8347505,0.1290463
swi25,0.9244511,0.9666441,0.05052431,1.587247,0.9359782,0.06476226
swi15,0.9648309,0.8703972,0.02401038,1.096725,0.8415474,0.05111937
swi05,0.7313837,0.9188458,0.007581555,2.357326,0.7418754,0.01179193
swi30,0.9667224,0.7275537,0.1611286,1.230873,0.8099993,0.2805022
swi09,0.9929135,0.7983134,0.04165873,1.285918,0.8375783,0.1284129
swi25,0.8094378,0.937032,0.05436198,0.926154,0.9291728,0.06397063
swi15,0.9777836,0.8460881,0.02473927,1.014445,0.8541862,0.05294851
swi05,0.7903709,0.9828361,0.006626058,4.092697,0.7493793,0.01137866
swi09,0.9884653,0.7874741,0.0441153,1.207589,0.8473369,0.137647
swi05,0.6538583,0.8815267,0.006539106,2.746204,0.6699429,0.01137058
swi15,0.9706105,0.8506723,0.02032758,1.177368,0.8237975,0.0511837
swi30,0.9793036,0.719551,0.1508755,1.238613,0.8073354,0.2730665
swi25,0.9094417,0.9671191,0.05209216,1.764632,0.9277183,0.06507921
swi05,0.6979716,0.9276507,0.007748387,2.92663,0.7521514,0.01210194
swi09,0.9907614,0.7930899,0.03849969,1.342093,0.8339892,0.1341181
swi15,0.9638175,0.8285062,0.02281319,1.07395,0.8497439,0.05183481
swi25,0.9579884,0.9756481,0.05118895,1.813078,0.9277362,0.06270923
swi30,0.9787065,0.7188832,0.1671145,1.226771,0.8053583,0.2770007
swi05,0.6351442,0.9456154,0.006916315,2.463137,0.7463964,0.01102194
swi15,0.9245056,0.8561937,0.0258533,1.050825,0.8436374,0.05387212
swi09,0.9898258,0.8165121,0.0453228,1.301657,0.8354211,0.1303544
swi26,0.9075175,0.9627314,0.003658052,0.6509651,0.9741264,0.0212448
swi05,0.8619607,0.9713285,0.007221108,2.562061,0.7488584,0.01255937
swi30,0.9897747,0.7330931,0.1706811,1.25276,0.80339,0.272851
swi15,0.9656672,0.8361651,0.02167359,0.997997,0.8509448,0.05301677
swi09,0.9843164,0.8025677,0.04026324,1.257964,0.8407609,0.1371285
swi05,0.8551569,0.9697109,0.007474694,3.614731,0.7457787,0.01187946
swi15,0.9267074,0.8107409,0.01749531,0.9673932,0.8633744,0.05319249
swi30,0.9723081,0.718601,0.1448582,1.264059,0.8029832,0.2784737
swi05,0.6935998,0.8925643,0.007252747,3.417207,0.7670555,0.01234781
swi09,0.9722557,0.791774,0.04557513,1.29838,0.8372211,0.1309784
swi15,0.9492739,0.8384382,0.02385773,0.982644,0.8478443,0.0524879
swi09,0.9963767,0.8043311,0.05033344,1.276774,0.8407402,0.1319126
swi30,0.9796135,0.7093103,0.1456411,1.291471,0.7991808,0.2792964
swi15,0.9108917,0.8376877,0.02094863,1.108877,0.8547285,0.0533853
swi09,0.9825985,0.7941654,0.04304724,1.309804,0.8442084,0.1376549
swi15,0.9488856,0.8494129,0.02299374,1.087273,0.8462802,0.05132767
swi30,0.985246,0.7306649,0.1630359,1.240096,0.8021701,0.2782055
swi15,0.9664034,0.8330566,0.02035739,0.9644617,0.860258,0.05487487
swi09,0.9884303,0.8094471,0.04212569,1.268186,0.8486659,0.1356394
swi30,0.981263,0.7224865,0.1536076,1.275829,0.8046796,0.280262
swi15,0.9438041,0.855517,0.02177426,1.028002,0.8519066,0.05417681
swi09,0.9914454,0.8253391,0.04895685,1.292604,0.8427557,0.1321188
swi15,0.9536643,0.8467068,0.01923134,1.136053,0.8510751,0.05211238
swi30,0.990529,0.7209925,0.1539273,1.218652,0.8067035,0.2823254
swi09,0.9723318,0.7934122,0.04321149,1.228476,0.8474819,0.1366821
swi15,0.9703379,0.8642502,0.02429943,0.9821544,0.8545705,0.0535567
swi30,0.9836656,0.7290915,0.1724657,1.257473,0.8024854,0.2787709
swi09,0.9838619,0.7948151,0.04701332,1.267835,0.8297002,0.1347078
swi15,0.9526553,0.853191,0.02503639,1.076243,0.8420375,0.05069013
swi09,0.9862205,0.8048583,0.04436706,1.28944,0.831137,0.1303309
swi30,0.9791381,0.7208863,0.153127,1.265455,0.8011317,0.2748029
swi15,0.9599902,0.8374802,0.02114281,1.104809,0.8337528,0.04987544
swi09,0.9885356,0.8128492,0.0471865,1.363465,0.8281712,0.1300293
swi15,0.9525958,0.8800497,0.02655512,1.091272,0.8332278,0.04881854
swi30,0.989255,0.7263979,0.155529,1.293817,0.7997998,0.2764857
swi15,0.9543152,0.8488256,0.02206332,1.128444,0.8354036,0.05092327
swi09,0.9854635,0.8123247,0.04160083,1.281463,0.8348769,0.1336594
swi30,0.9687723,0.7272463,0.1555188,1.307202,0.7994268,0.2788102
swi15,0.9523621,0.8526769,0.02262434,0.9348629,0.8606952,0.05466567
swi09,0.9707958,0.8031214,0.0433601,1.331553,0.8293726,0.1311284
swi15,0.9396237,0.8324709,0.02203905,0.9529841,0.843387,0.05229857
swi30,0.9861536,0.7287441,0.1551136,1.29179,0.7999816,0.2761114
swi09,0.9604387,0.795287,0.04398445,1.276859,0.8428606,0.1387157
swi15,0.9451412,0.8224895,0.01950418,0.9640722,0.8577875,0.0522207
swi30,0.9894774,0.7194057,0.1567181,1.256306,0.801157,0.2759804
swi10,0.9986912,0.8177492,0.200242,1.28168,0.8510108,0.3351919
swi15,0.9777875,0.8472326,0.02536705,1.031855,0.853858,0.05156518
swi30,0.9604853,0.7112416,0.145789,1.248211,0.802748,0.2814548
swi15,0.9501135,0.8511913,0.02327271,1.108434,0.8399923,0.04925972
swi10,0.9966739,0.8147184,0.2035277,1.29956,0.8467814,0.3328482
swi15,0.9747218,0.817401,0.02343789,0.9317035,0.8582222,0.05144265
swi30,0.9828284,0.7203978,0.1546307,1.261362,0.808589,0.2822948
swi10,0.9991351,0.8150393,0.2000052,1.26121,0.851865,0.3380688
swi15,0.9664794,0.8549319,0.02473826,0.9618829,0.8509033,0.05279439
swi30,0.9838899,0.7178444,0.1564394,1.256847,0.8072315,0.2784487
swi15,0.9623977,0.8535582,0.02187588,1.012104,0.8372661,0.05022084
swi10,0.9983002,0.8119058,0.1983959,1.322301,0.8501875,0.3253957
swi15,0.9733208,0.8535518,0.02196684,0.9020836,0.8599332,0.05238035
swi30,0.9843817,0.7316404,0.1580372,1.22594,0.8075855,0.2784866
swi10,0.9959173,0.8146193,0.201535,1.279665,0.8488313,0.3320338
swi15,0.9755921,0.8314618,0.02220409,1.049899,0.8456739,0.05339675
swi30,0.9841153,0.7338458,0.1689521,1.254566,0.8069539,0.2746252
swi15,0.9645268,0.8603835,0.02368858,1.084683,0.8453282,0.05076148
swi10,0.9981808,0.8166453,0.2075132,1.285096,0.8522011,0.3362757
swi30,0.9673605,0.725768,0.1515012,1.244802,0.8040246,0.2802577
swi15,0.9702459,0.8472794,0.02551363,1.093389,0.8493096,0.05086958
swi10,0.9970243,0.8034475,0.2067241,1.282191,0.8506674,0.3363433
swi15,0.9453938,0.8532095,0.01944416,1.095244,0.8326725,0.05229219
swi30,0.9819286,0.7144472,0.1442962,1.275595,0.8061035,0.2765081
swi15,0.9660544,0.8503996,0.02056966,1.071621,0.8478994,0.05272622
swi10,0.9964809,0.8146592,0.2054028,1.248882,0.8498115,0.3386631
swi30,0.9869829,0.7211796,0.1503903,1.286194,0.7994116,0.2765495
swi15,0.9537506,0.8475409,0.02270524,0.9621078,0.8415863,0.04963244
swi10,0.9933572,0.8095569,0.210592,1.301551,0.8476867,0.3317943
swi15,0.9760101,0.8615987,0.0210522,1.0058,0.8505615,0.05230818
swi30,0.9842632,0.731656,0.1582382,1.29954,0.798968,0.2736869
swi10,0.9911028,0.8168793,0.2063717,1.31058,0.8430586,0.329532
swi15,0.9735615,0.8354759,0.02151423,0.9578531,0.8624635,0.05629617
swi30,0.9841447,0.7231454,0.1581437,1.25759,0.8038049,0.2785852
swi15,0.983392,0.8421278,0.02105703,1.00468,0.8527752,0.05206875
swi10,0.997643,0.8137478,0.1940264,1.284462,0.8492329,0.3339665
swi15,0.9798263,0.8462334,0.0252864,1.030016,0.8525844,0.0525596
swi30,0.9893037,0.7224345,0.1570764,1.255324,0.7991604,0.2788218
swi10,0.997556,0.8115968,0.1972049,1.282564,0.8475521,0.3354692
swi15,0.959983,0.8619244,0.02470965,1.082086,0.8377656,0.05243319
swi30,0.979767,0.7307998,0.1670709,1.258366,0.8004667,0.2775145
swi15,0.9855309,0.848833,0.0228325,1.063568,0.8489731,0.05008644
swi10,0.9969812,0.8190899,0.2050169,1.299449,0.8497659,0.3310646
swi30,0.9874752,0.728051,0.1589249,1.259872,0.802196,0.2777434
swi15,0.9139301,0.8589221,0.02099771,0.9880287,0.8523995,0.05511683
swi10,0.9924544,0.8034687,0.1887844,1.256564,0.8523798,0.3375142
swi15,0.9228935,0.8327197,0.02188983,0.995036,0.8602301,0.05187284
swi30,0.9816918,0.7270954,0.1530913,1.249397,0.8050787,0.2764799
swi15,0.9439496,0.8408113,0.02062971,1.040372,0.8526376,0.05343961
swi10,0.9958186,0.81279,0.2048006,1.269638,0.851476,0.3323597
swi30,0.9803441,0.7197899,0.15378,1.21423,0.8076577,0.2820182
swi15,0.9814519,0.8789175,0.0261218,0.9584658,0.8508039,0.05271841
swi10,0.9975528,0.8174198,0.2221556,1.263046,0.8552857,0.3358192
swi15,0.9401144,0.85622,0.02530222,1.086398,0.8422669,0.05163968
swi30,0.9871328,0.7371401,0.1712061,1.287486,0.8016455,0.2792481
swi15,0.9492946,0.8416716,0.02197147,0.9671725,0.8563562,0.05246674
swi10,0.9947305,0.8156898,0.199092,1.285601,0.8521601,0.3334055
swi30,0.9874325,0.7239424,0.1563137,1.291249,0.7999405,0.2803005
swi15,0.9623223,0.8549421,0.02065063,1.072718,0.8442187,0.05120292
swi10,0.996658,0.8122786,0.2047762,1.305404,0.848272,0.3365749
swi30,0.9919204,0.7296948,0.1595108,1.229571,0.8083652,0.28267
swi10,0.9976642,0.8140021,0.2070835,1.274655,0.8466684,0.3314972
swi30,0.9805039,0.7262128,0.1605953,1.262086,0.8041154,0.2770186
swi10,0.9957891,0.8135645,0.2038544,1.30512,0.8504364,0.3352838
swi30,0.983193,0.7277973,0.161791,1.294539,0.7979626,0.2803145
swi10,0.9959453,0.8129503,0.2050833,1.266928,0.8540324,0.3379408
swi30,0.9797273,0.7145799,0.138231,1.278394,0.798963,0.2748431
swi10,0.9950147,0.8178086,0.2013611,1.308122,0.8470023,0.3374067
swi30,0.9835858,0.7356519,0.1689301,1.212098,0.8115907,0.2836967
swi10,0.9988907,0.8194323,0.206374,1.267753,0.8510416,0.335426
swi30,0.989699,0.7241747,0.1545987,1.318067,0.7954484,0.2704332
swi10,0.9982922,0.8153104,0.2083134,1.248105,0.8545533,0.3325024
swi30,0.9927325,0.7373692,0.1627071,1.26956,0.8022357,0.2782437
swi10,0.9938002,0.8051633,0.197319,1.270604,0.8516167,0.3309408
swi30,0.9815416,0.7232921,0.1558967,1.218921,0.8125098,0.2800202
swi10,0.9962643,0.812913,0.195618,1.265654,0.8538641,0.3347007
swi30,0.9779971,0.7294714,0.1617876,1.274227,0.803352,0.2765522
swi30,0.9807907,0.7260594,0.160212,1.28904,0.8017661,0.2743591
swi10,0.9980085,0.8140078,0.1987426,1.292719,0.84996,0.332684
swi30,0.9846123,0.7230083,0.1522276,1.267028,0.8062376,0.2768913
swi10,0.9983803,0.8194717,0.2063219,1.278966,0.8496268,0.33105
swi30,0.9777273,0.7204531,0.1420178,1.322673,0.7944141,0.2734802
swi10,0.99518,0.8113067,0.2092642,1.327485,0.8472933,0.3302929
swi30,0.9797823,0.7229772,0.1550219,1.292052,0.8037111,0.2736432
swi10,0.9954479,0.8063545,0.2075534,1.312572,0.8500234,0.3370178
swi30,0.9758936,0.7245638,0.1517352,1.271267,0.8021246,0.2777714
swi10,0.9979095,0.8208267,0.2147312,1.306264,0.8473904,0.3370921
swi30,0.9793618,0.7155619,0.1461416,1.294111,0.7983413,0.2766968
swi10,0.9984336,0.8160812,0.2104233,1.281111,0.8485557,0.3363425
swi30,0.9846404,0.7227929,0.1586181,1.282109,0.8043133,0.2775153
swi10,0.9953531,0.8078839,0.1990847,1.272615,0.849243,0.3309016
swi30,0.9883461,0.7261848,0.1493541,1.244886,0.8068542,0.2800157
swi10,0.9966297,0.8147313,0.20477,1.28784,0.8508042,0.3310993
swi30,0.983589,0.7356189,0.1687286,1.288267,0.7988447,0.2747307
swi10,0.9955001,0.8098323,0.1951855,1.265243,0.8498167,0.3375636
swi10,0.9966543,0.8100347,0.201384,1.250947,0.8556859,0.3347232
swi10,0.9974103,0.8135711,0.2001619,1.255673,0.8534143,0.3328289
swi10,0.9928102,0.8107649,0.2088222,1.262729,0.8498428,0.3387554
swi10,0.9942629,0.8128367,0.2037263,1.261426,0.8526157,0.3361959
swi10,0.9960853,0.8073144,0.1951124,1.266752,0.8501644,0.3373655
swi10,0.9967399,0.8028743,0.204268,1.30584,0.8490916,0.332587
swi10,0.9889593,0.8127087,0.2050679,1.242531,0.8494018,0.3386935
swi10,0.9949704,0.8139501,0.2015219,1.273662,0.8517719,0.3353142
swi10,0.9935506,0.814032,0.2094282,1.353281,0.8448476,0.3241594
swi10,0.9982992,0.8106173,0.2078862,1.304738,0.8453132,0.3310317
swi10,0.9965294,0.8158569,0.2043451,1.320641,0.8492975,0.3335212
swi10,0.9977156,0.8106794,0.206658,1.267819,0.8471223,0.3334564
swi10,0.994657,0.8122815,0.202427,1.266684,0.8523915,0.3386699
swi10,0.9961823,0.8040894,0.2031631,1.250451,0.8478045,0.3331577
swi10,0.9970363,0.8228042,0.2067826,1.316231,0.8479602,0.3291858
awt35,0.8635732,0.8181818,0.5274823,1.231627,0.7266403,0.006289116
awt27,0.9440718,0.8573718,0.3819417,1.254956,0.7470536,0.005930683
awt12,0.88843,0.911235,0.1294095,0.7231276,0.978326,0.006654935
awt01,0.8352795,0.7100428,0.2459565,0.7624244,0.9348498,0.04114258
awt18,0.9308054,0.7898456,0.3996509,0.8797423,0.8734008,0.04116766
awt06,0.9231296,0.8753669,0.6327388,1.30928,0.8818644,0.04859816
awt35,0.4893766,0.6925154,0.2523123,0.8624888,0.7464589,0.006850309
awt27,0.8841129,0.8320988,0.4212934,1.025851,0.8003937,0.005768985
awt12,0.832424,0.9132357,0.06214469,0.9522974,0.9795383,0.006874481
awt01,0.8988899,0.7653471,0.30377,0.6406328,0.9339031,0.03621844
awt18,0.8742575,0.765873,0.408016,1.034873,0.85755,0.0426911
awt35,0.8816891,0.8601097,0.6245468,1.069323,0.7495217,0.006912104
awt06,0.7666954,0.8793025,0.6151983,1.340834,0.8952824,0.05326523
awt12,0.9168153,0.9509756,0.1005267,1.582391,0.9546011,0.006632276
awt27,0.7681561,0.7884259,0.3137229,0.709363,0.8628846,0.00713578
awt01,0.7912127,0.7744,0.3006566,0.6475697,0.9439167,0.03540802
awt18,0.8967799,0.7088929,0.2658658,0.8710812,0.8729406,0.04243797
awt35,0.7797484,0.718652,0.3442913,1.134455,0.7534733,0.007776344
awt27,0.8288547,0.7969577,0.2495162,1.249274,0.710495,0.005448786
awt12,0.9016494,0.9304615,0.07894496,0.7717499,0.9740966,0.007156447
awt01,0.9248488,0.7587755,0.3235564,0.9083326,0.9200135,0.03440048
awt18,0.9161909,0.7988357,0.4398805,0.8629101,0.8611034,0.04218359
awt06,0.8997202,0.8731579,0.5895635,1.40182,0.8807857,0.05134327
awt35,0.8825395,0.7885802,0.3713018,1.145782,0.7727156,0.006914811
awt27,0.8041743,0.7919648,0.2526088,1.130665,0.8322283,0.007227081
awt12,0.9530857,0.9202051,0.08287063,0.6686251,0.9673295,0.006596565
awt01,0.8570632,0.7544223,0.3353556,0.3563421,0.9494806,0.03574016
awt18,0.9151835,0.8262322,0.4634134,1.027619,0.8349693,0.03687833
awt35,0.6425951,0.71875,0.3203068,0.9340659,0.7882409,0.007385447
awt06,0.8538982,0.8442833,0.5603859,1.253068,0.8927152,0.04974109
awt27,0.5898536,0.8954545,0.4428543,0.8642607,0.8270347,0.005779246
awt12,0.9027934,0.9562034,0.05789237,1.101017,0.9666266,0.006472139
awt01,0.9035248,0.814271,0.3677929,0.6776337,0.9399365,0.03324707
awt18,0.9283727,0.7544921,0.349635,1.020512,0.8834866,0.04530932
awt35,0.9055539,0.8929534,0.6117181,0.8991904,0.8050713,0.007970517
awt27,0.9606458,0.8345679,0.4444416,0.9403922,0.8379368,0.007937553
awt12,0.8905183,0.877029,0.09743338,1.030021,0.9683401,0.006557679
awt06,0.9540751,0.8619827,0.570874,1.182035,0.885193,0.05006607
awt01,0.7954982,0.7692153,0.3273039,0.9043838,0.9349243,0.03525876
awt35,0.5166682,0.7192308,0.3025052,1.123704,0.7610411,0.006634683
awt18,0.8704312,0.7971584,0.4153723,0.9255893,0.8938741,0.04327431
awt27,0.843976,0.8282599,0.4097194,0.8776238,0.8493978,0.008562393
awt12,0.7407722,0.9313103,0.07182093,0.8335392,0.9737085,0.006741801
awt35,0.6654432,0.7542308,0.3385066,0.923388,0.774903,0.007244899
awt01,0.8773683,0.7898996,0.3098196,0.7152624,0.9332157,0.03928213
awt18,0.8541628,0.7624563,0.3586734,0.9773046,0.8543423,0.03995994
awt27,0.8598808,0.8252244,0.4117619,1.019278,0.852177,0.006461937
awt06,0.8359429,0.8508539,0.5206141,1.022263,0.8938556,0.05221262
awt12,0.5825567,0.8667187,0.09007536,0.9046537,0.9704117,0.006429631
awt35,0.9200946,0.860735,0.6257731,1.097391,0.7411206,0.0067669
awt01,0.8397816,0.7313396,0.2748024,0.6473461,0.9443111,0.03612039
awt18,0.9016414,0.8052901,0.4589713,0.9157169,0.8595203,0.03904886
awt27,0.8519237,0.8040541,0.396549,1.118351,0.8064665,0.008323363
awt12,0.9426438,0.8965819,0.06553164,0.8655659,0.9843295,0.006541497
awt06,0.9343954,0.8506843,0.5264647,1.010815,0.8756443,0.05170981
awt35,0.8624898,0.8551587,0.643911,1.592299,0.7055765,0.006082681
awt01,0.9302966,0.7650222,0.3136816,0.6056168,0.9498497,0.03409652
awt27,0.8723467,0.894765,0.369045,0.9529501,0.8133133,0.006357316
awt18,0.9359457,0.8330767,0.4826474,0.9529278,0.8624207,0.0431734
awt12,0.8691019,0.855764,0.08762638,0.7738231,0.9711229,0.006460788
awt35,0.8288325,0.7992263,0.3887119,1.367557,0.7745549,0.005872833
awt01,0.8704084,0.7437864,0.2630195,0.5748276,0.9430037,0.03672997
awt06,0.8877678,0.8721229,0.6347234,1.364842,0.8816778,0.04941352
awt27,0.9420088,0.8445946,0.3865713,1.294364,0.7196405,0.006745044
awt18,0.8294325,0.7781116,0.3972873,0.8815007,0.8728002,0.04430637
awt35,0.8619439,0.8465975,0.4932272,1.125431,0.7626883,0.007111085
awt12,0.8907047,0.9323438,0.1047096,1.341211,0.9568096,0.007135676
awt27,0.9631899,0.9119428,0.4117619,0.7935908,0.8410004,0.0078764
awt01,0.894955,0.7580755,0.2945912,0.9136426,0.921034,0.03352492
awt18,0.9429919,0.7651026,0.3560063,0.9071588,0.851734,0.04148769
awt35,0.8889851,0.7739331,0.4315356,0.972735,0.7832209,0.006870876
awt12,0.9492995,0.9195046,0.09444214,0.917821,0.9704693,0.006595821
awt06,0.9259553,0.8793723,0.5952993,1.029827,0.8909284,0.05215514
awt27,0.5920711,0.768068,0.2740658,0.9140106,0.7640353,0.005047077
awt01,0.8208621,0.7361741,0.2516579,0.7210834,0.9412828,0.04314554
awt35,0.8827076,0.7892081,0.4074046,1.011399,0.7987073,0.00709252
awt18,0.9239961,0.7785904,0.4229856,1.277388,0.8465936,0.04030118
awt12,0.5384364,0.8022568,0.04451096,0.4282756,0.9677678,0.00640447
awt06,0.9081049,0.8779416,0.629528,1.242332,0.8869072,0.0512997
awt27,0.8492005,0.8120536,0.4313697,0.8520062,0.8346975,0.006362708
awt01,0.8947942,0.7513493,0.2954361,0.3012456,0.9482243,0.03548896
awt35,0.8117131,0.8438462,0.5445632,0.8888506,0.7687687,0.00695007
awt12,0.9096983,0.9042187,0.1098878,0.9200665,0.9835594,0.006855227
awt18,0.967794,0.7876423,0.4137867,1.069361,0.8569599,0.0409422
awt27,0.9463935,0.8803419,0.4015357,0.8244921,0.8522156,0.00661526
awt35,0.8620266,0.8509819,0.4745341,1.097845,0.7711564,0.00740223
awt01,0.9349436,0.7970031,0.3633818,0.7462754,0.928261,0.03428059
awt06,0.9120487,0.9137671,0.6831641,1.053285,0.8810728,0.04983454
awt12,0.7026716,0.8328109,0.09108395,0.6071034,0.9728202,0.006746027
awt18,0.9542808,0.8264172,0.4696673,0.9123248,0.8441801,0.03809943
awt28,0.7600811,0.8238636,0.2153815,1.463405,0.6776342,0.003693882
awt35,0.724139,0.7589942,0.4692278,0.9189883,0.7624138,0.006936849
awt01,0.8669806,0.7896568,0.3564569,0.4757072,0.9379812,0.03633571
awt12,0.9289566,0.7871062,0.08105995,0.6805934,0.9612386,0.006748257
awt18,0.9590812,0.7639066,0.3717721,1.234007,0.8448473,0.03745845
awt06,0.8170738,0.851937,0.562194,0.823128,0.8893857,0.05127922
awt28,0.7318777,0.8436782,0.2380922,1.654939,0.7893564,0.005727222
awt35,0.4604239,0.7713835,0.3988276,0.9118571,0.8176996,0.008200307
awt01,0.8978125,0.8125962,0.372948,0.6850038,0.9385451,0.0394373
awt12,0.7741378,0.8812445,0.07608464,0.9179473,0.9595484,0.00675521
awt28,0.6275211,0.8203704,0.1669253,1.151903,0.7611523,0.005041381
awt18,0.9699141,0.8009551,0.4346403,0.8492348,0.8489016,0.03645294
awt35,0.9107209,0.8719536,0.6865463,1.373142,0.7934292,0.00672091
awt06,0.8504967,0.861862,0.6278561,1.064307,0.8911964,0.05178797
awt01,0.5973178,0.7046645,0.2540516,0.3791608,0.9412848,0.03702106
awt12,0.7801739,0.7657022,0.04695983,1.025857,0.9674072,0.006602253
awt28,0.8257636,0.8436782,0.2678544,1.409793,0.7457492,0.006001515
awt18,0.8342513,0.7545696,0.3919974,1.083737,0.8558729,0.04112781
awt35,0.8231482,0.7726923,0.3999971,1.114596,0.7937429,0.007642555
awt12,0.9099382,0.9382564,0.07978485,1.113012,0.9739231,0.006806449
awt01,0.6175701,0.7114894,0.2865501,0.3022764,0.9502897,0.037973
awt28,0.714639,0.9074675,0.218747,1.941334,0.8211219,0.005783544
awt06,0.9114356,0.8159767,0.4807968,1.05366,0.8908022,0.05144776
awt35,0.9005781,0.8727413,0.5995265,1.163898,0.7334174,0.006756127
awt18,0.9153116,0.7397073,0.3449472,1.168522,0.8635208,0.04785019
awt12,0.9362233,0.9442771,0.04232571,0.6361139,0.9718791,0.006815297
awt28,0.4865934,0.7224026,0.1691889,0.6645712,0.6971891,0.003893043
awt01,0.9213826,0.8073008,0.3388646,0.6720415,0.934457,0.03880665
awt35,0.8416506,0.7837524,0.5112871,0.9548813,0.8157278,0.007092829
awt18,0.9078348,0.7335614,0.3399461,1.069877,0.8671458,0.04011867
awt06,0.9409175,0.8688685,0.6168842,0.9787791,0.8968677,0.04966574
awt12,0.8798014,0.9145455,0.05649498,0.9223605,0.957606,0.006523554
awt28,0.7736381,0.9732143,0.2258035,3.098592,0.7343572,0.004795591
awt01,0.7866365,0.7300403,0.2887675,0.4043272,0.9323568,0.03707707
awt35,0.9174896,0.7970735,0.4051695,1.335635,0.7444059,0.006741593
awt18,0.9684007,0.776236,0.3837182,1.078839,0.8389282,0.03934002
awt28,0.6156558,0.8814935,0.205879,3.399373,0.6691907,0.003916836
awt12,0.7539149,0.9329231,0.08333105,0.9571961,0.9756428,0.00641197
awt01,0.8021611,0.7668089,0.315436,0.6263573,0.9247258,0.03417892
awt35,0.9000938,0.8525818,0.4385936,1.081401,0.7610649,0.006935161
awt06,0.9025172,0.8655072,0.5988934,1.169556,0.8819314,0.04765375
awt18,0.9174434,0.7671062,0.3189584,1.12898,0.8138548,0.03797124
awt28,0.3703777,0.6743295,0.1504906,0.6897415,0.7629331,0.005335397
awt12,0.8694704,0.9486883,0.08648413,0.9495853,0.9777635,0.006723377
awt35,0.7715666,0.8130878,0.5005818,0.9875749,0.7722181,0.006604143
awt01,0.7355681,0.7201353,0.2756957,0.3281631,0.939008,0.03636728
awt18,0.925539,0.7771385,0.4095874,0.8403033,0.8601973,0.04339429
awt28,0.7154344,0.7743506,0.2153815,1.66024,0.7975177,0.005342866
awt06,0.8543971,0.8415287,0.5510499,1.192541,0.8932584,0.0513169
awt12,0.9466845,0.9124067,0.06249781,1.144886,0.9717106,0.006641711
awt35,0.9014769,0.8065764,0.5086176,1.426674,0.6725352,0.005088064
awt01,0.7355416,0.7114498,0.258821,0.5073856,0.9435706,0.03756416
awt28,0.8551356,0.9350649,0.2499973,2.968058,0.808279,0.006143474
awt18,0.9645405,0.7959643,0.4413774,0.8461944,0.8613561,0.04204084
awt07,0.4863391,0.64379,0.1999976,0.9918932,0.6806277,0.01537437
awt12,0.8375482,0.8929398,0.08648413,1.001786,0.9689638,0.006911359
awt35,0.8580157,0.8702978,0.5810413,1.145867,0.7555287,0.00676648
awt01,0.7655915,0.7196244,0.1588212,0.846791,0.9273488,0.03283217
awt28,0.5783098,0.880726,0.203122,2.418469,0.6919958,0.004745949
awt18,0.9353315,0.7518797,0.2839997,0.9688704,0.8725262,0.04331758
awt07,0.479635,0.6522314,0.1399889,0.6465382,0.7573224,0.02085841
awt12,0.8980414,0.9338349,0.09302105,0.8317817,0.9746538,0.006486087
awt35,0.8329565,0.8479691,0.4969442,1.29159,0.7100287,0.006223014
awt01,0.9463388,0.7660229,0.3165196,0.6393389,0.9307947,0.03503311
awt28,0.767461,0.9218391,0.2542345,3.698495,0.7185064,0.005774623
awt35,0.8660381,0.828028,0.525859,1.397812,0.6935197,0.004017334
awt18,0.8606933,0.7750516,0.4056579,1.100378,0.8677946,0.04389205
awt12,0.8574254,0.8605128,0.08771711,0.9673649,0.9674686,0.006816589
awt07,0.8829536,0.6782158,0.1960595,0.8219038,0.7077319,0.01563224
awt01,0.8845758,0.767642,0.3012293,0.4434724,0.9376359,0.03795518
awt28,0.4501112,0.8490741,0.1690106,1.997346,0.7650555,0.004767725
awt35,0.8448751,0.8398453,0.5783334,1.382602,0.713852,0.005950011
awt12,0.953439,0.9111456,0.09677181,1.098293,0.9751597,0.006840051
awt18,0.9095946,0.7721265,0.3946448,1.012754,0.8639595,0.04158579
awt07,0.8496836,0.6614423,0.1029196,0.9284023,0.6854147,0.01587047
awt28,0.4261928,0.6635174,0.180725,0.4858012,0.7942096,0.005389161
awt01,0.8937734,0.7452889,0.2575611,0.7142397,0.9262861,0.03457486
awt35,0.8954733,0.8498267,0.6072359,1.258384,0.754089,0.006550084
awt12,0.9177643,0.8958053,0.1082228,0.8536385,0.9798102,0.006873946
awt18,0.8423087,0.7750183,0.355435,0.9641477,0.8719248,0.04205327
awt07,0.7738198,0.689645,0.1891285,0.5802216,0.7525884,0.02239257
awt28,0.9066931,0.9231481,0.2307667,2.634471,0.7280314,0.005488689
awt01,0.8297163,0.7915765,0.3701787,1.016142,0.9364791,0.03740684
awt35,0.8259806,0.82,0.5722018,1.762176,0.5789686,0.00429035
awt12,0.9107065,0.9367378,0.06249759,1.396096,0.9417082,0.006648662
awt18,0.9408969,0.7774932,0.3577446,0.8663907,0.8605192,0.04172617
awt07,0.7576737,0.6418238,0.1710244,0.6335207,0.7104871,0.01660822
awt28,0.5243547,0.7706093,0.1343252,1.527458,NaN,0.004801959
awt01,0.859957,0.719122,0.2423331,0.5242875,0.9502372,0.0367523
awt36,0.7571308,0.7907692,0.3953188,0.9137273,0.882699,0.008467763
awt12,0.8653585,0.8885449,0.08808043,0.8588681,0.9762747,0.006759164
awt28,0.6579578,0.8814935,0.208952,1.828937,0.7236823,0.005277608
awt18,0.9195124,0.7758184,0.3499419,0.9199177,0.8489095,0.04108069
awt07,0.8326863,0.694162,0.2217251,0.6816887,0.7050845,0.01597482
awt01,0.6966118,0.7317487,0.2718176,0.7414592,0.9563029,0.03458501
awt36,0.7272477,0.7928241,0.4781401,0.7993048,0.9510868,0.01102892
awt12,0.8027276,0.8906142,0.09523567,0.6092899,0.9805896,0.006767663
awt28,0.6679265,0.8969156,0.2413766,1.772722,0.7563248,0.005265855
awt18,0.9545881,0.7769458,0.3872521,1.234823,0.8403242,0.04164975
awt07,0.7458738,0.6568333,0.1713589,0.5973645,0.7482642,0.02106518
awt36,0.655727,0.8511905,0.5036551,0.790247,0.9422557,0.01023487
awt01,0.7131594,0.7154472,0.2539169,0.2823988,0.9472029,0.03505798
awt12,0.8940844,0.8978328,0.09042313,0.8373878,0.9553706,0.006518144
awt28,0.4738324,0.7533291,0.271425,1.173143,0.6986093,0.005052982
awt18,0.9383268,0.7949451,0.4049882,1.160764,0.8384225,0.03835052
awt07,0.6106096,0.6609904,0.1883599,0.8254256,0.7170434,0.01810907
awt36,0.8130874,0.8392308,0.5903256,0.6487787,0.9180215,0.009965738
awt01,0.9241609,0.7918314,0.3485334,0.7838914,0.9390869,0.03402677
awt28,0.6017332,0.807863,0.2449463,1.538602,0.7739675,0.005014391
awt13,0.6158122,0.7389534,0.3014924,0.7420908,0.8671074,0.02202636
awt18,0.9209846,0.7636763,0.389049,0.9755704,0.8329988,0.03917974
awt36,0.7342135,0.7426901,0.352044,0.6100166,0.925794,0.009039357
awt07,0.8503168,0.6455852,0.1586724,0.8358456,0.6658789,0.0140205
awt01,0.8216634,0.7310991,0.2335359,0.4865387,0.9401703,0.03742466
awt28,0.7393554,0.8636364,0.205879,2.283015,0.7464701,0.004022497
awt13,0.8546174,0.8848978,0.4903946,0.7361187,0.9099448,0.02105533
awt18,0.9669364,0.7712541,0.3887691,1.011619,0.8585112,0.04158233
awt36,0.7700084,0.8155564,0.5088656,0.5946817,0.9318456,0.01059113
awt07,0.4825815,0.6871111,0.2432398,0.5906491,0.7706089,0.02307961
awt28,0.8684073,0.9228896,0.2592566,2.28419,0.7695776,0.004889515
awt01,0.885348,0.7857917,0.3306618,0.6561945,0.9529856,0.03408495
awt18,0.8023469,0.7781282,0.4418453,0.980193,0.8517514,0.03840935
awt36,0.8302826,0.7896963,0.3923049,0.6685995,0.9342931,0.01035781
awt13,0.8050554,0.8075362,0.3867165,1.062826,0.8528676,0.02034386
awt28,0.7332903,0.9222126,0.1884024,3.839352,0.6865156,0.003369755
awt07,-0.02203025,0.5435606,0.08473864,0.9504691,0.6692263,0.01381819
awt01,0.5424168,0.6637875,0.2322556,0.3162484,0.9463379,0.03914257
awt36,0.7458053,0.8031189,0.384314,0.8330342,0.9176136,0.01037633
awt18,0.9531018,0.8067143,0.4186968,0.8769537,0.8660001,0.04214191
awt28,0.6889553,0.7808442,0.1768063,1.354554,0.7924841,0.004435664
awt13,0.7110336,0.7747885,0.3413222,0.7405221,0.894081,0.02104449
awt07,0.6982874,0.6119916,0.1118535,0.609505,0.7323707,0.01827312
awt01,0.7901218,0.7670442,0.3286526,0.8314179,0.9396402,0.03609494
awt36,0.853445,0.7725155,0.3859621,0.3737818,0.9554706,0.01068875
awt28,0.6047964,0.7865169,0.1540374,1.032898,0.7220469,0.004534046
awt18,0.8890153,0.7657396,0.3232874,0.8362056,0.8666432,0.04389048
awt07,-0.006622175,0.6318444,0.1510569,0.4837093,0.7071949,0.01689475
awt01,0.6033527,0.6842233,0.1924987,0.4424956,0.9406985,0.03575858
awt13,0.7635034,0.8145739,0.4164937,0.6816913,0.9009619,0.02259698
awt36,0.6609761,0.8332692,0.4316741,0.7633404,0.9182605,0.01025791
awt28,0.6690759,0.7899741,0.2131119,1.28394,0.6982244,0.00358328
awt18,0.966938,0.766394,0.3057982,0.8643631,0.8767348,0.04260086
awt07,0.8636844,0.6749222,0.1792094,0.6107126,0.7217291,0.01886467
awt01,0.9118561,0.7908678,0.3080882,0.5809753,0.9427723,0.03398099
awt36,0.6218677,0.7666538,0.3323038,0.7127364,0.9226892,0.009844115
awt28,0.7409785,0.9222126,0.236361,4.929091,0.6612597,0.003555527
awt13,0.5822471,0.781156,0.3815106,0.7032374,0.9080982,0.02187843
awt18,0.8698868,0.745062,0.3659695,0.8833753,0.8473148,0.040681
awt07,0.8970796,0.6673757,0.1722198,0.8269881,0.7062303,0.01663725
awt01,0.8730928,0.767723,0.2968894,0.5964518,0.9375513,0.03745764
awt36,0.7693692,0.8503086,0.5543312,0.7129649,0.9264955,0.01031566
awt28,0.7054747,0.8376623,0.2222192,1.52418,0.7663224,0.005554105
awt13,0.8705355,0.8392147,0.4104139,0.8537508,0.8576621,0.02056042
awt18,0.7476353,0.7524912,0.3708619,0.8287993,0.8834164,0.04625984
awt07,0.891357,0.6922667,0.1959531,0.7153408,0.7592094,0.01963269
awt01,0.6507093,0.6748312,0.2263791,0.2787067,0.9513516,0.04038025
awt28,0.3495564,0.5577855,0.1155512,0.3777542,0.7342134,0.004470334
awt36,0.8339698,0.834679,0.5147485,0.6930822,0.9090198,0.009433341
awt18,0.9197025,0.7901276,0.3965098,0.9089423,0.8706547,0.04305598
awt13,0.871351,0.8424583,0.4475973,0.7923264,0.9092564,0.02523042
awt28,0.498445,0.6237548,0.1643315,0.3652055,0.7835345,0.005773394
awt07,0.9709474,0.7170799,0.1986086,1.007934,0.6573986,0.01187196
awt36,0.6848275,0.8107692,0.413817,0.7035113,0.9273798,0.01059938
awt01,0.8512469,0.7372756,0.2685689,0.7246644,0.9320227,0.03500408
awt18,0.9151124,0.7628205,0.3693591,1.106402,0.8721056,0.04232744
awt28,0.6756852,0.8735632,0.2272695,2.192001,0.7145331,0.004992071
awt36,0.3099973,0.7175926,0.331097,0.5524459,0.9469555,0.01095932
awt07,0.7141525,0.6719215,0.2050541,0.8621582,0.6528843,0.01230387
awt13,0.8123566,0.8149845,0.4005204,0.8155068,0.8864789,0.02353926
awt01,0.8597006,0.8392889,0.4284306,0.8649043,0.927054,0.03776347
awt28,0.519731,0.9388889,0.1764673,3.962661,0.7006581,0.004454904
awt18,0.9451129,0.7887505,0.3485687,1.013385,0.8454358,0.04162112
awt36,0.7572926,0.8427795,0.4705853,0.6870903,0.9232733,0.009975532
awt07,0.7045348,0.6995139,0.2099028,0.5530872,0.7081917,0.01701029
awt01,0.9437234,0.7961183,0.3285773,0.9582025,0.9115434,0.03585412
awt13,0.9081436,0.8650621,0.4669336,0.9010307,0.9092237,0.02402838
awt28,0.5785599,0.7902174,0.1492506,1.322015,0.7379939,0.005244791
awt36,0.831736,0.7485582,0.3338441,0.2578646,0.9423017,0.0118132
awt18,0.9357537,0.7760478,0.3703869,0.9350183,0.8481837,0.04038768
awt07,0.854537,0.680887,0.1881206,0.7604383,0.6756697,0.01364115
awt01,0.684671,0.7134079,0.3048103,0.256414,0.9530352,0.03337199
awt28,0.6102868,0.7946429,0.2222192,1.319835,0.7639475,0.004952997
awt13,0.8838501,0.8172957,0.4421864,0.8079538,0.8816885,0.02257239
awt36,0.6343243,0.7958075,0.4099972,0.6797179,0.9159459,0.009817788
awt18,0.9790567,0.7544834,0.3270356,0.8704915,0.8628592,0.0401685
awt07,0.4274476,0.6690023,0.1639713,0.8364787,0.7025262,0.01671807
awt01,0.764901,0.7354179,0.2443658,0.7057426,0.9385172,0.0384715
awt28,0.51764,0.7013081,0.195306,0.9597192,0.6886435,0.003631056
awt36,0.7034417,0.7411538,0.266664,0.3588246,0.946395,0.009785358
awt13,0.6437404,0.7799145,0.3595479,0.8110841,0.9003992,0.02279893
awt18,0.9343046,0.7712231,0.3537321,0.8823739,0.850571,0.04190198
awt07,0.2692745,0.6142465,0.1280622,0.5864227,0.6804902,0.01500078
awt28,0.7590306,0.8400974,0.2333305,1.833908,0.7342393,0.005239284
awt01,0.8750677,0.7743945,0.3251469,0.9200319,0.9322279,0.03583459
awt36,0.4797146,0.7228261,0.2222198,0.6179205,0.904168,0.009472859
awt13,0.7951182,0.774364,0.3732835,0.8525362,0.8601604,0.02160658
awt18,0.9326795,0.765255,0.3169723,1.149527,0.8271798,0.03733817
awt28,0.4443885,0.6461039,0.1523783,0.4745813,0.7987124,0.005153729
awt07,0.7334069,0.6755373,0.1955544,0.7095645,0.7473251,0.01983148
awt01,0.6676299,0.7699641,0.3925702,0.6062054,0.9350544,0.03306303
awt36,0.7150723,0.8252315,0.4490712,0.8070968,0.9382221,0.009474353
awt18,0.95524,0.801795,0.3861455,0.8383603,0.8678649,0.04259587
awt28,0.7461363,0.8781331,0.1940266,1.775523,0.7235492,0.004502952
awt13,0.8760346,0.8604641,0.4291638,0.8503721,0.9056778,0.02209233
awt07,0.7915621,0.6434766,0.166951,0.7533482,0.7134382,0.01658779
awt01,0.5309189,0.6635113,0.2521849,0.2475402,0.9449748,0.0339479
awt36,0.7383369,0.7747401,0.4117619,0.5874221,0.8911599,0.009868574
awt28,0.3784065,0.7977528,0.1884024,1.29063,0.7726669,0.00536512
awt18,0.8048571,0.7669231,0.4224,0.9585121,0.8570133,0.0406107
awt07,0.7021209,0.722842,0.2031828,0.679435,0.7247791,0.02049022
awt13,0.8818824,0.796934,0.3976611,1.136865,0.8738738,0.02148155
awt01,0.9198738,0.7249658,0.2249099,0.8647984,0.9387794,0.03333258
awt36,0.7617729,0.9326146,0.6479657,1.236856,0.9019515,0.01006151
awt28,0.405279,0.6796296,0.1791013,0.6609995,0.7887372,0.005433708
awt18,0.9347985,0.7898369,0.4295872,0.9939642,0.8483024,0.03971279
awt07,0.6114639,0.5989636,0.0607669,0.7316926,0.7089091,0.01729789
awt02,0.738027,0.8847085,0.4925632,0.4392246,0.9943021,0.03250482
awt36,0.6053062,0.7298246,0.3051216,0.5820621,0.9273173,0.01013087
awt13,0.910808,0.8533302,0.4812542,0.8583614,0.891775,0.02142325
awt28,0.5521052,0.637963,0.1074454,0.5556818,0.7782926,0.005765061
awt19,0.844278,0.756556,0.2340254,1.143853,0.7682565,0.01028557
awt07,0.8007305,0.6702404,0.1862545,0.8276653,0.6478297,0.01323916
awt36,0.681612,0.8217593,0.5637395,0.7385003,0.9250611,0.01022677
awt02,0.5422943,0.7810463,0.3386336,0.3676922,0.9940667,0.0340976
awt28,0.6710829,0.7972222,0.1999972,1.402217,0.7182064,0.004429137
awt13,0.7587565,0.8073593,0.3526156,0.9031385,0.8762728,0.01950993
awt19,0.8881882,0.7798913,0.2325784,0.8444666,0.8422126,0.01338388
awt36,0.6895034,0.7838462,0.4719506,0.674175,0.9151969,0.01006482
awt07,0.8513423,0.7076314,0.1614475,0.8262863,0.6883082,0.01572987
awt02,0.6047718,0.7958508,0.3265202,0.3929126,0.9935276,0.02878991
awt28,0.7302129,0.8782468,0.208952,3.081662,0.6751629,0.004208568
awt19,0.7256816,0.7138273,0.1386883,0.8843572,0.8022701,0.01174651
awt13,0.8329535,0.8116,0.3776596,1.112897,0.8823332,0.02325628
awt36,0.713117,0.8659992,0.5415173,0.7495807,0.9355003,0.01115689
awt07,0.8748992,0.7248605,0.238304,0.8860999,0.6973111,0.01632242
awt28,0.5015075,0.8709416,0.205879,1.87956,0.7354778,0.00569145
awt02,0.6962426,0.842771,0.4935542,0.5017876,0.9917419,0.03131716
awt19,0.7173768,0.7734973,0.2362113,0.69207,0.842757,0.01407976
awt36,0.9791849,0.7219231,0.2760208,0.395677,0.9598427,0.01112584
awt28,0.7013525,0.7842158,0.1929798,1.074123,0.7440198,0.004232539
awt13,0.845662,0.7985326,0.3869064,0.7650354,0.8988623,0.02245428
awt07,0.7466175,0.6761582,0.155068,1.061296,0.6671737,0.01151918
awt02,0.6064713,0.8151076,0.3520793,0.379848,0.9944025,0.02833863
awt19,0.8772737,0.7446713,0.2044044,1.019429,0.8071325,0.01278705
awt36,0.4385919,0.7388462,0.317212,0.4162968,0.9386226,0.01130242
awt28,0.4766979,0.8351648,0.1532138,1.565689,0.7716416,0.004907519
awt07,0.7255722,0.6898752,0.2035687,0.5937258,0.6901946,0.01525899
awt02,0.6834557,0.8255796,0.4405552,0.4236054,0.9943193,0.03130291
awt13,0.6934384,0.7839556,0.2968328,0.7870757,0.8804245,0.02148705
awt19,0.8291249,0.7874603,0.2990007,0.8482328,0.8390533,0.01388158
awt36,0.6995912,0.7346939,0.3323038,0.524611,0.9362619,0.01138001
awt28,0.5072511,0.8866279,0.2666638,1.818211,0.7693476,0.004052861
awt07,0.8248133,0.6933836,0.1853011,0.5859541,0.6754645,0.01450343
awt02,0.6251845,0.8207366,0.403784,0.4686633,0.9931683,0.03032192
awt19,0.8806929,0.8241667,0.2526713,0.9931723,0.8241884,0.01348754
awt13,0.5866028,0.7731667,0.3211157,0.8387142,0.888511,0.02179405
awt28,0.6209431,0.7630814,0.2352908,0.986759,0.7397503,0.005526866
awt36,0.803101,0.8623606,0.5326855,0.6947268,0.9201311,0.008944442
awt07,0.8531158,0.7150579,0.2156835,0.8973802,0.6708999,0.01372095
awt02,0.6122123,0.8107563,0.4191838,0.3599196,0.9942466,0.03131512
awt19,0.9156204,0.7846409,0.2834969,0.825761,0.8559535,0.01441956
awt28,0.4687075,0.7856525,0.1969666,1.499787,0.7855197,0.00459447
awt36,0.7514922,0.8942308,0.6898114,0.6965437,0.893068,0.009827757
awt13,0.6707112,0.8056499,0.3782836,0.8719735,0.8647057,0.02164777
awt07,0.6036076,0.6432422,0.1324245,0.6886669,0.7094303,0.0186018
awt19,0.8002677,0.7542378,0.1992728,1.19094,0.7781201,0.01242278
awt02,0.7908969,0.8803757,0.5037619,0.5421441,0.9904228,0.02869141
awt29,0.7285394,0.8677615,0.2260276,0.8822102,0.9394502,0.008213337
awt36,0.8449568,0.7915385,0.3333307,0.5597633,0.94294,0.01038
awt13,0.7881663,0.8379929,0.4521867,0.9467812,0.8950611,0.02142529
awt07,0.6382554,0.6623057,0.128939,0.9007564,0.6830649,0.01574381
awt19,0.7739827,0.7982766,0.2010503,0.8188508,0.8396168,0.01483235
awt02,0.7283575,0.8541364,0.462146,0.4670712,0.990566,0.03210495
awt36,0.5882103,0.7827932,0.4046755,0.7279415,0.907519,0.01030648
awt29,0.8373561,0.9404844,0.3269204,0.9500817,0.9275245,0.008419037
awt19,0.6890612,0.7327552,0.269139,0.7803259,0.8060366,0.01206345
awt07,0.4792824,0.6891111,0.228656,0.6413265,0.7280917,0.01909562
awt13,0.5467407,0.7370437,0.3151892,0.7387575,0.8888399,0.02076148
awt02,0.8153011,0.9124439,0.5790785,0.5496375,0.9901321,0.0296642
awt36,0.8424733,0.8209472,0.3958305,0.5936464,0.9216826,0.00986506
awt29,0.8753333,0.9390609,0.211536,1.097825,0.9471271,0.008888667
awt19,0.8683187,0.8077158,0.2353079,0.9148975,0.8072872,0.01320607
awt07,0.8346489,0.6887465,0.2260288,1.141454,0.6570555,0.01379382
awt36,0.7649446,0.7628106,0.3473861,0.7626465,0.9217772,0.01084538
awt02,0.6877195,0.8454267,0.4511263,0.4634103,0.9921878,0.02850049
awt13,0.814825,0.8430736,0.4116863,0.9837315,0.8695725,0.02106681
awt29,0.567559,0.8851149,0.2156838,0.76213,0.942721,0.008077382
awt19,0.5136137,0.687619,0.1504257,0.5984603,0.846636,0.01389405
awt07,0.7939994,0.6481305,0.135787,0.7736293,0.6746291,0.01453853
awt36,0.484953,0.7434006,0.4751607,0.4614276,0.8961053,0.01040738
awt02,0.5490731,0.7496211,0.2895259,0.3408748,0.9948372,0.03315254
awt29,0.7958014,0.9691558,0.2692282,0.8171308,0.967789,0.008841689
awt13,0.7309189,0.7918283,0.3837781,0.9556418,0.8772243,0.0241934
awt19,0.8715848,0.7813879,0.2264898,1.162275,0.7923974,0.01020842
awt07,0.9067203,0.6799832,0.1640679,0.5652827,0.7066847,0.01629934
awt36,0.7041135,0.7723952,0.3530742,0.500944,0.9365166,0.01103331
awt02,0.8281337,0.9025994,0.5024467,0.4582693,0.9929861,0.03134237
awt29,0.7651563,0.8612013,0.2464358,1.23298,0.8930984,0.007405418
awt19,0.6867244,0.6798818,0.1968349,0.6880277,0.8450155,0.01480658
awt13,0.713741,0.7952437,0.3348891,0.6727241,0.8953737,0.02291773
awt07,0.2014328,0.6591926,0.1855806,0.4720477,0.688275,0.02012295
awt36,0.7498867,0.7512573,0.3101826,0.4027077,0.9600223,0.01082613
awt02,0.8006641,0.8853008,0.5747095,0.4921221,0.991486,0.03154494
awt29,0.7301908,0.8858238,0.2777751,1.021972,0.9353982,0.007614433
awt19,0.7330286,0.7430096,0.2383801,0.6682727,0.835936,0.01412537
awt36,0.6304439,0.8268025,0.4419325,0.7582093,0.8949749,0.01062484
awt07,0.6467452,0.6232526,0.1224545,0.6272845,0.7213013,0.01963872
awt13,0.7708742,0.8056132,0.3562187,0.8496275,0.8899794,0.02235971
awt02,0.621842,0.8247619,0.4681417,0.4197326,0.9928259,0.02902595
awt19,0.8603001,0.814854,0.2681736,0.9423097,0.8364932,0.01410621
awt29,0.8579489,0.9425287,0.2941151,1.084007,0.9568238,0.008450625
awt36,0.3423517,0.6724138,0.1851828,0.4782037,0.8692915,0.008479063
awt07,0.8900107,0.661992,0.1472958,0.4957274,0.7106761,0.01553534
awt13,0.82223,0.8723245,0.4376081,1.017952,0.8817143,0.02207046
awt02,0.6383726,0.7967842,0.2933252,0.4064531,0.9913273,0.02869477
awt19,0.7362261,0.7191374,0.1581185,1.187308,0.8059611,0.01378537
awt29,0.7703093,0.8827586,0.2884589,1.15826,0.9399628,0.00878208
awt36,0.7143569,0.7212168,0.2357117,0.5668623,0.9089198,0.00974403
awt07,0.7519605,0.665794,0.1677935,0.707097,0.7499769,0.02106853
awt02,0.6049069,0.8094339,0.3743914,0.4083854,0.9920908,0.02879088
awt13,0.8459163,0.8627825,0.5060018,0.9975396,0.8666193,0.02104287
awt19,0.6342852,0.7268783,0.2263272,0.6816753,0.8707388,0.01467639
awt29,0.8308186,0.8342593,0.1871366,0.6977072,0.9541905,0.008097244
awt36,0.6337922,0.7726923,0.3742208,0.6235158,0.9003369,0.008228961
awt07,0.8936679,0.7217,0.2563988,0.778145,0.719695,0.01950727
awt19,0.7797292,0.7900249,0.221586,0.9766621,0.8064147,0.01197177
awt02,0.6858306,0.8307791,0.3882325,0.3804885,0.9949689,0.02955868
awt13,0.7299666,0.7802318,0.3764678,0.7645671,0.8836994,0.02214521
awt29,0.7572598,0.9351852,0.2033871,1.182508,0.9346276,0.008223392
awt36,0.560962,0.7356725,0.352044,0.4328365,0.9412636,0.0107371
awt07,0.8163195,0.707128,0.2058796,0.5343405,0.7357358,0.02017407
awt19,0.7994184,0.7400149,0.2520809,0.8859824,0.7851647,0.0132618
awt02,0.662642,0.8273305,0.4416637,0.3942844,0.994502,0.0335049
awt36,0.8160682,0.8315789,0.5025115,0.6140719,0.9134436,0.009469179
awt29,0.8547497,0.9204545,0.2641484,0.8458167,0.9593947,0.008821987
awt13,0.6749143,0.8212529,0.3685896,1.046735,0.8787715,0.02032643
awt07,0.8072751,0.7259388,0.2598011,0.9137839,0.6933475,0.01405546
awt19,0.8126138,0.8080337,0.2257727,0.8381044,0.8401442,0.01374371
awt02,0.6864173,0.8433276,0.4551782,0.493508,0.9921835,0.03348024
awt36,0.8077257,0.8452932,0.4688558,0.820899,0.921464,0.009759656
awt29,0.8132981,0.9291271,0.2203362,0.7971889,0.9597069,0.008250793
awt13,0.6396747,0.7715466,0.396333,0.6332368,0.8884294,0.02130762
awt07,0.5964095,0.648489,0.147138,0.866365,0.6938018,0.01320571
awt19,0.6124644,0.7130357,0.1564003,0.5793544,0.8317636,0.01288418
awt02,0.797893,0.8198194,0.3758595,0.3200294,0.9929331,0.03002843
awt36,0.5612122,0.7323017,0.2941151,0.4280999,0.9175474,0.01116123
awt29,0.7423296,0.8925926,0.1871366,0.8251727,0.9614585,0.008095125
awt19,0.8293631,0.8249405,0.2852025,0.6814747,0.814767,0.01193033
awt07,0.8851416,0.6750541,0.1439409,0.633993,0.7032005,0.01560137
awt13,0.8500723,0.8179509,0.4036116,0.7147167,0.9086337,0.02188976
awt02,0.6724149,0.8335121,0.5185828,0.4007086,0.99528,0.03069215
awt36,0.7124801,0.7824413,0.3546553,0.322332,0.9093772,0.009336708
awt29,0.9329948,0.9020363,0.3787205,0.9110965,0.9448272,0.008722341
awt19,0.8874057,0.8254042,0.3487565,0.7048026,0.8530814,0.01480304
awt07,0.3503799,0.6301044,0.1737503,0.648352,0.72377,0.01963811
awt36,0.6624841,0.7011538,0.2569419,0.3046986,0.9462751,0.01133941
awt02,0.6943187,0.8456253,0.4773765,0.5117587,0.9901328,0.03017712
awt13,0.802897,0.7928819,0.416213,1.061951,0.8861831,0.02142818
awt29,0.7776197,0.8997407,0.236361,0.765494,0.9514179,0.008132111
awt19,0.8493934,0.8001689,0.2366817,0.83203,0.8260858,0.01252584
awt08,0.7386595,0.8479187,0.4823973,0.5224577,0.9854987,0.0477281
awt36,0.7061998,0.8423077,0.4507663,0.9001406,0.9096899,0.0099603
awt02,0.609795,0.8285609,0.4470429,0.4929754,0.9899486,0.02967641
awt13,0.8765025,0.8140028,0.3775057,0.8840214,0.8836231,0.02295975
awt19,0.686573,0.7854338,0.2338024,0.7397008,0.8331952,0.01268332
awt29,0.7992694,0.8917151,0.2745073,0.701602,0.9734896,0.008514489
awt37,0.8883498,0.9127273,0.4385934,1.221887,0.9215464,0.006062271
awt08,0.7271765,0.8558607,0.5415187,0.5840027,0.9801683,0.0466746
awt02,0.5550219,0.8088985,0.3858583,0.4145549,0.9934167,0.02812091
awt19,0.7909466,0.7572115,0.1593552,0.9839218,0.8230312,0.01362893
awt29,0.7783099,0.9304348,0.1923053,1.239515,0.9379473,0.008884571
awt13,0.7889974,0.8235833,0.3895851,1.146672,0.8706469,0.02284444
awt37,0.8874463,0.9341564,0.3559292,1.875991,0.8789182,0.00598005
awt08,0.7375785,0.8565357,0.5635056,0.5726004,0.9849087,0.04620883
awt02,0.7241781,0.8345305,0.4021059,0.3065675,0.9912464,0.02830544
awt19,0.8007363,0.7671588,0.202595,0.9412407,0.8644302,0.01687428
awt29,0.7823902,0.9244186,0.2857115,0.9791161,0.9338227,0.008345081
awt37,0.9787174,0.8948864,0.385962,1.528382,0.8742871,0.005978273
awt13,0.7205483,0.7906589,0.3901776,0.8711789,0.8984811,0.02315912
awt02,0.6443863,0.8126598,0.4554974,0.4284014,0.993653,0.02963142
awt08,0.7077616,0.8416234,0.4652602,0.5837402,0.9846462,0.04767801
awt19,0.8644482,0.8074049,0.2492795,0.6900124,0.8508458,0.01427374
awt37,0.9185131,0.9585366,0.3448247,3.349521,0.8220901,0.005483068
awt13,0.6046503,0.7724294,0.3701469,0.7163299,0.8974205,0.02278175
awt02,0.7357256,0.8312772,0.3560422,0.4103737,0.991018,0.0287691
awt08,0.7120204,0.8395664,0.4611757,0.5084774,0.9845601,0.04791861
awt19,0.7917641,0.7651534,0.1863016,0.9693412,0.8245025,0.01294356
awt37,0.9830414,0.9027778,0.3157866,1.712225,0.8869013,0.005261273
awt19,0.9533041,0.843631,0.2900839,1.082204,0.8069094,0.01344974
awt02,0.5022839,0.7666798,0.3946019,0.4106792,0.9919463,0.02944523
awt37,0.9717006,0.9583333,0.4210496,2.622021,0.8816245,0.00570906
awt08,0.659575,0.8269749,0.4363222,0.5137423,0.9825922,0.04957653
awt13,0.7618148,0.8128592,0.4190448,0.8079731,0.8880024,0.02149731
awt19,0.4170728,0.7159524,0.1662314,0.7930599,0.8284374,0.01402202
awt37,0.8769805,0.9394474,0.3749971,2.335212,0.9030739,0.0056814
awt02,0.6269023,0.7826206,0.3627796,0.3193387,0.9936973,0.03202669
awt08,0.7421378,0.8530071,0.496896,0.5567842,0.9857135,0.04637007
awt13,0.8505118,0.826875,0.4404188,0.8705732,0.8746124,0.02106648
awt19,0.6906364,0.7486677,0.1859751,0.8401568,0.7791392,0.01197449
awt37,0.9299366,0.9335366,0.3508743,2.523226,0.8973208,0.005780135
awt02,0.7034659,0.8483794,0.5064256,0.4822862,0.9907915,0.02909772
awt08,0.7850371,0.8737729,0.5011304,0.4764121,0.9868959,0.05062741
awt13,0.8452704,0.8507611,0.4248857,0.8863657,0.9024439,0.02342337
awt19,0.8965294,0.7807799,0.278006,0.9868329,0.7956646,0.01195216
awt37,0.9332378,0.9023462,0.3275833,1.856733,0.881946,0.005897817
awt02,0.6901661,0.8451779,0.470335,0.4872667,0.9935888,0.03220523
awt08,0.6869808,0.8178054,0.4024498,0.4925977,0.9841385,0.04682926
awt19,0.9100653,0.7987981,0.3145806,0.9770368,0.8205057,0.01426558
awt37,0.9075688,0.9321581,0.4137901,2.555867,0.8586856,0.005684979
awt13,0.8668411,0.8407275,0.4430378,0.9998781,0.8896784,0.02298863
awt02,0.7207131,0.8699903,0.5817712,0.4400099,0.9948788,0.03338642
awt08,0.7034418,0.8451927,0.502351,0.5190881,0.9846659,0.04737997
awt37,0.9178396,0.9400094,0.5087688,2.171083,0.8485817,0.005279104
awt19,0.809758,0.8083573,0.1957827,0.8565237,0.8136025,0.01288723
awt02,0.7413156,0.8664731,0.459725,0.4636406,0.9899711,0.02720699
awt13,0.7744651,0.8285441,0.4311449,0.8779009,0.892385,0.02293401
awt37,0.9707559,0.9166667,0.4210496,1.904253,0.8781958,0.005830778
awt08,0.6808904,0.8338508,0.427108,0.4965445,0.982626,0.05106884
awt19,0.8155746,0.7740966,0.2477785,1.225681,0.8393719,0.01499916
awt02,0.7318694,0.8674368,0.5111472,0.5007898,0.9889053,0.03261496
awt37,0.8004918,0.892094,0.4137901,1.437038,0.8620706,0.005701948
awt13,0.5843911,0.7977014,0.3790306,1.013525,0.864798,0.02295266
awt19,0.841696,0.7597179,0.2205404,0.6550202,0.8384775,0.01432689
awt08,0.6820426,0.863682,0.5854416,0.579803,0.9871528,0.04814287
awt02,0.5832164,0.7879167,0.3445554,0.3963722,0.994253,0.02851129
awt37,0.8247637,0.9435626,0.3559292,1.98673,0.8897182,0.005970931
awt19,0.9517154,0.7873056,0.2263864,0.9063149,0.8316835,0.0125648
awt13,0.6315088,0.7700402,0.3382733,0.8823508,0.8667683,0.02062064
awt08,0.7441894,0.8544911,0.4914088,0.5149756,0.9862689,0.04578316
awt37,0.9006858,0.898883,0.3749971,1.400138,0.9079166,0.005842658
awt02,0.7017624,0.8479156,0.4660839,0.4833971,0.9922091,0.03024573
awt19,0.8600255,0.7843104,0.2401582,0.8803529,0.8445496,0.01442078
awt29,0.6736626,0.8781219,0.2199976,0.9569776,0.9422752,0.008671486
awt13,0.7838813,0.8286971,0.4089999,0.9136177,0.8888479,0.02217139
awt08,0.6980832,0.8369206,0.5080261,0.5133557,0.9874722,0.04784098
awt37,0.9692296,0.9284091,0.385962,1.834333,0.881609,0.005981555
awt02,0.7542143,0.8513475,0.4975785,0.4633653,0.9935421,0.0279682
awt19,0.8743459,0.7672314,0.2365343,0.8160076,0.8135466,0.01313644
awt29,0.6778569,0.9391234,0.2592566,1.007963,0.9252121,0.008683388
awt13,0.6357509,0.7957778,0.3317016,0.803239,0.8791614,0.0214468
awt08,0.6762786,0.8044196,0.4056218,0.4311723,0.9856425,0.05119944
awt37,0.9288488,0.8971591,0.3999971,1.215012,0.9071068,0.005698092
awt19,0.8258993,0.7948553,0.2366271,1.031803,0.805742,0.01465769
awt02,0.6935201,0.854007,0.3889846,0.3926908,0.9919674,0.02818601
awt29,0.8828458,0.948659,0.2941151,0.9045953,0.9439171,0.008393373
awt37,0.8714583,0.9113248,0.4137901,1.899057,0.8900406,0.005776799
awt08,0.7233792,0.833689,0.4192656,0.4554351,0.9855834,0.04374164
awt19,0.8416459,0.7554066,0.2188893,0.9312427,0.8129728,0.01310899
awt13,0.7998415,0.8179534,0.396525,0.9851426,0.8876855,0.02366238
awt02,0.7759381,0.8870077,0.5230739,0.5022933,0.9894988,0.03007537
awt29,0.6135352,0.7912088,0.1210808,1.006439,0.9257743,0.008072096
awt37,0.8740928,0.9512195,0.3508743,3.173435,0.8477831,0.005860296
awt19,0.917523,0.8214208,0.2968378,1.114799,0.8340137,0.0151018
awt08,0.6958779,0.8551039,0.5301724,0.5203008,0.9845855,0.04587792
awt02,0.6784122,0.8315594,0.3989401,0.3864179,0.9943802,0.03093675
awt13,0.9220081,0.8505639,0.4632046,0.9471049,0.8875076,0.02122651
awt37,0.9207426,0.8877131,0.3749971,1.27217,0.9091936,0.005640479
awt19,0.8774596,0.7859401,0.1705266,0.8926236,0.8195475,0.01362109
awt08,0.7273233,0.849567,0.5194011,0.5162145,0.983311,0.04629738
awt02,0.69878,0.8492806,0.5219127,0.4729908,0.990758,0.02997081
awt14,0.7764706,0.8513426,0.2010196,0.6005356,0.9296631,0.0169547
awt37,0.871719,0.9124921,0.3333305,1.888944,0.8729287,0.006187468
awt19,0.806259,0.725056,0.2294348,0.795398,0.8462457,0.01443929
awt08,0.7267842,0.8495137,0.4849142,0.5293468,0.9846615,0.04645825
awt02,0.4785512,0.7459398,0.3116231,0.3539932,0.9941419,0.03269642
awt14,0.9520742,0.9861899,0.3368956,1.601842,0.9382121,0.01725506
awt37,0.9409763,0.8981838,0.3965487,1.479286,0.8790785,0.005316395
awt19,0.8597622,0.7700584,0.2400723,0.9582559,0.8242469,0.01396015
awt37,0.7719755,0.8844249,0.3946833,1.022024,0.8953734,0.005584842
awt02,0.6466472,0.847881,0.4741012,0.4574287,0.9894133,0.02920273
awt08,0.7157983,0.8611618,0.5723296,0.769007,0.984731,0.04549237
awt14,0.8823015,0.911922,0.2613653,0.8726741,0.9426589,0.01666932
awt19,0.8331748,0.754127,0.2358417,0.6643182,0.8036153,0.01313659
awt29,0.8186932,0.9083333,0.2399975,0.8213568,0.9407191,0.008048777
awt37,0.8424655,0.9123932,0.4285684,2.006802,0.8813144,0.005914
awt14,0.9722611,0.9804268,0.3631521,1.467408,0.9295409,0.01702637
awt02,0.6737438,0.8347529,0.348004,0.376745,0.9901646,0.02948995
awt08,0.727513,0.8656766,0.5285946,0.5102657,0.9889218,0.04940951
awt19,0.9636664,0.7923026,0.2823504,0.8811933,0.83801,0.01495727
awt37,0.7988779,0.9078947,0.4262263,1.75542,0.8685405,0.005785274
awt29,0.8861621,0.883737,0.320752,0.843406,0.9351251,0.008712948
awt14,0.944993,0.9857332,0.329997,1.461104,0.9361715,0.01727004
awt02,0.7475309,0.8708849,0.5338629,0.4831074,0.9925626,0.02884831
awt08,0.6834491,0.8391608,0.4756445,0.4872593,0.9855824,0.05042466
awt20,0.6442317,0.7418636,0.2537184,1.10723,0.7416325,0.01015923
awt37,0.8771973,0.8710227,0.385962,1.126437,0.905423,0.005251494
awt29,0.7335288,0.9055556,0.2068939,1.038377,0.9448441,0.008509716
awt14,0.8267221,0.8849352,0.2149387,0.5362175,0.9436611,0.01688843
awt02,0.617827,0.7986417,0.4110432,0.3610006,0.9952633,0.03407264
awt20,0.8102023,0.6629798,0.2012536,0.8087507,0.789509,0.01409702
awt08,0.7396521,0.8407641,0.5458865,0.5386394,0.983731,0.04603255
awt37,0.9577462,0.9207317,0.3508743,3.156558,0.8948594,0.005899247
awt29,0.740354,0.9450549,0.171872,0.7479833,0.9653564,0.008666647
awt14,0.7453777,0.8625622,0.2123367,0.5887402,0.9410505,0.01741392
awt02,0.7457566,0.8659777,0.5557112,0.398949,0.9957765,0.02907105
awt20,0.6454728,0.6524565,0.1190387,0.8378,0.7915706,0.01508146
awt37,0.8959917,0.8477564,0.4363607,1.197753,0.9115231,0.00530918
awt08,0.7249073,0.8795923,0.5626376,0.5487324,0.9879584,0.04644908
awt29,0.7602574,0.8758621,0.2419325,0.7433691,0.9371717,0.008069679
awt14,0.8763005,0.85246,0.1801083,0.8019067,0.9366063,0.01656251
awt02,0.6608863,0.8561304,0.4538591,0.4087382,0.9946941,0.03200299
awt20,0.7600526,0.7561246,0.2709231,1.460639,0.7729233,0.01424132
awt37,0.9722125,0.909465,0.3684181,2.041047,0.8958748,0.005042044
awt08,0.7651128,0.8898901,0.6016124,0.5392668,0.9841826,0.04635975
awt29,0.844864,0.9321799,0.3269204,0.9479977,0.9418554,0.008735618
awt14,0.980662,0.9852042,0.3068755,1.47909,0.9403901,0.01785679
awt37,0.8817363,0.9621951,0.3448247,3.343724,0.8900769,0.005822485
awt20,0.7970949,0.7429098,0.245798,0.9725368,0.7748466,0.01544721
awt03,0.7923954,0.6500232,0.1959435,0.8012167,0.7868798,0.03027483
awt08,0.7639533,0.8707751,0.5249284,0.4868425,0.9854097,0.04721536
awt29,0.7465931,0.8666667,0.2777751,0.8174318,0.940189,0.008020141
awt14,0.926686,0.9729922,0.3503023,1.401741,0.9362075,0.01720416
awt37,0.8949703,0.9053385,0.4107113,1.941891,0.8535365,0.005988312
awt20,0.7610255,0.7411556,0.2692449,0.6530734,0.8146853,0.01504697
awt03,0.4971533,0.6436381,0.1732203,0.6013039,0.7879455,0.0345349
awt08,0.7617304,0.8934954,0.573703,0.5496295,0.9860077,0.04918003
awt29,0.866222,0.9467391,0.1999976,0.6989625,0.9540567,0.008966293
awt37,0.8050619,0.9312169,0.2878116,1.253032,0.920645,0.005445488
awt14,0.8909903,0.88,0.2698046,0.8498255,0.9431486,0.01703693
awt20,0.7579902,0.7306715,0.295345,1.215631,0.7751448,0.0141241
awt03,0.7250639,0.6354888,0.2107201,0.7792128,0.6940221,0.02148119
awt08,0.6962866,0.8367841,0.4574858,0.5433847,0.982237,0.04974397
awt37,0.9310498,0.9329268,0.3448247,2.421929,0.8887414,0.005538848
awt29,0.8200045,0.8199234,0.1643315,0.7700399,0.9571979,0.00814061
awt14,0.963645,0.9813191,0.3333305,1.526758,0.9408477,0.0181444
awt20,0.8147889,0.7523369,0.2483669,1.061597,0.7637031,0.01312309
awt03,0.5999607,0.6818609,0.2426582,0.8562499,0.7270305,0.0264805
awt37,0.8712262,0.892094,0.3969023,1.611884,0.9051132,0.00588065
awt08,0.7160946,0.8695212,0.5525318,0.511808,0.9871817,0.04825556
awt29,0.7581993,0.8850575,0.2437402,0.8674992,0.9484512,0.008379696
awt14,0.876149,0.8542777,0.2242079,0.6809705,0.9395627,0.01678947
awt20,0.8311031,0.6889972,0.2157177,0.6246242,0.8293563,0.01597605
awt37,0.8799206,0.9271017,0.362066,2.380578,0.8749644,0.005778683
awt03,0.8443686,0.6630699,0.2420543,0.9368436,0.7532197,0.02949555
awt29,0.7021124,0.8117733,0.2124513,0.5022143,0.9633856,0.007801482
awt14,0.8462313,0.9767832,0.3170701,1.608538,0.9391112,0.01744676
awt08,0.7262471,0.8540067,0.5170214,0.5500028,0.9840216,0.04930247
awt20,0.4869974,0.6885397,0.1547962,0.9694476,0.7611312,0.01190715
awt37,0.9575645,0.9082892,0.3749971,1.428967,0.882399,0.005939855
awt03,0.7803607,0.64586,0.1749683,0.7508987,0.704642,0.02623521
awt14,0.9297591,0.9643525,0.3070591,1.574205,0.9353135,0.01746577
awt29,0.8273961,0.9026163,0.3137229,1.100922,0.9350497,0.008261845
awt08,0.7723017,0.8789306,0.5633921,0.5551469,0.9845162,0.04774489
awt20,0.8741353,0.8057105,0.3380839,0.9279306,0.8088998,0.01623548
awt37,0.9672809,0.9141681,0.362066,2.248666,0.8699651,0.005666727
awt14,0.9532444,0.9834692,0.3121921,1.722364,0.9228489,0.01655159
awt03,0.7377753,0.6329861,0.2503761,0.6796457,0.7422574,0.02677361
awt29,0.6449774,0.9314879,0.2881327,0.7603534,0.9416153,0.008096875
awt08,0.7395347,0.8574446,0.4925551,0.5624664,0.9830508,0.04493917
awt20,0.6373239,0.7208288,0.2060533,0.813212,0.7435955,0.01490218
awt37,0.9048696,0.9805996,0.362066,2.686928,0.8545986,0.005407803
awt14,0.738552,0.8442105,0.1419506,0.5539714,0.9431438,0.01747804
awt29,0.7617503,0.8418323,0.2203362,0.6685394,0.9533344,0.007897118
awt03,0.8501742,0.6975562,0.2947912,0.5613859,0.7538101,0.02842939
awt20,0.8835397,0.7066205,0.2584898,0.960174,0.7855006,0.01586217
awt08,0.7364631,0.8572237,0.5137148,0.5314723,0.9850935,0.04641814
awt37,0.9864946,0.9223996,0.4035058,2.128528,0.8721202,0.005903568
awt14,0.944816,0.970965,0.3233801,1.372947,0.9407637,0.0176958
awt29,0.789186,0.9140859,0.1896525,1.078305,0.9524951,0.008339471
awt20,0.7353855,0.726025,0.2695508,0.8072118,0.7876384,0.01614707
awt37,0.9209601,0.9129555,0.4561373,1.498206,0.8780814,0.005810257
awt03,0.8017358,0.6713152,0.2855385,1.004807,0.7306419,0.02079147
awt08,0.7454425,0.8598408,0.5498503,0.5247414,0.9830596,0.04677935
awt14,0.9279037,0.9697666,0.334997,1.64603,0.93141,0.01658491
awt29,0.7709271,0.8553779,0.251448,0.7649731,0.9493385,0.007914959
awt37,0.9728835,0.9193182,0.385962,1.732976,0.8580483,0.00588257
awt20,0.6263055,0.7707212,0.275323,0.8287883,0.8109576,0.01451606
awt03,0.798605,0.6770175,0.2687474,0.8509955,0.7579338,0.03158953
awt08,0.7280617,0.8282228,0.4675277,0.4986483,0.9832081,0.05021384
awt14,0.8389253,0.874014,0.2390172,0.6443433,0.9366901,0.01768101
awt37,0.9063862,0.9550265,0.3157866,2.052526,0.8779141,0.005531463
awt29,0.8270519,0.9101124,0.2548995,1.08448,0.9492095,0.008356648
awt20,0.4789385,0.7346182,0.2416641,0.9628412,0.8126384,0.01529807
awt03,0.8990278,0.6415375,0.2414257,0.72637,0.7550706,0.02711728
awt08,0.7140768,0.86492,0.5044533,0.4826373,0.9864615,0.04915963
awt37,0.882521,0.872428,0.3684181,1.672426,0.8984926,0.005763399
awt14,0.832052,0.8582172,0.2225996,0.5090623,0.9490446,0.01672055
awt20,0.4788483,0.7004219,0.1870622,1.02356,0.7598458,0.01480904
awt08,0.6914066,0.8565456,0.5086125,0.5355832,0.9833786,0.04790094
awt37,0.781149,0.9054878,0.35714,1.790788,0.8979648,0.005993706
awt03,0.8389754,0.7196025,0.3519411,1.271896,0.7441083,0.0256064
awt14,0.905445,0.9072291,0.244645,0.7727551,0.9398957,0.01708243
awt20,0.4216116,0.7426918,0.2625166,1.003038,0.7862261,0.01362216
awt37,0.8508921,0.9030488,0.35714,1.412048,0.860333,0.005699229
awt08,0.7018786,0.8486433,0.5028214,0.5202026,0.9872071,0.04884404
awt14,0.9564484,0.9804479,0.3229138,1.557897,0.939185,0.01773049
awt03,0.8439211,0.6587457,0.2137581,0.7554869,0.7632068,0.02928026
awt20,0.8219153,0.7531069,0.2457648,1.01965,0.7836439,0.01465414
awt37,0.9742287,0.9568831,0.4464255,1.775362,0.8996425,0.005837664
awt14,0.9590705,0.9713006,0.3606529,1.551017,0.9322665,0.0182557
awt08,0.7217067,0.8641699,0.493978,0.525198,0.9845904,0.04710424
awt03,0.6953588,0.6901536,0.2740903,1.035732,0.7400524,0.02619438
awt20,0.5062315,0.7145938,0.2381522,1.040826,0.7792523,0.01503159
awt37,0.8807694,0.896164,0.3214258,2.091726,0.8363998,0.005871653
awt14,0.8035702,0.8556182,0.1934704,0.5376014,0.9360066,0.01691994
awt08,0.7602891,0.8751933,0.63593,0.886011,0.9815406,0.04615407
awt20,0.5773646,0.6369713,0.1942816,0.8685015,0.750897,0.0135792
awt03,0.7778931,0.6769066,0.3194437,0.9278409,0.7608454,0.02919627
awt37,0.8954665,0.9080533,0.3392829,1.721724,0.909178,0.005783029
awt14,0.8801926,0.9019301,0.2472498,0.7588628,0.9469264,0.01687984
awt08,0.7124592,0.8615016,0.5194077,0.5237657,0.9850613,0.05083275
awt20,0.4412977,0.637055,0.1757627,0.8780922,0.7707585,0.01396691
awt37,0.9025788,0.9085366,0.3508743,1.731489,0.8898729,0.005820105
awt03,0.7288041,0.6445233,0.1777301,0.622715,0.7840871,0.0314157
awt29,0.8855812,0.9173913,0.1886768,0.929118,0.947384,0.008581362
awt14,0.887131,0.8737343,0.246664,0.9107245,0.9448684,0.01752558
awt20,0.7191382,0.6503556,0.2300363,0.7389212,0.8126606,0.01477706
awt37,0.9679202,0.9099556,0.3333305,2.638587,0.8710441,0.005367307
awt08,0.685721,0.8359286,0.47753,0.5237416,0.9849242,0.0474149
awt03,0.8703507,0.687619,0.2886328,0.7859238,0.7649025,0.02804825
awt29,0.8262159,0.875,0.2692282,0.7599161,0.9539909,0.008309827
awt14,0.9582851,0.9593563,0.348819,1.489306,0.9367407,0.01669835
awt38,0.953131,0.8805556,0.1999972,3.687793,0.6647456,0.005405668
awt20,0.8560328,0.7621482,0.3225892,1.019693,0.7584887,0.0125991
awt08,0.7209275,0.8555724,0.4826563,0.4898822,0.9870205,0.04904733
awt29,0.6936339,0.8453704,0.2307667,0.7619731,0.9588604,0.00864877
awt03,0.5945239,0.6432882,0.210198,0.6333875,0.757225,0.02618605
awt38,0.8467455,0.8149351,0.201408,1.904536,0.7533724,0.006525934
awt14,0.8876521,0.8703734,0.278796,0.8354804,0.9387497,0.01739418
awt20,0.460422,0.655253,0.1604712,0.769009,0.7644182,0.01265545
awt08,0.695962,0.8536684,0.5193054,0.5329458,0.9848962,0.046886
awt38,0.9682494,0.8699128,0.3018841,1.777506,0.7343285,0.00631439
awt29,0.8222555,0.8796935,0.2384234,0.8563374,0.9632103,0.008387722
awt14,0.8783119,0.8747471,0.2333307,0.9095735,0.9414116,0.0169854
awt03,0.8494935,0.6889305,0.2320278,0.6165527,0.7513771,0.02817258
awt20,0.6250295,0.7026667,0.2266372,0.9989189,0.7709044,0.01416983
awt08,0.7378093,0.8451985,0.460715,0.4679633,0.9859913,0.04843557
awt38,0.8396746,0.8597701,0.209521,1.748631,0.7872122,0.006592277
awt14,0.9220108,0.9855023,0.3333305,1.661249,0.9322899,0.01708887
awt29,0.7110526,0.9049808,0.2332663,0.970666,0.9592801,0.008389662
awt20,0.6520174,0.7190474,0.2395269,0.8993171,0.7773809,0.01341386
awt03,0.7804787,0.6597101,0.2154493,0.9700278,0.7432632,0.02423527
awt38,0.9118569,0.8895349,0.251448,2.662074,0.6985686,0.007433678
awt08,0.7323844,0.8470815,0.5008883,0.5003657,0.9891033,0.04754995
awt14,0.9466514,0.9685878,0.3088205,1.569645,0.9296531,0.01694817
awt20,0.7804725,0.6865437,0.169782,0.7442634,0.7885819,0.01315725
awt29,0.9219367,0.9457672,0.3461511,0.9507754,0.9562909,0.008768961
awt03,0.3658788,0.6291037,0.1485251,0.8157748,0.747883,0.02587214
awt38,0.9614751,0.8833189,0.2280675,1.894964,0.8149133,0.00664339
awt08,0.7592522,0.879445,0.556435,0.5252013,0.9843465,0.04935827
awt14,0.8975233,0.9904762,0.3381611,1.637047,0.9357258,0.01691328
awt20,0.58364,0.6990449,0.1960595,0.8287985,0.7920206,0.01461875
awt29,0.8550632,0.9034483,0.2999974,1.235703,0.9462139,0.008743433
awt03,0.7979978,0.6629953,0.2123234,0.9773984,0.7238735,0.02510852
awt38,0.8608669,0.8519031,0.2422,1.564376,0.7616173,0.006696097
awt08,0.7198882,0.8557765,0.5086756,0.5387923,0.9843641,0.04885531
awt20,0.6445613,0.6961547,0.1908397,1.231518,0.7501065,0.01306446
awt14,0.9149965,0.9837549,0.3115548,1.446816,0.9372559,0.01747992
awt29,0.9456165,0.9542151,0.2962936,0.7930015,0.9538375,0.008457578
awt38,0.9384174,0.9325843,0.2280675,2.36065,0.7575853,0.005528231
awt03,0.6916191,0.6102355,0.1428445,0.9349632,0.7079685,0.02333498
awt14,0.940927,0.9724265,0.3541637,1.610214,0.9189904,0.01751702
awt20,0.4223658,0.674605,0.1690572,0.8921789,0.7770102,0.014791
awt08,0.8199957,0.9223121,0.6891194,0.8435731,0.9855713,0.04702982
awt29,0.8061556,0.9196429,0.2641484,1.129,0.93216,0.008269135
awt38,0.9022693,0.8539244,0.247976,1.602977,0.7297977,0.006337708
awt03,0.6738584,0.6641511,0.2053018,0.8660083,0.714662,0.02312614
awt20,0.198839,0.6293361,0.1516778,0.5075718,0.7807377,0.01416623
awt14,0.9645013,0.9773427,0.3170701,1.668766,0.9333767,0.01648451
awt29,0.8943693,0.9098837,0.326528,0.8517297,0.9587356,0.008526951
awt38,0.9451529,0.8789683,0.3529385,1.832836,0.7137968,0.006611352
awt08,0.7406038,0.8682845,0.5529176,0.5245872,0.9874566,0.04933
awt03,0.784442,0.6600626,0.2621401,0.6948607,0.7637154,0.02809882
awt20,0.394924,0.6995617,0.2087694,0.8521545,0.761068,0.01285163
awt14,0.8596121,0.8491748,0.2406391,0.6477009,0.9563793,0.01728051
awt38,0.9378808,0.9042208,0.2745073,2.276381,0.7452765,0.007164686
awt30,0.8649776,0.9165179,0.474534,1.011551,0.8296126,0.01138971
awt09,0.7341434,0.7814124,0.146371,1.072923,0.809551,0.01680693
awt20,0.5482721,0.693531,0.1814124,1.053466,0.7979442,0.01362753
awt03,0.6344206,0.6728402,0.2665359,1.03653,0.7453314,0.0277314
awt14,0.7967701,0.8455556,0.2305828,0.4730703,0.9340141,0.01672599
awt38,0.9055047,0.8699128,0.2615063,1.291893,0.8204712,0.00770313
awt30,0.6052014,0.7510628,0.3214257,1.064597,0.8130663,0.01153796
awt09,0.8854034,0.7650491,0.1814903,0.7715451,0.8176531,0.01626381
awt20,0.7755268,0.7570673,0.275323,1.074879,0.7953991,0.01433989
awt30,0.9324236,0.8889813,0.6093534,1.028792,0.7799137,0.01029758
awt38,0.8747202,0.9041005,0.310342,2.685369,0.73971,0.006858623
awt14,0.9056487,0.8623092,0.226077,0.7782551,0.9525921,0.01720787
awt03,0.6596992,0.7290476,0.3469894,0.8642241,0.7725535,0.02792561
awt09,0.7016355,0.7843567,0.1314259,1.072691,0.7883079,0.01660139
awt30,0.8940359,0.8298507,0.4152017,0.9731502,0.7843166,0.009611881
awt38,0.9478785,0.8429066,0.3064238,1.720638,0.7712887,0.007468551
awt20,0.4960592,0.6641248,0.2042659,1.043394,0.7719862,0.01499279
awt14,0.9545238,0.9828331,0.3268262,1.476086,0.9389448,0.01693164
awt03,0.8690872,0.7039702,0.3030068,0.7991819,0.7504644,0.02639812
awt09,0.7933747,0.8139167,0.1705483,1.03057,0.82214,0.01689499
awt38,0.8202816,0.7915709,0.2586179,2.054599,0.7261746,0.006714676
awt30,0.6682095,0.7876448,0.3812083,1.027375,0.7941534,0.01018732
awt20,0.6126595,0.7218203,0.1942368,0.5358637,0.801208,0.01446192
awt14,0.941214,0.985997,0.3616992,1.522852,0.9483443,0.01738088
awt09,0.7204796,0.7929293,0.2258323,0.8659431,0.8307255,0.01828746
awt38,0.9244019,0.7877395,0.2332663,1.409565,0.6926731,0.006342475
awt30,0.4898795,0.7764603,0.3749972,0.7560594,0.8337285,0.0119039
awt03,0.6087622,0.6719055,0.2210296,1.023136,0.7686362,0.02811811
awt20,0.479858,0.6699684,0.1823445,0.6403277,0.778383,0.01500944
awt14,0.9293179,0.9686551,0.3113074,1.575835,0.9389316,0.01679726
awt38,0.8053109,0.8256055,0.3269204,1.247136,0.7812063,0.007330714
awt30,0.6568946,0.811155,0.3801141,1.052173,0.8123171,0.009522097
awt09,0.8557637,0.7911872,0.1453466,1.383884,0.7633481,0.0110569
awt20,0.7848615,0.7388357,0.2664629,0.9590819,0.7591774,0.01275995
awt03,0.4121342,0.6692174,0.2505701,0.9816175,0.7620073,0.02913823
awt14,0.8777402,0.8740323,0.2519271,0.7065725,0.9309478,0.01688647
awt38,0.8935445,0.8059607,0.3192118,1.10095,0.7841702,0.006786907
awt30,0.665887,0.6973214,0.2095212,0.8803165,0.7838429,0.008969611
awt09,0.7896156,0.7264897,0.1554911,1.069999,0.8068358,0.01806763
awt20,0.5634765,0.7111538,0.2045778,1.310339,0.8054913,0.01453959
awt03,0.7130364,0.6316908,0.2010551,0.5232194,0.7549614,0.03034288
awt14,0.818116,0.870188,0.2237469,0.5982481,0.9463067,0.01701251
awt38,0.921174,0.8783069,0.3387066,2.395334,0.7166777,0.006454697
awt30,0.6604027,0.778678,0.4120342,0.887935,0.8608273,0.01105032
awt09,0.7238034,0.7015676,0.1234218,1.056827,0.81199,0.01421781
awt20,0.6501921,0.693125,0.2089164,0.7952799,0.7889826,0.0149791
awt03,0.5836859,0.6503316,0.2391473,0.8887228,0.7372171,0.02687289
awt14,0.9068377,0.9701946,0.3707837,1.737982,0.9302691,0.01658528
awt38,0.9261814,0.8869318,0.4074045,2.418886,0.7180459,0.007049788
awt30,0.5868857,0.7805556,0.4199971,1.092902,0.7968757,0.01069909
awt09,0.8948706,0.7924113,0.2325726,0.8174914,0.8407539,0.01826518
awt20,0.8325128,0.7490196,0.2751943,1.108141,0.8106142,0.01578381
awt14,0.7938163,0.8440024,0.2337565,0.4567351,0.9494167,0.01770017
awt38,0.9694451,0.9007937,0.3214258,2.013229,0.7292688,0.00751672
awt03,0.9201017,0.7042624,0.2532442,1.006838,0.7339775,0.02557939
awt30,0.6267983,0.7155556,0.3146171,0.9511383,0.8131769,0.01023292
awt09,0.6663178,0.733931,0.1272401,1.092966,0.8137971,0.01620177
awt20,0.6336661,0.6790224,0.2256633,1.016304,0.8064503,0.01477445
awt38,0.8393937,0.8149351,0.201408,1.263599,0.7927886,0.007272509
awt14,0.9674988,0.9806993,0.3316297,1.569145,0.9336266,0.01740952
awt30,0.6946968,0.8320463,0.3539584,1.016676,0.7847382,0.01053305
awt03,0.8519005,0.650893,0.2215443,1.105496,0.7280596,0.02739897
awt09,0.7469529,0.8133174,0.2287847,1.203069,0.7953045,0.01624647
awt20,0.9413854,0.7102662,0.2345365,0.808723,0.770148,0.01425182
awt38,0.9646372,0.912064,0.2909064,1.914082,0.7275409,0.007026538
awt14,0.7911844,0.8566887,0.20636,0.558545,0.9479549,0.01774009
awt30,0.6961424,0.7745536,0.3450649,1.092981,0.8058632,0.009375182
awt03,0.5589048,0.6725581,0.2443422,0.6292926,0.7932379,0.03302009
awt38,0.9244109,0.9157088,0.2884589,2.291528,0.7493908,0.007017744
awt20,0.3538731,0.5861584,0.09096983,0.660183,0.7786304,0.01448604
awt09,0.8131034,0.7896014,0.1560296,1.126237,0.8344549,0.01876414
awt14,0.9399111,0.9650136,0.2908232,1.448178,0.9338332,0.01695785
awt30,0.8028156,0.7535714,0.3450649,0.961064,0.818992,0.01052423
awt03,0.4861093,0.6521662,0.2120636,1.136881,0.7349544,0.0279824
awt38,0.8209679,0.7164751,0.1148913,1.585546,0.7188154,0.005844695
awt20,0.7074896,0.7433712,0.2688225,0.8755486,0.7681195,0.0142136
awt30,0.7641068,0.8123667,0.5179853,1.002422,0.8028562,0.01142114
awt09,0.8111424,0.7600029,0.1703975,1.165017,0.816992,0.01609506
awt14,0.8937309,0.879529,0.2452381,0.9483231,0.9331996,0.01716541
awt38,0.8736877,0.9251453,0.2580615,2.477942,0.7445488,0.007316975
awt03,0.611023,0.6520121,0.2189675,0.720108,0.78074,0.03305619
awt20,0.5083231,0.7289796,0.2592723,0.8099803,0.7878332,0.01448267
awt30,0.8222349,0.8157783,0.4785269,0.8883312,0.8529346,0.0110162
awt09,0.6485635,0.7506068,0.1679431,1.123112,0.8173184,0.01871054
awt15,0.9251617,0.8633629,0.4906684,0.9736718,0.9084329,0.05027295
awt38,0.8150445,0.806686,0.268459,1.598834,0.7412969,0.005671953
awt20,0.9372795,0.8248832,0.2809271,1.12602,0.7597019,0.01364195
awt30,0.6465804,0.7430796,0.3463921,0.9095259,0.8212524,0.01009597
awt03,0.6543655,0.6496522,0.2375109,0.8053732,0.7483139,0.02656163
awt15,0.953287,0.8576744,0.494233,1.109273,0.8926534,0.04719879
awt09,0.8766811,0.7773258,0.1762197,0.9567434,0.7745952,0.01570827
awt38,0.9366388,0.873811,0.3261512,1.944433,0.7295646,0.006538876
awt30,0.7373899,0.7808435,0.4284587,0.8721875,0.8451966,0.01141184
awt20,0.6887753,0.7438198,0.2295424,1.046598,0.7863675,0.0127543
awt03,0.5369072,0.6658356,0.2144389,0.5734067,0.761831,0.02871715
awt15,0.9571913,0.8413976,0.4887358,0.9775183,0.8983303,0.05086538
awt09,0.7772343,0.7718121,0.1482107,0.9801551,0.8261167,0.02056966
awt38,0.8743509,0.9072664,0.2786856,2.673572,0.7008674,0.005933262
awt30,0.7683935,0.8357488,0.402705,0.8515383,0.8294287,0.01045332
awt20,0.5826706,0.6610567,0.1765821,0.8818862,0.7884255,0.01407842
awt38,0.9535,0.862013,0.2799975,1.939353,0.7618634,0.006710075
awt03,0.8594729,0.7061209,0.2842086,0.6992282,0.7599195,0.03219658
awt15,0.9763341,0.8416534,0.4912437,1.021549,0.8985825,0.05006795
awt09,0.791154,0.8056088,0.1724444,1.138501,0.8327592,0.01837041
awt30,0.6579627,0.8392622,0.4262582,1.103112,0.7727093,0.01012609
awt23,0.9291727,0.8626866,0.5062081,1.041142,0.8300656,0.008535765
awt38,0.7796875,0.7827035,0.268459,1.144828,0.7527431,0.006772744
awt15,0.953018,0.8471442,0.4743026,1.075088,0.9028872,0.05293719
awt03,0.396336,0.6299565,0.1945734,0.7750169,0.7446325,0.02834349
awt09,0.7018882,0.7347255,0.1263412,0.9668907,0.838685,0.01901158
awt30,0.8025661,0.8305556,0.4169225,0.8770975,0.7935557,0.009941599
awt23,0.9472451,0.8939709,0.4490711,0.9957061,0.8388528,0.0110529
awt38,0.9632017,0.8699128,0.2857115,2.155385,0.7409852,0.006403903
awt15,0.9447781,0.8435859,0.4438474,0.866964,0.9117423,0.05336898
awt09,0.6686938,0.6407537,0.07198684,1.225471,0.7791803,0.01368682
awt30,0.6347993,0.7508224,0.375389,0.93572,0.7965171,0.01007377
awt23,0.8491107,0.7966736,0.4097194,0.9640451,0.8354013,0.009840292
awt03,0.8538804,0.6809674,0.2484577,1.073344,0.7440637,0.02828232
awt38,0.9173837,0.8678201,0.3064238,1.288681,0.7776881,0.007659311
awt15,0.9106642,0.8756386,0.490425,0.966375,0.908364,0.05134704
awt30,0.5503781,0.8571429,0.4150841,0.9473916,0.8351586,0.01120777
awt09,0.8443338,0.7406082,0.1087826,0.8859693,0.831588,0.01676311
awt23,0.8875379,0.7487024,0.3148121,1.024108,0.8301132,0.009140989
awt38,0.8504829,0.9018895,0.2909064,1.978118,0.7680819,0.006707866
awt03,0.843157,0.6979132,0.2743561,0.623796,0.7544645,0.02820137
awt30,0.6949404,0.8358871,0.5190574,1.0478,0.7829784,0.01042391
awt15,0.9577118,0.8521048,0.5279164,0.987093,0.9174703,0.05288083
awt23,0.9045195,0.890625,0.5346123,0.9782417,0.849523,0.009544093
awt09,0.8874386,0.7684544,0.1083048,1.167095,0.7730822,0.01505834
awt38,0.7166393,0.6950192,0.1886621,0.8466303,0.7981768,0.008125838
awt03,0.6623748,0.6598305,0.2677158,0.9072737,0.7674577,0.03124621
awt30,0.8340841,0.8401786,0.4239816,1.047421,0.7842656,0.01019277
awt23,0.9445802,0.8400727,0.3885224,1.144182,0.7789347,0.008880008
awt15,0.9507997,0.8965631,0.6095474,1.170182,0.8797481,0.04754001
awt38,0.9802904,0.8982558,0.2626081,1.909964,0.7327638,0.007289188
awt09,0.9064504,0.8351342,0.170306,0.8558941,0.8429483,0.01842611
awt03,0.724108,0.6578233,0.2049886,0.8066822,0.7718477,0.02780135
awt30,0.7487399,0.7864607,0.4560155,0.9503307,0.7974394,0.009234069
awt23,0.9233124,0.8533737,0.4446125,0.9793316,0.8345346,0.008699974
awt38,0.8880595,0.8705882,0.2786856,1.9304,0.7596414,0.007387058
awt15,0.9532037,0.8114313,0.4357866,1.05389,0.8891984,0.04771587
awt09,0.8512387,0.7375806,0.1262846,1.081253,0.8224262,0.01854402
awt30,0.7051122,0.8066609,0.4208868,1.033021,0.8342659,0.01037451
awt23,0.8871577,0.8848233,0.5410057,1.321534,0.7684011,0.00660276
awt03,0.6817994,0.6805435,0.2743833,1.016759,0.733639,0.0256743
awt38,0.9170658,0.8844477,0.3018841,2.366602,0.7253599,0.007312452
awt15,0.9588552,0.8421133,0.3836759,1.021194,0.8977883,0.049632
awt09,0.7522827,0.773188,0.1653848,0.8606968,0.8337404,0.01760358
awt30,0.7319826,0.7876333,0.3333306,0.7277622,0.8604873,0.01185751
awt23,0.8621505,0.8587963,0.4467806,1.002341,0.8555153,0.009271351
awt38,0.9142816,0.8790584,0.2456113,2.616822,0.7381047,0.007220543
awt03,0.7181619,0.6268828,0.1478547,1.237108,0.7192933,0.0231566
awt15,0.9342941,0.8694316,0.530182,1.006097,0.9042771,0.04724672
awt09,0.8543147,0.7765663,0.159283,1.158355,0.8221965,0.01859516
awt30,0.6701664,0.8141892,0.3628497,0.8852649,0.8210685,0.01108608
awt23,0.9041459,0.8704436,0.4776893,1.105856,0.8248334,0.009567251
awt38,0.8706459,0.8019481,0.2058453,1.345074,0.6960727,0.006176465
awt03,0.932926,0.7112884,0.2446068,0.6833732,0.7450076,0.02953369
awt15,0.9236731,0.8600834,0.4195966,1.109429,0.8965037,0.05068486
awt30,0.627025,0.7841975,0.323755,0.9048981,0.8604956,0.01197878
awt09,0.8520873,0.709618,0.1608415,1.030112,0.7461163,0.01237107
awt38,0.9354317,0.8564815,0.3050818,2.908268,0.6994756,0.006950731
awt23,0.8640466,0.7945502,0.4328675,0.7361564,0.8426736,0.01012363
awt15,0.942611,0.8831097,0.5536706,1.029194,0.8976012,0.05042311
awt03,0.5765227,0.6635592,0.2517274,0.8523974,0.74305,0.02649612
awt30,0.4519578,0.827013,0.3835208,0.9240209,0.8218864,0.01052031
awt38,0.9437463,0.8496111,0.2430101,1.641283,0.7776012,0.007881088
awt09,0.8751043,0.7691803,0.1147792,1.197651,0.8139867,0.01805635
awt23,0.8376703,0.8673597,0.4884229,1.287685,0.7918911,0.009913028
awt30,0.7792517,0.7952788,0.4723374,1.023937,0.815535,0.01044518
awt15,0.9518875,0.8501099,0.5108059,0.9149471,0.9064261,0.05267492
awt03,0.8723166,0.6481929,0.1700239,0.5977884,0.7495151,0.02935285
awt38,0.7987723,0.8030651,0.1786808,1.377912,0.77754,0.006056585
awt23,0.926919,0.8607817,0.51009,1.103812,0.8134057,0.00785885
awt09,0.8146093,0.7431524,0.1702814,1.007604,0.7780097,0.01519687
awt30,0.7034166,0.7791667,0.3377301,0.7774173,0.8444945,0.01124423
awt38,0.9578991,0.8851744,0.2807667,1.906393,0.7618987,0.006885424
awt15,0.947211,0.8943385,0.5750248,0.8902693,0.9025829,0.05036296
awt04,0.8898588,0.62824,0.2081915,0.6361085,0.6664803,0.01852628
awt23,0.9764491,0.8798387,0.5029209,0.8976689,0.8630866,0.01076284
awt09,0.7317317,0.7817953,0.1691531,0.9569513,0.7943742,0.01750036
awt30,0.6273297,0.7726834,0.3719269,0.8483563,0.8047553,0.009176847
awt38,0.8905637,0.8726644,0.3007667,1.630846,0.7325692,0.007633196
awt04,0.7533098,0.6138304,0.2011618,0.8123196,0.6089838,0.01280769
awt23,0.9152903,0.8296332,0.4116929,1.020582,0.8497668,0.01028111
awt15,0.8678021,0.8617703,0.4800921,0.9957807,0.9159641,0.05273906
awt09,0.8149922,0.7091837,0.1824536,1.011999,0.7864904,0.01340898
awt30,0.7022815,0.8285714,0.4859423,1.170542,0.7754104,0.01000231
awt38,0.9403599,0.8988095,0.3396199,2.273636,0.7991607,0.007044682
awt23,0.9464495,0.8823013,0.5324043,1.05856,0.8147645,0.008453899
awt04,0.7170496,0.6382772,0.2132327,0.8853353,0.592258,0.008383542
awt15,0.9030207,0.8480842,0.4618026,1.043895,0.9074452,0.05339779
awt09,0.8326071,0.7969167,0.1701711,0.9570767,0.8544694,0.01656238
awt30,0.7638538,0.8316673,0.5341583,0.8365525,0.830118,0.01158427
awt38,0.8621239,0.8666667,0.2941151,1.868513,0.7376847,0.007418425
awt23,0.9335663,0.8392348,0.488092,1.225804,0.7923517,0.008514132
awt04,0.8047282,0.6485632,0.2184361,0.7622046,0.6064146,0.0111743
awt15,0.9326155,0.8793428,0.4859224,1.007084,0.9088456,0.05147065
awt09,0.9438327,0.7791001,0.1766383,1.108847,0.7650036,0.01400243
awt30,0.836725,0.8247335,0.3996103,1.006221,0.8012925,0.01138083
awt38,0.9420487,0.9100346,0.320752,2.632585,0.719421,0.007018944
awt23,0.9038018,0.8587006,0.4057998,1.078022,0.8147028,0.009079946
awt04,0.7966016,0.672122,0.2393882,1.158772,0.600259,0.01250989
awt15,0.9695683,0.8829231,0.5274913,0.9836762,0.8942446,0.05033643
awt30,0.708911,0.8026048,0.4723374,1.076368,0.8070381,0.01069006
awt38,0.7700185,0.7908046,0.1836232,1.172571,0.7601119,0.007734895
awt09,0.8202354,0.7709167,0.1582628,1.068947,0.8109359,0.01679213
awt23,0.9219812,0.9026817,0.4857111,1.112374,0.8444703,0.01047864
awt04,0.7088846,0.6228472,0.1807769,1.071399,0.6279499,0.01680351
awt15,0.9476536,0.8426831,0.4673655,0.9389467,0.9141869,0.05154465
awt30,0.9464391,0.8329365,0.4843229,0.7424674,0.8772488,0.01187356
awt38,0.938892,0.901455,0.3137229,2.438669,0.7331013,0.005599599
awt09,0.8789997,0.8097724,0.1527413,1.03857,0.8005405,0.01751677
awt23,0.9316688,0.8328704,0.4270764,0.8538589,0.859584,0.009554204
awt04,0.9136563,0.6942633,0.294115,0.7958521,0.6300326,0.01742145
awt30,0.5111428,0.7107143,0.3413452,0.833659,0.8309953,0.01156874
awt15,0.9260357,0.8793485,0.5428649,1.001349,0.9201215,0.05302105
awt39,0.9201206,0.8625,0.483074,0.6208393,0.9648992,0.004067664
awt23,0.8619545,0.832996,0.3850903,0.844305,0.8462184,0.009780186
awt09,0.7891263,0.794702,0.1260626,1.033061,0.8165635,0.01746663
awt04,0.7955893,0.6421071,0.2008634,1.171953,0.6190677,0.01255219
awt30,0.8489017,0.8804714,0.5614139,1.038048,0.8165692,0.01193817
awt15,0.9307223,0.8675835,0.515199,1.072831,0.8874253,0.04981706
awt39,0.8795984,0.8308824,0.4451261,0.7598302,0.974966,0.003989123
awt23,0.7547762,0.7505679,0.315991,1.106484,0.8310415,0.009088539
awt09,0.8258812,0.7509985,0.1652801,1.103983,0.8091874,0.01802534
awt04,0.5912089,0.5891984,0.1233807,0.9449511,0.6067173,0.01032506
awt30,0.7162876,0.7988754,0.4313697,0.96234,0.7777302,0.01027786
awt15,0.9139417,0.8809595,0.4641987,1.001717,0.91866,0.0523286
awt23,0.7668411,0.8076599,0.460812,1.137621,0.816434,0.009216628
awt39,0.8408252,0.8703704,0.5619091,1.172923,0.9116321,0.002433854
awt09,0.909687,0.7079772,0.1429963,1.239445,0.7635455,0.01650669
awt04,0.6272572,0.6563495,0.2584479,0.7147083,0.6119799,0.01329254
awt30,0.7357249,0.8213668,0.5361508,1.059359,0.8074189,0.01051508
awt23,0.9282503,0.8429276,0.4282378,1.207351,0.775025,0.007364986
awt15,0.9420712,0.8491502,0.4494151,1.094777,0.9020677,0.05184694
awt39,0.9817095,0.8763393,0.5092563,0.6691373,0.9663194,0.003998465
awt09,0.9021016,0.804193,0.1608311,0.9922705,0.7936746,0.01684862
awt04,0.7674302,0.6571948,0.2605745,0.8886131,0.6445956,0.01515651
awt30,0.7908513,0.85,0.4239816,0.606359,0.8410311,0.01217947
awt23,0.8966505,0.8464533,0.4556532,1.003467,0.8176734,0.008083363
awt15,0.9485959,0.8601515,0.4494118,1.01452,0.9025209,0.0505966
awt39,0.8661675,0.8066609,0.4091586,0.6345552,0.9775445,0.003763676
awt30,0.7437277,0.7375,0.3845233,1.170734,0.7726976,0.009299263
awt04,0.7611797,0.5959134,0.1114319,1.168186,0.6000437,0.01263625
awt09,0.8601589,0.7684309,0.1221959,1.130128,0.7987505,0.01692316
awt23,0.7576926,0.8756757,0.4900554,0.9357982,0.8559901,0.01084645
awt15,0.9525779,0.8800196,0.5200912,1.044515,0.9025432,0.05289426
awt30,0.8705232,0.8056777,0.5231451,1.123684,0.8088806,0.01049369
awt39,0.8851948,0.8840085,0.6355767,0.856882,0.9831472,0.003950652
awt04,0.721662,0.6310767,0.1920492,0.9577706,0.5789875,0.009162422
awt09,0.904618,0.7883111,0.1751747,1.007895,0.8168335,0.01745087
awt23,0.9084847,0.8344595,0.3719269,0.9655634,0.8332598,0.01066546
awt15,0.9546419,0.8957155,0.5856631,0.8964549,0.91096,0.05160399
awt30,0.6808651,0.7374567,0.3695624,1.099524,0.806236,0.01068001
awt39,0.6561048,0.7042254,0.315991,0.6247493,0.9551886,0.004528641
awt04,0.8325704,0.6508601,0.1906975,0.6969352,0.6919884,0.02061502
awt09,0.7122553,0.7517241,0.1499471,1.074479,0.8006332,0.01460846
awt23,0.8165398,0.7752525,0.3388754,1.003915,0.8495176,0.009397238
awt15,0.9480409,0.8726515,0.5086369,1.043742,0.8980769,0.04928709
awt30,0.8448777,0.8650613,0.4560155,0.9876966,0.8017135,0.01091269
awt04,0.835649,0.6534815,0.2491281,0.7883223,0.6363554,0.0161302
awt23,0.8557383,0.8452381,0.4443544,1.120705,0.7916334,0.007969103
awt39,0.9415902,0.8097166,0.3449048,0.5751606,0.9385537,0.004142243
awt09,0.5638067,0.7343103,0.1626584,0.9150277,0.8380648,0.01795146
awt30,0.5914837,0.7551903,0.3025118,1.133382,0.7750879,0.01027564
awt15,0.9220114,0.8475209,0.4044526,1.183424,0.8829013,0.04903546
awt04,0.8945448,0.6091667,0.1287785,0.9960151,0.6421181,0.01244212
awt23,0.9157663,0.8746269,0.4947337,0.8360478,0.8696235,0.009817094
awt39,0.8918237,0.8656716,0.5556395,0.8917445,0.9509136,0.004058166
awt09,0.598409,0.7757907,0.153322,0.9436481,0.8148589,0.01688074
awt30,0.760703,0.80852,0.4421634,1.077095,0.7804664,0.0107414
awt15,0.9256429,0.8448124,0.4505742,0.9596741,0.9017736,0.04818822
awt23,0.7783928,0.7515352,0.2383495,0.7862137,0.859722,0.00961872
awt04,0.8398605,0.6932466,0.318519,1.194618,0.6450578,0.01469068
awt39,0.9691279,0.8717611,0.5101851,0.8359415,0.9772748,0.00406669
awt09,0.8736417,0.7559254,0.1505133,1.000452,0.817344,0.01658849
awt32,0.7436527,0.8703193,0.4661479,1.026739,0.81911,0.01069434
awt15,0.9491109,0.8783105,0.4986006,0.9584579,0.9105921,0.05141763
awt23,0.8864661,0.8509259,0.3981453,1.073464,0.820948,0.00971455
awt04,0.9372951,0.7102338,0.3346703,1.227694,0.6263135,0.01413996
awt39,0.9184012,0.9211087,0.6420775,0.6410895,0.9822545,0.003969753
awt09,0.8667934,0.7874519,0.1577269,1.089619,0.8002683,0.01629272
awt32,0.8509159,0.8365079,0.4332269,0.8294994,0.8587328,0.01300423
awt15,0.9323516,0.8716933,0.4630161,1.185021,0.8955859,0.05036351
awt23,0.9567079,0.9168399,0.5802818,0.9693128,0.849805,0.01023856
awt04,0.5710617,0.5760436,0.1213045,1.124186,0.5924205,0.009318943
awt39,0.9544681,0.9220085,0.4407664,0.6208748,0.9849875,0.003827236
awt32,0.7205406,0.8299376,0.4761509,1.041076,0.8373749,0.0108397
awt09,0.8744277,0.7803448,0.1987345,0.9418386,0.818787,0.01781033
awt15,0.9284684,0.8464427,0.4441131,1.056947,0.893803,0.04889291
awt23,0.9594032,0.8434343,0.4828618,0.8190572,0.8622041,0.01000279
awt04,0.7515088,0.6357056,0.2354728,0.6580795,0.6418956,0.01434182
awt32,0.8695809,0.8133065,0.4371088,0.7361964,0.8569582,0.01124098
awt39,0.9135646,0.8438552,0.4435858,0.4908502,0.9687047,0.003701473
awt09,0.6816996,0.7331118,0.1496903,1.032458,0.8006684,0.01428405
awt23,0.8829381,0.8727679,0.3450649,0.9003217,0.8290503,0.007843613
awt15,0.9445732,0.8811173,0.5276262,1.043933,0.9087374,0.04897349
awt04,0.6798708,0.6120359,0.1473092,0.9628546,0.6444806,0.01769459
awt32,0.7192214,0.854191,0.5123047,0.9398582,0.8480654,0.01140459
awt39,0.9367876,0.8042328,0.4976822,0.4147241,0.9781393,0.003941875
awt09,0.8902778,0.7761959,0.1752004,1.168626,0.7680551,0.01455149
awt23,0.9195517,0.8123667,0.3754357,1.054894,0.8250074,0.008814818
awt15,0.9683509,0.8770956,0.5772325,1.034533,0.8853233,0.04802271
awt04,0.7361438,0.6697705,0.2779598,0.9757193,0.6384478,0.0148244
awt32,0.6578573,0.8248701,0.4670816,0.8349016,0.8368165,0.010401
awt39,0.9500383,0.8796002,0.5551212,0.9133788,0.8458584,0.003529579
awt23,0.8346923,0.845738,0.5046124,0.8095469,0.8516274,0.00942318
awt09,0.8281668,0.7878853,0.2073965,0.792205,0.8360533,0.01670915
awt15,0.9271478,0.8587922,0.520971,1.069711,0.8916916,0.04820872
awt04,0.8060574,0.6765175,0.2183355,0.977686,0.6063502,0.01026724
awt32,0.785652,0.8994197,0.5686243,0.9887169,0.8036257,0.01068138
awt39,0.9256741,0.8737024,0.5509228,0.3569381,0.9889767,0.003568456
awt23,0.8977759,0.8426439,0.4619016,0.9862886,0.8739961,0.009850685
awt09,0.7629431,0.8169543,0.1813698,1.292535,0.793875,0.01649919
awt15,0.970787,0.8724573,0.5513932,0.9545176,0.9033924,0.04892954
awt32,0.6203332,0.7562112,0.3796268,1.053779,0.8001387,0.01195655
awt04,0.8590437,0.6649395,0.258821,1.250075,0.6305067,0.01412484
awt23,0.9284868,0.7876333,0.4513859,1.12392,0.812087,0.01015011
awt39,0.9044248,0.9203704,0.5333821,1.023063,0.8958058,0.003459068
awt10,0.7661675,0.6476178,0.2242079,0.6439051,0.7007004,0.01426464
awt15,0.9276689,0.8569749,0.4866281,1.099579,0.8957811,0.04837384
awt32,0.767972,0.8626984,0.5006072,1.144288,0.8256207,0.01253909
awt04,0.6887866,0.6752997,0.3077377,0.809637,0.6415571,0.01493765
awt23,0.9130919,0.8309179,0.4246125,0.7451787,0.8496325,0.01066783
awt39,0.976466,0.8572664,0.4838432,0.4046316,0.9195968,0.003594052
awt10,0.647304,0.6340857,0.1694231,0.8534561,0.6980344,0.01401369
awt32,0.7983714,0.8098081,0.4120342,0.9417816,0.8151015,0.01103364
awt15,0.9545637,0.8862007,0.5928094,0.8445948,0.900844,0.05111118
awt04,0.2879215,0.5900083,0.0906223,0.9383472,0.6257705,0.01428969
awt23,0.9085093,0.8175676,0.3907128,0.7984851,0.8752637,0.01008432
awt39,0.9192264,0.8814499,0.5789442,0.7065011,0.9818255,0.003915784
awt10,0.7876588,0.7082383,0.2728633,0.7681763,0.7416096,0.01456701
awt32,0.758715,0.8452381,0.5520155,1.006662,0.818361,0.01122211
awt04,0.8922263,0.6529474,0.2196483,0.7503375,0.6492218,0.01637004
awt15,0.9238761,0.8418147,0.478637,1.164934,0.8868693,0.04980842
awt23,0.844338,0.7128028,0.2092284,0.8984358,0.847845,0.0098419
awt39,0.9599221,0.8964107,0.5551212,0.477792,0.9830923,0.003853588
awt32,0.7301633,0.8784615,0.5717561,1.175237,0.7919543,0.01159717
awt10,0.5483588,0.6410528,0.1673515,0.8367787,0.7011435,0.01307061
awt04,0.5857103,0.6002683,0.1681469,0.7292212,0.592825,0.008517616
awt15,0.9096845,0.8257524,0.5005534,1.098648,0.9043517,0.04830849
awt23,0.9552678,0.8290179,0.4466663,0.8962804,0.8160837,0.008903378
awt39,0.9413989,0.8623353,0.4755458,0.7359165,0.9614093,0.004040958
awt32,0.8243917,0.8734726,0.536385,1.134965,0.7827403,0.008933435
awt10,0.6341966,0.6705274,0.2012264,0.7593522,0.6756205,0.01153373
awt04,0.7738488,0.6748708,0.2124442,1.259958,0.5990326,0.01063404
awt23,0.9385964,0.8565489,0.5438431,1.014818,0.8086377,0.008401923
awt15,0.9258854,0.8715324,0.5268999,1.0984,0.9031118,0.05154481
awt39,0.9510319,0.8691964,0.5092563,0.5986305,0.975073,0.003918069
awt32,0.8520132,0.7896825,0.3644172,0.8105522,0.8241375,0.01135446
awt10,0.8978011,0.7363241,0.3505617,0.8075939,0.6989132,0.01211684
awt23,0.8820081,0.8168498,0.4723374,1.067761,0.849681,0.009127545
awt04,0.8739298,0.6642023,0.2210341,0.8548626,0.6247624,0.01800501
awt15,0.9483953,0.8604806,0.4856338,1.120727,0.8867286,0.05063785
awt39,0.971664,0.9044402,0.5046267,0.4514806,0.9738735,0.003899048
awt32,0.6309597,0.77489,0.4011667,0.9217623,0.8031226,0.01139616
awt10,0.5991629,0.6346358,0.1285968,0.7029295,0.6374971,0.008590623
awt23,0.8399077,0.8291612,0.4509775,0.7294124,0.8925976,0.0099255
awt04,0.7070495,0.6809896,0.3209282,0.9774786,0.6455341,0.01735745
awt15,0.9392215,0.8182391,0.4670203,1.008699,0.9068794,0.05311196
awt39,0.9003588,0.8464533,0.5169561,0.6498752,0.9542835,0.004203323
awt32,0.8603837,0.8621894,0.5684178,0.929888,0.8123604,0.009998978
awt23,0.9027625,0.8453704,0.4169225,0.7813242,0.8375624,0.009732276
awt10,0.5776645,0.6822456,0.2802997,0.6257369,0.6755195,0.01098313
awt04,0.9244295,0.7051269,0.2431079,0.777386,0.6315089,0.01253313
awt15,0.958489,0.8864,0.5406881,1.107688,0.8939857,0.04889443
awt32,0.8428598,0.8352659,0.4837933,0.7930887,0.8488372,0.01339014
awt39,0.9701716,0.9086779,0.5148218,0.6059092,0.9772959,0.003832455
awt23,0.7908219,0.784375,0.3833912,0.7833474,0.8864332,0.0102002
awt10,0.485104,0.6280417,0.1511734,0.8294915,0.737709,0.01460812
awt04,0.9071912,0.6165714,0.1548399,0.8271322,0.6513871,0.01794001
awt15,0.9468431,0.8814404,0.5617194,1.128247,0.8931039,0.04711956
awt32,0.4785374,0.7620952,0.3114093,1.130097,0.7696577,0.007268137
awt39,0.8690879,0.7928201,0.4313697,0.606425,0.9476309,0.004195989
awt23,0.9297491,0.7700893,0.4318151,0.9542387,0.8619079,0.009917055
awt10,0.8086844,0.6918642,0.2779598,0.7299293,0.6764036,0.009612064
awt04,0.8508673,0.6442895,0.169582,0.6580356,0.6466332,0.01457587
awt32,0.8493106,0.8417154,0.447202,0.9549843,0.8161538,0.01168968
awt15,0.9572803,0.8542822,0.4509447,1.012712,0.9035422,0.04856739
awt23,0.9322438,0.8705739,0.5776365,0.7756795,0.879811,0.009666348
awt39,0.8430988,0.8738781,0.4324506,0.7329254,0.9410697,0.003400608
awt10,0.628037,0.6361607,0.1748335,0.9894107,0.6320097,0.00864077
awt04,0.7802912,0.6830351,0.2635473,0.8902534,0.5926894,0.009182238
awt32,0.7497636,0.8271944,0.4689411,1.076707,0.8184267,0.01219271
awt15,0.9495964,0.8563498,0.5236081,1.169103,0.9039439,0.05267628
awt26,0.9705785,0.8585366,0.2988037,0.4456853,0.9507859,0.006513192
awt39,0.7788117,0.8308036,0.4438433,1.060765,0.9570666,0.003956671
awt10,0.7909382,0.7062943,0.2295051,0.9224503,0.7091716,0.01402876
awt04,0.8055396,0.6748958,0.22425,0.9510253,0.5908263,0.009921529
awt32,0.5513793,0.8077973,0.431576,1.223242,0.7858329,0.01062628
awt15,0.9530561,0.8722364,0.533933,0.9815343,0.9086834,0.04781531
awt26,0.9203205,0.8706395,0.2569418,0.7726019,0.9227767,0.008148537
awt39,0.9711028,0.9057239,0.6081206,0.2109939,NaN,0.003725382
awt10,0.6314718,0.6635651,0.2040552,0.5062709,0.640967,0.01010064
awt04,0.8630024,0.687673,0.2622513,0.6956589,0.6124097,0.01361246
awt32,0.7131499,0.7937622,0.4630531,0.9154468,0.8057558,0.01096581
awt26,0.9273576,0.8652597,0.2692282,0.6949062,0.9005486,0.006939319
awt16,0.8970953,0.8406968,0.2259207,0.890519,0.9346224,0.02745624
awt39,0.8415144,0.865917,0.4576894,1.016865,0.953895,0.003587134
awt10,0.5261485,0.6603971,0.1549587,0.5246732,0.6899986,0.01278817
awt04,0.6918219,0.6380902,0.2445373,0.8224714,0.6515841,0.01767946
awt32,0.5143643,0.7716049,0.332305,0.9392962,0.8502132,0.01313295
awt26,0.9597751,0.8637566,0.2806993,0.4538788,0.9359408,0.00709056
awt16,0.8488951,0.8809194,0.3192382,0.9999547,0.9278002,0.02823363
awt39,0.9801825,0.9322391,0.671293,0.4441029,0.9869713,0.003823295
awt04,0.8349225,0.6175247,0.147534,0.8229386,0.630006,0.01267101
awt32,0.7666795,0.804736,0.3628599,0.9965076,0.8414536,0.01133003
awt10,0.4351692,0.5852569,0.1420431,0.5065559,0.7278504,0.01539021
awt26,0.9698721,0.8056818,0.2579874,0.8325443,0.9073371,0.006714938
awt16,0.9308328,0.8525249,0.2629442,1.002119,0.9282449,0.02982138
awt39,0.9582896,0.8845979,0.488423,0.2673227,0.9789769,0.00378061
awt32,0.9007087,0.8554075,0.4843297,0.9430538,0.8242642,0.01227426
awt04,0.8601826,0.6279054,0.2061549,0.7538641,0.6244344,0.01470894
awt10,0.6233621,0.661277,0.1886821,0.8183003,0.6592034,0.01205455
awt26,0.9391718,0.9157088,0.2542345,0.8164146,0.914352,0.006551942
awt16,0.9159665,0.8957287,0.2691595,0.8857057,0.9137147,0.02777437
awt39,0.9120824,0.8786018,0.4230741,0.73535,0.9716637,0.003940245
awt32,0.8423158,0.7980507,0.4630531,0.9465937,0.8206081,0.01147118
awt04,0.6267321,0.6180584,0.1520322,0.8075654,0.619789,0.01223539
awt10,0.4534307,0.6043178,0.1075053,0.7918412,0.638928,0.00821202
awt26,0.9606998,0.8756098,0.3048561,0.6766933,0.9258203,0.006752798
awt16,0.9236407,0.9084524,0.2741658,0.8651488,0.9348183,0.0310845
awt39,0.9534925,0.9063707,0.542687,0.6748861,0.9874227,0.003763085
awt32,0.834339,0.8721248,0.4960784,0.9527385,0.8430463,0.01198419
awt04,0.8405764,0.6775065,0.2049886,0.6756691,0.6506409,0.01754827
awt26,0.9727864,0.7452547,0.1060282,0.7588461,0.9065402,0.006794939
awt10,0.3571298,0.6428182,0.2009296,0.5471991,0.7180702,0.01597648
awt39,0.9634417,0.8944637,0.5902746,0.747232,0.9898265,0.003829568
awt32,0.7517424,0.8702978,0.6027047,0.9531995,0.8717668,0.01271852
awt16,0.9610091,0.8701538,0.3075368,1.031964,0.916385,0.02595788
awt04,0.8335352,0.6447781,0.2109177,0.8983232,0.6123241,0.01312885
awt10,0.4170169,0.6193221,0.1405168,0.7747406,0.7194278,0.0138414
awt26,0.911028,0.8932927,0.3389801,0.6699147,0.9309959,0.006830442
awt32,0.7078214,0.7488426,0.3921541,1.201844,0.7392054,0.009709503
awt16,0.940896,0.8735402,0.2887447,0.9003899,0.9360866,0.02965865
awt39,0.8079332,0.7912458,0.5333302,0.8543712,0.967719,0.00379914
awt04,0.769928,0.6308791,0.2052642,1.02886,0.6633414,0.01493889
awt26,0.9577529,0.9087302,0.3137229,0.578003,0.951455,0.007271299
awt10,0.1698228,0.6216,0.1664364,0.5798508,0.7339598,0.01458482
awt32,0.5564947,0.8060345,0.4930739,0.9654853,0.8385217,0.0118893
awt16,0.8812577,0.9202739,0.2823442,1.108868,0.9156568,0.02891713
awt04,0.8276863,0.6248659,0.1647439,1.156862,0.6264802,0.01207756
awt39,0.8673767,0.8796002,0.4277984,0.8542944,NaN,0.003974865
awt26,0.9621459,0.8636364,0.2299975,0.7845194,0.9181554,0.006945511
awt10,0.925974,0.6836686,0.2050192,0.896823,0.6428341,0.00840159
awt32,0.6773832,0.7861111,0.3540345,0.8099011,0.8443333,0.01274605
awt04,0.5494366,0.5650274,0.1042341,0.9548616,0.6367544,0.0157035
awt16,0.9739049,0.9386598,0.359095,0.9104045,0.9343549,0.02844824
awt39,0.813646,0.8302808,0.5209827,0.3288586,0.9710717,0.003589687
awt26,0.9802129,0.8941799,0.2878116,0.5993433,0.9373311,0.006753725
awt10,0.7572977,0.6861869,0.2090253,0.6234606,0.7191291,0.01311099
awt32,0.6314582,0.8240132,0.4280672,1.018897,0.7781972,0.009712079
awt04,0.7434313,0.6351169,0.2284698,0.8395583,0.6498726,0.01413933
awt16,0.8150378,0.8574835,0.2694709,0.9914546,0.9321764,0.02814726
awt26,0.9626395,0.8492063,0.2939788,0.6690762,0.9023925,0.007589006
awt39,0.83734,0.8958333,0.5333821,1.269774,0.9261278,0.003177783
awt10,0.6885184,0.6808593,0.1949648,0.9949313,0.7154047,0.01528748
awt32,0.7481532,0.8028997,0.4606452,1.055783,0.8293966,0.01016824
awt04,0.80425,0.6468996,0.2056888,0.8038803,0.6405068,0.01902723
awt16,0.935751,0.8766085,0.3133855,1.091019,0.9055527,0.02836761
awt26,0.9421317,0.8603659,0.3333303,0.9230689,0.8998081,0.006160697
awt39,0.8372319,0.8208169,0.4638432,0.9135443,0.8893087,0.003397297
awt10,0.3482848,0.5675264,0.03815052,0.557672,0.7463331,0.01537998
awt32,0.6541803,0.8061538,0.4907377,0.9623832,0.8236774,0.01013159
awt04,0.6534366,0.6529338,0.2151676,0.9705148,0.6198545,0.01488076
awt26,0.9404001,0.9358766,0.2372854,0.8730281,0.9071168,0.007062097
awt16,0.7230697,0.8365079,0.2818598,0.9088526,0.9071612,0.02891588
awt39,0.8854177,0.8882729,0.5956081,0.9939254,NaN,0.004118755
awt10,0.7819399,0.6958127,0.2147985,0.7409963,0.6771237,0.01183541
awt32,0.5160629,0.7992308,0.4568936,1.028988,0.8273176,0.01234917
awt04,0.5408939,0.57677,0.1411742,0.7945872,0.6138192,0.01248695
awt26,0.9742241,0.8575581,0.241536,0.513535,0.9374685,0.007057125
awt16,0.9071911,0.8798385,0.2777225,0.9391332,0.9333903,0.02853378
awt32,0.4132688,0.754386,0.3841365,0.9679907,0.8189663,0.01101555
awt10,0.3256452,0.6359953,0.1786543,0.6827756,0.6802484,0.01156353
awt39,0.7848186,0.8351441,0.4456112,1.22402,0.9561912,0.003936641
awt05,0.7087488,0.8079021,0.2469746,0.9111697,0.847655,0.01889172
awt26,0.8572566,0.8461538,0.211536,0.7560563,0.9277281,0.007057669
awt16,0.8293501,0.861369,0.2905491,0.8099652,0.937057,0.03043082
awt32,0.7517607,0.8377743,0.4843297,0.8469222,0.8690231,0.01288035
awt10,0.6338117,0.671895,0.224029,0.6903876,0.6997908,0.01280739
awt39,0.9681024,0.8036785,0.4439709,0.50257,0.9921468,0.00391201
awt26,0.9693522,0.8791209,0.2075447,0.5693561,0.9377044,0.007323475
awt05,0.6107948,0.7432217,0.1718675,0.8856922,0.8337882,0.01880388
awt32,0.8424942,0.8595679,0.5175985,0.8286922,0.8512838,0.0130286
awt16,0.9547897,0.8997591,0.2804749,0.9539912,0.922543,0.02832314
awt10,0.601783,0.6574526,0.2123398,0.8481063,0.6747258,0.01056986
awt39,0.9783047,0.8939394,0.5532377,0.745506,0.9642657,0.004018447
awt26,0.9614484,0.9194673,0.3958306,0.4713838,0.942649,0.006477236
awt05,0.873268,0.7754075,0.1507386,1.012918,0.815261,0.01838416
awt32,0.4390378,0.7802795,0.4023182,1.074892,0.7659101,0.008044375
awt16,0.9123127,0.8706878,0.3117476,1.016139,0.9381199,0.0313943
awt10,0.6660282,0.6911765,0.2212965,0.813374,0.6626568,0.01099136
awt39,0.9723319,0.8564006,0.4347295,0.6975508,0.9681901,0.004067251
awt26,0.9152113,0.8842593,0.2703734,0.6997247,0.934304,0.007776256
awt05,0.7541922,0.7364593,0.1821027,0.9980281,0.8274467,0.01715203
awt32,0.6413556,0.7973138,0.3926303,1.044424,0.8250481,0.01193966
awt16,0.9542452,0.8901099,0.2973422,1.077805,0.9153094,0.02632315
awt10,0.8533369,0.7022582,0.2450246,1.156681,0.7080639,0.01379094
awt39,0.8645147,0.8361111,0.5170777,0.5685842,0.9477003,0.00381588
awt26,0.9577398,0.8430233,0.3018841,0.6105246,0.9314631,0.006986086
awt32,0.507229,0.7107692,0.313436,0.8158023,0.8668381,0.01305544
awt16,0.9675668,0.8893553,0.3411194,0.9852945,0.9246217,0.02903201
awt10,0.8284284,0.7121003,0.2393688,0.7948388,0.7008214,0.01232905
awt39,0.9424328,0.8949074,0.5069415,0.5101698,0.982175,0.003716636
awt26,0.8625376,0.9049265,0.2203362,1.088107,0.9379216,0.007403018
awt32,0.6221813,0.8219915,0.4143105,0.8947694,0.8396891,0.01230696
awt05,0.8217274,0.7582076,0.1801755,0.7082151,0.842693,0.01716517
awt16,0.9472288,0.8154969,0.2773106,0.8801009,0.9444321,0.03041591
awt10,0.3822053,0.593229,0.1361461,0.7047033,0.657031,0.01181832
awt39,0.9616382,0.866951,0.4393502,0.6665488,0.9471191,0.003903549
awt26,0.9076336,0.8653409,0.346196,0.8035413,0.9425693,0.006971212
awt32,0.845505,0.8486842,0.5598736,0.9683892,0.7887486,0.009906996
awt05,0.7848749,0.7621667,0.1392831,0.8853264,0.8162976,0.01810491
awt10,0.6671832,0.629463,0.1605488,0.653332,0.7085807,0.01553728
awt16,0.8293072,0.9240443,0.2994625,1.044089,0.9178437,0.02790036
awt26,0.9013283,0.856705,0.2499971,0.8108679,0.9053505,0.006175743
awt39,0.9324778,0.8397321,0.4305527,1.019361,NaN,0.003646837
awt32,0.5967492,0.8279321,0.5284585,0.7910415,0.8158879,0.01313697
awt05,0.7071891,0.784487,0.1736321,0.7918212,0.8262778,0.01808478
awt10,0.6046029,0.6225078,0.1798278,1.119059,0.6670488,0.01134088
awt26,0.9434644,0.8690476,0.2610679,0.8423205,0.943268,0.007082191
awt16,0.8786109,0.9147985,0.3368392,0.8987674,0.9277355,0.02975907
awt39,0.9585151,0.9022321,0.567395,0.6490046,0.9601465,0.004242342
awt32,0.7423085,0.7864854,0.5138431,0.686192,0.8916405,0.01269818
awt05,0.6254257,0.7413793,0.1881905,0.969075,0.8258636,0.01794421
awt10,0.8444759,0.6970339,0.2045934,0.8483684,0.6901237,0.01202075
awt26,0.9324961,0.9261364,0.2499973,0.713377,0.9370871,0.007838391
awt16,0.9767198,0.9200046,0.3263862,1.009154,0.9096493,0.02843045
awt40,0.9107183,0.8487051,0.4452581,1.161186,0.7625473,0.00855534
awt32,0.6495755,0.7449744,0.366966,0.9781963,0.8205784,0.01106041
awt05,0.8730038,0.8202137,0.1817928,1.174076,0.809879,0.0177705
awt26,0.8428618,0.9147727,0.2413766,0.9787802,0.8907493,0.006458695
awt10,0.8884016,0.6770611,0.206669,1.11942,0.6881335,0.01077182
awt40,0.9082489,0.866782,0.5115711,1.414196,0.7439951,0.008338121
awt16,0.7341527,0.8649961,0.2137632,0.9360841,0.9372481,0.0293366
awt32,0.5913954,0.7694444,0.369228,0.8846666,0.8086962,0.01056891
awt40,0.8703736,0.8452026,0.4666119,1.038537,0.7776537,0.008810884
awt26,0.7203539,0.8108766,0.2456113,0.676283,0.9227828,0.006843463
awt05,0.8328676,0.7886949,0.1822595,0.8050937,0.8247659,0.01898209
awt10,0.6166962,0.6440678,0.1599228,0.6436949,0.7027925,0.01095641
awt32,0.6200613,0.7477583,0.4114324,0.8181679,0.8239659,0.0104632
awt16,0.8649694,0.8610621,0.2702645,1.06343,0.9086686,0.02592098
awt40,0.9735571,0.8686821,0.4292368,1.165039,0.7712288,0.008693583
awt26,0.9618973,0.8847403,0.2299975,0.452816,0.9448372,0.006802515
awt32,0.8411182,0.8237578,0.5206932,0.9239725,0.8224671,0.01098772
awt05,0.6815646,0.7851218,0.136937,0.7138856,0.842812,0.01767211
awt10,0.9504829,0.7349727,0.257441,0.9833629,0.6749512,0.01261817
awt16,0.9533544,0.8857043,0.3054157,1.106252,0.9148967,0.02545179
awt40,0.9504428,0.8497874,0.3894708,1.504725,0.7317998,0.008210504
awt26,0.9721266,0.8158537,0.2648875,0.8296266,0.901869,0.006509095
awt32,0.7489789,0.7781848,0.3823615,0.7659177,0.854809,0.01269486
awt10,0.3375914,0.6390201,0.1210257,0.8810682,0.6972267,0.01426656
awt05,0.8768671,0.8034097,0.182781,0.692389,0.844573,0.01880204
awt16,0.6948931,0.8518599,0.2420515,0.8591911,0.9389597,0.03208412
awt40,0.9482085,0.8309179,0.4198801,1.166432,0.787849,0.008853874
awt26,0.9623919,0.8670635,0.2676897,0.473762,0.9566461,0.006999113
awt34,0.1542292,0.60454,-0.008279791,0.09768095,0.9270549,0.005072594
awt10,0.2595256,0.6324255,0.2003868,0.4907208,0.6929922,0.01356499
awt05,0.8958395,0.7685605,0.1667129,0.783712,0.8399279,0.018268
awt16,0.8361571,0.8795464,0.2465005,0.9967565,0.920191,0.02776542
awt40,0.9508902,0.8922065,0.4027749,1.168578,0.8134886,0.00927492
awt26,0.9388481,0.8366782,0.2941151,0.485241,0.9511015,0.006833444
awt34,-0.2674154,0.5681661,0.09803702,0.1251424,0.8896547,0.004723976
awt10,0.8742559,0.7136373,0.2324531,1.452404,0.6074628,0.009009509
awt05,0.9411634,0.8151965,0.1490842,0.8995531,0.8134814,0.01779173
awt16,0.93144,0.891361,0.3111817,1.092855,0.9047794,0.02690253
awt40,0.7559955,0.7821695,0.319982,0.8589274,0.8283178,0.00953754
awt26,0.9576879,0.8481481,0.2352916,0.8972072,0.9028845,0.007833712
awt34,0.09730334,0.5704408,0.1042295,0.102456,0.9238138,0.00549127
awt10,0.5556187,0.6475556,0.1345165,0.7370733,0.6900875,0.01425896
awt05,0.8281134,0.7417241,0.1784645,0.9928107,0.8485824,0.0169608
awt40,0.8464949,0.8404882,0.5221379,1.286928,0.7628815,0.008984444
awt16,0.9017142,0.9132146,0.30912,1.045783,0.9259635,0.02987401
awt26,0.9739382,0.8690476,0.2362546,0.6813054,0.9472132,0.006796983
awt34,0.4647525,0.7785467,0.1675181,0.3915274,0.8907185,0.00495417
awt10,0.761144,0.6599356,0.1727958,0.7284427,0.6727664,0.01257854
awt40,0.8800205,0.7584175,0.3912009,1.198181,0.7773147,0.007591602
awt05,0.8027907,0.7736419,0.1919385,0.9145488,0.8376208,0.0168889
awt26,0.9831875,0.8689655,0.221536,0.3817231,0.9604817,0.006661447
awt16,0.9584419,0.8897076,0.2803855,0.8741586,0.9488817,0.02974375
awt34,-0.01290352,0.5944767,0.07015919,0.1804714,0.9254648,0.004299686
awt40,0.8960591,0.8041799,0.3999972,1.024062,0.7693831,0.008582583
awt10,0.9396502,0.71242,0.2476085,0.8333877,0.7107985,0.01313179
awt05,0.7851647,0.7927335,0.185635,1.213273,0.8028489,0.01713572
awt26,0.8409894,0.8536398,0.2631552,0.6813089,0.9341209,0.006089552
awt16,0.923273,0.8733687,0.3041915,1.132358,0.9046029,0.02952082
awt34,-0.09134555,0.5478757,0.0877719,0.05090872,0.9453863,0.00429101
awt40,0.9224925,0.8241708,0.4784586,1.041761,0.8112713,0.009210072
awt10,0.8668212,0.6811683,0.212299,0.9412326,0.7057398,0.0107502
awt05,0.7044996,0.7537814,0.1662975,0.7749183,0.8163803,0.01769352
awt26,0.9191086,0.8674699,0.3454517,0.8512479,0.9198435,0.00759671
awt34,-0.01570176,0.6099617,0.08239638,0.2684695,0.8667658,0.00427196
awt16,0.7776558,0.8784054,0.3449909,0.9276845,0.9270838,0.02770944
awt40,0.7787444,0.7728305,0.3492464,1.021453,0.768653,0.007701881
awt10,0.7111459,0.6282017,0.1320804,0.7647822,0.7042936,0.01181139
awt05,0.576415,0.7027586,0.1382464,0.5346766,0.8139542,0.01835093
awt34,0.2485697,0.6801948,0.1071545,0.1792176,0.9088067,0.005093648
awt26,0.9512688,0.880291,0.3204653,0.528339,0.9503233,0.007276439
awt16,0.9781114,0.8578345,0.245403,1.015678,0.9125987,0.02859927
awt40,0.880214,0.7727079,0.3333307,1.143426,0.7387172,0.007542766
awt10,0.6256877,0.6560801,0.1837815,0.6961172,0.6866924,0.01518877
awt05,0.7554751,0.7142228,0.1437571,1.007475,0.7959341,0.01658313
awt34,-0.1095012,0.4399309,-0.0502945,0.07987407,0.9113775,0.004606203
awt26,0.9768529,0.8806818,0.2352916,0.5316317,0.9466085,0.006784399
awt16,0.782206,0.8451824,0.2963944,1.08191,0.910857,0.03018594
awt40,0.9127206,0.7956414,0.4832448,1.067426,0.7980714,0.009894874
awt10,0.7302385,0.6039583,0.09346547,1.048609,0.6361563,0.009921918
awt34,0.1741945,0.625,0.04697525,0.1382015,0.9325858,0.004436146
awt26,0.9098783,0.8367816,0.2542345,0.563743,0.9550944,0.006498992
awt05,0.9087665,0.7861379,0.1692994,0.6835921,0.8353585,0.01850602
awt40,0.9497868,0.832648,0.4409908,1.616443,0.7324757,0.007571186
awt16,0.9072375,0.8853119,0.2225736,0.9478304,0.9199403,0.02844676
awt10,0.4890194,0.6141348,0.1764682,0.6120354,0.6907126,0.01077506
awt34,-0.009792903,0.6022727,0.06676817,0.2149625,0.9043883,0.005221334
awt26,0.8818815,0.8636652,0.341061,0.4704604,0.9399042,0.007066318
awt05,0.8543023,0.7630132,0.1732377,0.9771623,0.7901272,0.01523931
awt40,0.8545823,0.7655678,0.4216375,0.9163015,0.7635459,0.008835418
awt16,0.8968454,0.865282,0.271569,1.069197,0.9123788,0.02847526
awt34,0.3645865,0.697318,0.1157386,0.8134334,0.9026908,0.005328589
awt10,0.8092662,0.6435936,0.1896271,0.8714153,0.6879918,0.01263296
awt26,0.9814021,0.8207672,0.2610679,0.6521453,0.9294252,0.007316619
awt40,0.864978,0.8196988,0.485377,1.180936,0.7426747,0.007505314
awt05,0.7012014,0.7813797,0.1883222,0.6706113,0.8477651,0.02024216
awt16,0.9632194,0.8749642,0.3059461,0.9843565,0.9273326,0.03027727
awt34,0.02914993,0.5909091,0.07307475,0.1860886,0.9170597,0.004689218
awt11,0.8407197,0.8035756,0.06160864,0.6577014,0.8464634,0.01291533
awt26,0.9637589,0.862037,0.1746869,0.6473659,0.939866,0.007076554
awt40,0.9302668,0.7643098,0.3656804,1.118146,0.7720132,0.009338534
awt05,0.8524777,0.8178302,0.2315979,0.7465919,0.8207156,0.01783177
awt16,0.9744138,0.8544093,0.2872271,0.9517474,0.9281426,0.03055538
awt34,0.1357308,0.6274351,0.007015328,0.06151969,0.9366701,0.004334178
awt11,0.6679775,0.7516418,0.02392081,0.8404449,0.8723371,0.01526159
awt26,0.9639383,0.9051903,0.2941151,0.5626701,0.9372965,0.007129394
awt40,0.8453467,0.7873694,0.3663415,1.203411,0.725884,0.007388234
awt05,0.8774788,0.7603655,0.1846125,1.230476,0.7794044,0.01525636
awt16,0.9654776,0.8869714,0.3299013,1.013929,0.9254195,0.03089169
awt34,-0.2756716,0.4114088,-0.06109794,0.05159691,0.9406899,0.004188151
awt26,0.9006926,0.8636015,0.2499971,0.8305926,0.907278,0.006780185
awt11,0.8355355,0.810571,0.07511457,0.8969275,0.8419268,0.01427808
awt40,0.8519329,0.8096886,0.4058501,1.082485,0.7639794,0.008511473
awt05,0.7403547,0.7329167,0.1470998,0.5762861,0.8532295,0.01866371
awt16,0.9368659,0.8695385,0.2957433,1.094424,0.9004844,0.02792687
awt34,0.337793,0.7808442,0.1070443,0.6626149,0.8438138,0.004981367
awt11,0.7514143,0.8249492,0.05686931,1.130955,0.850489,0.01521657
awt26,0.9813335,0.8662791,0.240933,0.5295174,0.9523357,0.006948533
awt40,0.9389132,0.8451557,0.4576894,1.072414,0.818392,0.008645514
awt05,0.7874115,0.8111248,0.189,1.077826,0.7972785,0.0167674
awt34,0.1098055,0.6268199,0.0866362,0.3023014,0.8874489,0.004867622
awt11,0.8856985,0.860766,0.07460413,1.056491,0.8495898,0.01576859
awt26,0.9845801,0.8608997,0.2584768,0.7055299,0.9211463,0.006923175
awt16,0.9304159,0.8941627,0.279089,0.9918578,0.9187027,0.02864645
awt40,0.8416582,0.7646524,0.3951834,1.168092,0.7726695,0.008712277
awt05,0.9011797,0.7713748,0.1757934,0.8133488,0.8264719,0.01852412
awt34,0.2686469,0.6970899,0.1039639,0.3707982,0.8980373,0.004844751
awt26,0.9835473,0.8878893,0.3148121,0.5015851,0.9511541,0.00675564
awt11,0.8312632,0.7961034,0.07546892,1.049408,0.8429341,0.01366575
awt40,0.945665,0.7972222,0.4089305,1.334518,0.7754317,0.009447839
awt16,0.9252659,0.8895238,0.304604,1.06657,0.9041017,0.02646164
awt26,0.9484982,0.9186047,0.280699,0.563729,0.9418645,0.008136078
awt34,0.2846955,0.5808124,0.0595167,0.02950908,0.9404916,0.004283512
awt11,0.7661251,0.8583136,0.08094963,1.067682,0.839236,0.01558554
awt40,0.8134273,0.8239619,0.4374239,1.205056,0.7805704,0.00851364
awt05,0.8146083,0.8273536,0.172411,0.9590121,0.8296535,0.01857286
awt16,0.6226297,0.8960896,0.2940902,0.8879373,0.9406819,0.02997762
awt26,0.9542369,0.8434783,0.175436,0.7421149,0.896362,0.007025745
awt34,0.3264985,0.7956989,0.1338439,0.6632722,0.8698965,0.005480268
awt40,0.90012,0.8159859,0.4421634,1.003894,0.8136585,0.009594172
awt11,0.7464028,0.8727273,0.04807427,1.046075,0.8389641,0.0126122
awt05,0.6893529,0.739806,0.1778765,0.5976043,0.8669436,0.01917223
awt16,0.6468326,0.9233526,0.2931909,0.900528,0.9362407,0.03121288
awt27,0.7151929,0.7401181,0.2548995,0.8980376,0.7651778,0.005674179
awt34,0.6252056,0.8009259,0.3121093,0.764802,0.8328553,0.004894856
awt40,0.853119,0.7875,0.3023051,1.07189,0.7397079,0.008246624
awt11,0.8819697,0.8383488,0.0765523,0.8577915,0.8647846,0.01351746
awt05,0.7184468,0.7336347,0.1469742,0.8848993,0.7757096,0.01558097
awt16,0.9868876,0.8829845,0.2712674,1.050875,0.8996498,0.02819246
awt27,0.8144834,0.8474903,0.3865713,0.6973401,0.868912,0.007563279
awt40,0.8376044,0.8480457,0.4537007,0.9600203,0.7954174,0.009590313
awt34,0.2450667,0.7434593,0.1176448,0.4374974,0.9218418,0.00475838
awt11,0.7622744,0.7755897,0.06976461,1.043984,0.8545501,0.01552533
awt05,0.8304963,0.7734899,0.167283,0.9609372,0.7896474,0.01777557
awt16,0.9872243,0.8865694,0.273665,0.9396695,0.926105,0.02833384
awt27,0.6613003,0.8059973,0.3969938,0.6480411,0.8584271,0.007835498
awt40,0.883762,0.8423387,0.5730738,0.9687427,0.7769644,0.007542507
awt11,0.7625668,0.8284848,0.04807427,0.7996667,0.8053038,0.01328909
awt34,0.1481551,0.6030844,0.07646583,2.703098e-05,NaN,0.004292549
awt05,0.9350376,0.7749589,0.1606115,0.8993132,0.8296591,0.01912851
awt16,0.9428035,0.8401835,0.2322154,0.9400303,0.9222451,0.02910305
awt27,0.7571851,0.8108108,0.3195332,0.8808862,0.8128388,0.006166074
awt40,0.8013211,0.8324074,0.3921541,1.129764,0.7049862,0.006006586
awt11,0.7968801,0.7859327,0.06219826,0.8147917,0.8489652,0.01344766
awt34,0.07161412,0.586039,0.01242017,0.1972816,0.8944213,0.004839632
awt05,0.7616748,0.7571908,0.1669295,0.8481337,0.8397371,0.01839615
awt27,0.7560162,0.8805556,0.5119018,0.8560273,0.8118259,0.007041163
awt40,0.8887215,0.8745888,0.573843,1.476333,0.6617576,0.005575787
awt16,0.948781,0.9053558,0.2982741,0.9613301,0.9342741,0.03074883
awt11,0.8775902,0.8937436,0.07075195,0.8755647,0.8563862,0.01433483
awt34,0.1209538,0.4842593,0.04701959,-0.05256639,0.9319166,0.004315141
awt27,0.6578301,0.7781818,0.3803678,1.100134,0.8362211,0.007999457
awt40,0.8092464,0.778125,0.3407665,1.108759,0.7691103,0.008439254
awt05,0.8196322,0.7958761,0.1824846,0.99709,0.8256493,0.01665159
awt16,0.9072302,0.8828147,0.3113074,0.8522517,0.9367796,0.02878805
awt11,0.7192649,0.8868502,0.06160864,1.064415,0.8361981,0.01497463
awt34,0.4014597,0.7340996,0.1823054,0.4148603,0.8947377,0.004740929
awt40,0.8869855,0.8687259,0.4497468,0.9291211,0.7915823,0.009675023
awt27,0.8878178,0.8516769,0.4189786,1.282608,0.7967217,0.00570617
awt05,0.8902098,0.8449629,0.2566818,0.8901179,0.8374772,0.01714624
awt11,0.6894024,0.8301538,0.07041975,0.7968737,0.8647467,0.0138357
awt34,-0.03950898,0.5608766,0.01779281,0.1332046,0.9507029,0.004183201
awt16,0.8639671,0.858639,0.2783418,1.032986,0.9106132,0.02498288
awt40,0.8066084,0.8722003,0.5294087,1.374056,0.7232292,0.006194037
awt27,0.8883556,0.8725926,0.337715,0.8785703,0.8515973,0.006737402
awt11,0.816575,0.8499363,0.07797874,0.7933381,0.8643694,0.01439986
awt34,0.2081311,0.6722222,0.1787209,0.2684153,0.9153461,0.004868046
awt05,0.8815293,0.8657962,0.2364503,0.9398269,0.831681,0.01858907
awt17,0.9396598,0.8875462,0.5530734,1.200569,0.9562846,0.03768918
awt40,0.9308116,0.8088803,0.3228812,1.206566,0.7930387,0.009082831
awt27,0.9496139,0.8412162,0.4379082,1.066947,0.8036176,0.005813299
awt34,-0.379408,0.4047619,-0.08187336,0.01860403,0.9194755,0.005341893
awt11,0.8353609,0.7854998,0.03333066,0.8997913,0.8235546,0.01366123
awt05,0.8850708,0.8323096,0.1940009,0.8207605,0.8384092,0.01834634
awt17,0.9443689,0.8780857,0.518151,1.064873,0.9557076,0.0388013
awt40,0.7928415,0.7905405,0.3472196,1.331765,0.7186172,0.007577775
awt27,0.9414846,0.8238636,0.290056,1.098365,0.8062397,0.006498082
awt34,0.6120644,0.7784392,0.264601,0.7290554,0.8992423,0.005167686
awt11,0.7323884,0.8666159,0.05633526,0.6725176,0.8760019,0.01477586
awt05,0.6498154,0.6870253,0.1413323,0.6537996,0.8448521,0.01939595
awt17,0.7942778,0.8524028,0.5022289,0.7723143,0.9619862,0.03392991
awt40,0.9206477,0.8644308,0.4399971,1.476413,0.7353742,0.006839685
awt27,0.8447635,0.8765432,0.3677546,0.8930019,0.8255018,0.006789951
awt34,0.2647511,0.5678479,0.03472023,0.1259937,0.8647068,0.00535707
awt11,0.8314616,0.7543191,0.05686931,0.9034275,0.8426886,0.01389604
awt05,0.8570131,0.8061403,0.2577605,1.096737,0.8468917,0.01916646
awt40,0.883995,0.8505892,0.5221379,1.030518,0.7777873,0.008653792
awt17,0.9429272,0.8768331,0.4813234,1.000876,0.9586081,0.03765045
awt27,0.7652907,0.8579581,0.3171271,1.11155,0.8186722,0.006391841
awt34,0.07380541,0.673913,0.05092391,0.199016,0.8834471,0.004945903
awt11,0.8379819,0.715005,0.04285446,0.8760544,0.8162654,0.01402661
awt40,0.8527381,0.8249158,0.3784588,1.215419,0.7599083,0.009217584
awt05,0.9238054,0.7464167,0.1520968,0.8906588,0.8336415,0.01938206
awt27,0.8681354,0.863417,0.4143214,0.7579114,0.8581963,0.008203547
awt17,0.956637,0.8926849,0.4715122,1.147552,0.943787,0.03393346
awt34,-0.05799471,0.5394636,-0.05497284,0.04543021,0.9222623,0.004209419
awt11,0.8033649,0.7240854,0.05714015,1.027438,0.8221768,0.01317781
awt40,0.9031318,0.8500682,0.4560155,0.8250287,0.7980861,0.008609803
awt27,0.7410329,0.8846753,0.4236082,1.10534,0.7864339,0.006133398
awt05,0.7479656,0.7236583,0.1366456,0.9471649,0.8078756,0.01853748
awt17,0.9714558,0.8898634,0.4562323,1.045772,0.9534041,0.03562154
awt34,0.3800282,0.7743506,0.1708049,0.6445104,0.9151392,0.005092029
awt11,0.8729175,0.7873476,0.04376644,0.9857166,0.8349831,0.01406972
awt40,0.8870971,0.8274428,0.3835375,1.237137,0.7457698,0.009402337
awt27,0.8246937,0.8036437,0.2061515,0.8537786,0.8285345,0.006865795
awt05,0.780865,0.8167702,0.1771221,0.9109485,0.8063256,0.0176579
awt34,-0.03763726,0.5478757,0.07638665,0.2004907,0.8939932,0.004670056
awt11,0.7647294,0.8296871,0.04944786,0.952258,0.8251961,0.0151666
awt17,0.959441,0.8725755,0.4219609,1.072788,0.9590463,0.03708934
awt40,0.8777676,0.8166023,0.4207664,1.419916,0.7409046,0.006783225
awt27,0.8494904,0.8928395,0.4953989,1.181727,0.8026764,0.007893662
awt34,0.12783,0.6097884,0.08384861,0.1741096,0.9230226,0.004260641
awt11,0.8034579,0.8772727,0.04716708,1.033097,0.8082131,0.01346038
awt05,0.8523213,0.7538397,0.1735245,0.8358522,0.8175644,0.01769504
awt17,0.9379825,0.8521695,0.4901687,1.030132,0.9566041,0.03912117
awt40,0.8740102,0.8481781,0.3368393,0.8477412,0.78517,0.009984712
awt27,0.8500183,0.8840812,0.4015357,0.9308003,0.8633318,0.007229075
awt34,0.2743366,0.6096886,0.05230556,0.2837573,0.9101876,0.005436801
awt11,0.8317908,0.8153846,0.0710873,1.189831,0.8012405,0.01600623
awt05,0.78122,0.6722261,0.08960355,0.8212608,0.8291074,0.01725433
awt17,0.955148,0.8770372,0.5050748,1.140909,0.9556949,0.03451862
awt40,0.8363368,0.7930556,0.4768488,1.067004,0.7578259,0.007696973
awt27,0.7822852,0.8376068,0.3349992,1.186238,0.7739512,0.006849658
awt34,0.4462516,0.7880435,0.102899,0.3261812,0.9213517,0.005053972
awt11,0.8374777,0.8527217,0.05288195,1.040409,0.809354,0.0124404
awt05,0.8282589,0.727344,0.1321423,0.7445616,0.8188981,0.01851059
awt40,0.9624974,0.8325893,0.4351823,1.300702,0.7567475,0.008581202
awt17,0.9051378,0.8755,0.5058793,0.8523714,0.9454596,0.03437943
awt27,0.8546268,0.8787879,0.5837493,1.435849,0.7767766,0.005908236
awt34,0.1901851,0.5835756,0.03307483,0.451578,0.8991341,0.004776964
awt11,0.8202873,0.8715115,0.05188405,0.9412824,0.8467262,0.01470591
awt40,0.9041382,0.8705739,0.5117958,1.074698,0.7911504,0.009599171
awt05,0.9237738,0.812714,0.2329148,0.8895012,0.8242892,0.01815292
awt17,0.9130823,0.8655068,0.5070061,1.079745,0.9526815,0.03826555
awt27,0.6851991,0.7287645,0.2750875,0.9383339,0.8304898,0.008935224
awt34,0.1499864,0.6925926,0.1130747,0.5670008,0.9035899,0.004874379
awt11,0.8557532,0.8245372,0.05212998,1.190718,0.8042388,0.0126264
awt40,0.8111611,0.8190236,0.4745341,1.397589,0.7126815,0.007399372
awt05,0.7165736,0.6684069,0.0396114,0.5098099,0.7964793,0.01887966
awt27,0.6736868,0.7642563,0.3082742,0.5497564,0.8956887,0.007130898
awt17,0.9134549,0.8982426,0.521801,1.190237,0.9451093,0.03858496
awt11,0.6696918,0.8012121,0.04784422,0.8358402,0.8402524,0.01428516
awt34,-0.183576,0.4913495,0.04690343,0.0126426,0.9466895,0.004276597
awt40,0.916684,0.8006613,0.3796268,1.0814,0.7602102,0.009050385
awt27,0.8689954,0.8222222,0.322628,1.206309,0.7864284,0.007081667
awt05,0.7377691,0.7684971,0.1818632,0.986732,0.8311398,0.01836265
awt17,0.922557,0.8711073,0.5058793,0.9427626,0.9569719,0.03701813
awt11,0.7747173,0.8356923,0.07041975,0.9957261,0.8404402,0.01373747
awt34,-0.0563546,0.5615079,0.05786817,0.1908811,0.9127099,0.004664738
awt40,0.9052695,0.8130682,0.30643,1.03339,0.7855701,0.008968207
awt27,0.9178119,0.8135065,0.3430743,0.9307501,0.8020399,0.006122862
awt05,0.8775024,0.8295813,0.2120127,0.7861264,0.8575274,0.01785621
awt17,0.8911659,0.8629195,0.4739927,0.7549139,0.9660861,0.03816071
awt34,0.1453812,0.6103806,0.04581996,0.2679195,NaN,0.004400733
awt11,0.7406375,0.8369231,0.07211269,1.14905,0.83618,0.01422595
awt40,0.9467301,0.8857143,0.6249966,1.121973,0.7372419,0.007051838
awt27,0.8737755,0.8324899,0.4023049,0.8760564,0.7654399,0.00517507
awt34,0.1835678,0.6858766,0.06111984,0.5989736,0.8865314,0.005031662
awt11,0.6551026,0.748028,0.05420976,0.8169283,0.8403212,0.0142278
awt17,0.9616172,0.8862817,0.5092755,1.13102,0.9590211,0.03638003
awt06,0.9300159,0.8674364,0.6086616,1.143767,0.8884974,0.04971673
awt27,0.9296099,0.8566964,0.5120937,0.7119027,0.864521,0.008139529
awt34,0.01992019,0.6516854,0.09803702,0.1624843,0.9075144,0.005218077
awt11,0.7633733,0.9030459,0.03317267,1.140699,0.8200358,0.01414494
awt17,0.9185627,0.8678959,0.5102406,0.9192124,0.9606774,0.03924416
awt27,0.9767597,0.8886364,0.3891656,0.9613324,0.8028442,0.007699848
awt06,0.8679744,0.8541167,0.5692825,1.10054,0.896155,0.0519159
awt34,-0.07236491,0.5944767,0.05159595,0.2790942,0.9170878,0.004735194
awt11,0.6190645,0.753992,0.02816629,0.9940137,0.8326298,0.0137168
awt17,0.9542245,0.8710153,0.4618026,1.047623,0.9594006,0.03946597
awt27,0.8527246,0.8577778,0.4681648,1.256528,0.797528,0.006836798
awt34,0.3319667,0.7839239,0.1976766,0.3917685,0.9079159,0.004565719
awt11,0.7794446,0.7991158,0.05164043,0.6788514,0.8657021,0.01454362
awt06,0.8381449,0.826372,0.4639657,0.8777389,0.8988772,0.05202088
awt17,0.9548524,0.8691767,0.5311431,0.8900947,0.9545776,0.0363682
awt27,0.9120471,0.8353247,0.4135369,0.9066345,0.8330515,0.007945801
awt11,0.6085151,0.807958,0.05212998,1.031216,0.8336675,0.01479832
awt34,0.191552,0.6607143,0.07307475,0.2910149,0.925008,0.004401158
awt27,0.8748729,0.8580077,0.4261877,1.254927,0.764121,0.006025312
awt17,0.9311269,0.8949233,0.5269771,1.018311,0.9610869,0.03575888
awt06,0.9336102,0.8588081,0.5663233,1.123902,0.8926434,0.05013615
awt11,0.4865183,0.7586806,0.07582663,0.8490411,0.8307271,0.01436119
awt34,0.2474172,0.699654,0.1372526,0.4264843,0.8836038,0.005110581
awt27,0.8505006,0.8112875,0.2889724,1.093205,0.8251997,0.008388742
awt17,0.9181382,0.8593151,0.5183591,0.9155924,0.9640572,0.03665114
awt11,0.8725399,0.8211673,0.08601989,0.9708233,0.8207368,0.0144639
awt34,0.141097,0.7001195,0.09125689,0.4997606,0.9068807,0.004804903
awt06,0.902153,0.8422242,0.5725874,1.283411,0.8827895,0.04803681
awt27,0.9145451,0.9139273,0.5490165,0.8515953,0.8419854,0.006856319
awt35,0.9388707,0.8171584,0.4456493,1.392158,0.6970266,0.004536427
awt11,0.5769648,0.7986415,0.06392403,0.8870916,0.8348738,0.01453606
awt17,0.8895298,0.8641107,0.4918344,1.154032,0.9481633,0.03205498
awt27,0.8179299,0.8982794,0.4215356,1.074125,0.8477281,0.006990137
awt06,0.8852825,0.8529643,0.5628539,1.107684,0.8920808,0.05203714
awt35,0.9334994,0.8715278,0.5868278,1.162664,0.7718198,0.006342854
awt11,0.7554833,0.8561282,0.08018589,0.9268882,0.8193992,0.01438604
awt17,0.9497906,0.8840857,0.5212607,1.043965,0.9542402,0.0345877
awt27,0.8812544,0.8450704,0.4277984,1.079194,0.8425896,0.007523319
awt35,0.8593139,0.8353846,0.6238061,1.108723,0.7423234,0.006829733
awt11,0.7951374,0.8065764,0.05164043,0.9882821,0.8431132,0.01456928
awt06,0.8479582,0.8895927,0.6486341,1.552733,0.8691615,0.04971373
awt17,0.9378265,0.882235,0.5198419,0.9884696,0.9575365,0.03579741
awt27,0.7228785,0.8128784,0.3338563,0.743947,0.7955408,0.007405336
awt35,0.6574271,0.755102,0.4051695,0.8131389,0.7666487,0.005500058
awt11,0.7411107,0.7490002,0.06074487,0.7081853,0.8763574,0.01504961
awt17,0.9087639,0.8460988,0.3555529,0.8451511,0.9615763,0.03841175
awt35,0.7531698,0.8214425,0.4684586,1.279713,0.7274409,0.005150953
awt06,0.9142746,0.8525286,0.5536661,1.409482,0.8863791,0.05214868
awt11,0.8266312,0.8454545,0.04650883,1.051317,0.8496227,0.01439316
awt17,0.7855268,0.8857308,0.4719087,0.7083999,0.9623358,0.03612814
awt35,0.8636674,0.7470204,0.3731201,0.7402841,0.7717004,0.007226567
awt11,0.8144232,0.7511295,0.03809256,0.8515538,0.8515366,0.01505694
awt06,0.9390881,0.8626053,0.570711,1.003428,0.8877578,0.05257312
awt17,0.9583448,0.885204,0.535291,1.104782,0.9468528,0.03603977
awt35,0.9150682,0.8548325,0.5595206,1.450242,0.6776355,0.005562625
awt11,0.8150961,0.7887807,0.09595828,0.9241746,0.84219,0.01460049
awt35,0.905062,0.816382,0.5741902,1.017165,0.7624714,0.007070237
awt17,0.9455036,0.9139167,0.538213,1.064397,0.9622062,0.03760878
awt06,0.8949463,0.87585,0.5918217,1.08554,0.8796034,0.05064948
awt11,0.8076468,0.8191057,0.04407157,0.8291271,0.8369398,0.01431002
awt35,0.8153024,0.8119923,0.4497408,1.169379,0.6861885,0.004516419
awt11,0.8998991,0.8167911,0.08056595,0.8763563,0.8726291,0.01459457
awt17,0.8798139,0.8560423,0.5123019,0.9624987,0.9534998,0.03668858
awt06,0.8882548,0.8402768,0.5579001,1.370326,0.8860199,0.05115068
awt35,0.9157932,0.8089196,0.4537688,1.686473,0.688453,0.00564595
awt11,0.8244805,0.8333333,0.07441577,0.955152,0.8467557,0.01502677
awt17,0.9358816,0.8805674,0.539398,0.9692264,0.9559923,0.03875486
awt35,0.7428838,0.7663443,0.4768489,1.344158,0.7694729,0.00652932
awt11,0.693939,0.8580009,0.03286112,0.8668488,0.8454771,0.01435475
awt06,0.8125487,0.8468645,0.5694897,0.9557004,0.8918338,0.04933209
awt17,0.9454169,0.899377,0.4764676,1.122607,0.9557638,0.03720833
awt35,0.6891851,0.6954178,0.1411969,1.149196,0.7965201,0.00759371
awt11,0.7988944,0.8438795,0.05164043,0.8932839,0.8411454,0.01238832
awt17,0.9200095,0.8791651,0.4918207,1.119926,0.9571173,0.03912632
awt35,0.8955767,0.8283699,0.5231451,0.9237288,0.753527,0.006458544
awt06,0.9542393,0.8635577,0.5593182,1.026083,0.8928613,0.05042872
awt12,0.908567,0.9124103,0.07894496,0.9949015,0.9778692,0.006897134
awt35,0.934779,0.7996154,0.4907377,1.202382,0.7396025,0.006969414
awt17,0.9511067,0.8740706,0.4806172,1.020287,0.9590427,0.0389954
awt12,0.8659864,0.8475687,0.07803118,0.7641547,0.9662599,0.00663335
awt06,0.8820266,0.856523,0.5464453,1.192943,0.8803884,0.05018515
awt35,0.8454217,0.8058027,0.5465807,1.077668,0.745502,0.006541377
awt17,0.9304162,0.8594896,0.4792099,1.030444,0.9567627,0.03402195
awt12,0.8863671,0.9396923,0.07978485,0.8967833,0.9595982,0.006830632
awt35,0.805209,0.8405172,0.4374249,1.217444,0.8007627,0.006986077
awt06,0.9264691,0.8807056,0.6614238,1.042787,0.8871226,0.05078931
awt17,0.9755878,0.8619979,0.4127457,1.175186,0.955606,0.03651047
awt12,0.9120569,0.9370177,0.08648413,0.8365222,0.9781017,0.007053465
awt35,0.9041995,0.7357253,0.4097194,1.295802,0.7246381,0.005362514
awt17,0.916769,0.8368794,0.4294089,0.9312724,0.9524896,0.03722505
awt12,0.8343467,0.9042443,0.1077822,1.129676,0.9710298,0.006496955
awt06,0.9147678,0.8555163,0.5864958,1.376331,0.878404,0.04848906
awt12,0.9454745,0.9267893,0.08947126,1.213016,0.9613759,0.00692887
awt17,0.9756935,0.8717068,0.4650236,0.9897733,0.9688305,0.03723179
awt06,0.8829335,0.8550347,0.5362069,1.287693,0.8960468,0.05049653
awt12,0.8290157,0.9296066,0.1022705,1.125589,0.9716138,0.00680066
awt17,0.9768435,0.8730433,0.488655,1.098534,0.9424659,0.03721545
awt12,0.9265311,0.8668718,0.08571206,0.7214672,0.9628194,0.006383928
awt17,0.9094449,0.8665135,0.5115121,0.9415327,0.9601762,0.03545254
awt06,0.9350941,0.8809515,0.6548154,1.154815,0.8958958,0.05021587
awt12,0.8242345,0.9304693,0.09889876,0.9359918,0.9661907,0.006544154
awt17,0.9488735,0.878989,0.48601,0.856,0.9621713,0.03362093
awt06,0.8750406,0.868404,0.5527639,1.076626,0.9009181,0.05228173
awt12,0.8637836,0.9383674,0.06841866,1.20446,0.9755211,0.00663135
awt17,0.9414087,0.8724638,0.5082982,0.9368469,0.9603333,0.03660568
awt12,0.7993074,0.9226556,0.07567334,1.197281,0.971745,0.006750602
awt06,0.9140077,0.8631029,0.5707126,1.116209,0.8867328,0.04851305
awt17,0.9646957,0.8797808,0.4959146,1.150597,0.9481918,0.03441103
awt12,0.9038785,0.927076,0.06989014,0.9752703,0.9700358,0.007149971
awt17,0.9254817,0.8893131,0.4901646,1.032097,0.9584145,0.03692997
awt06,0.8938856,0.8210705,0.4838405,1.082866,0.886985,0.05009104
awt12,0.604419,0.9178554,0.1055532,1.387251,0.9592803,0.006670107
awt17,0.921912,0.8775964,0.5433029,1.064578,0.9356466,0.03408315
awt12,0.9577916,0.9375307,0.1027003,0.9578819,0.9705598,0.00678538
awt06,0.8995929,0.8556173,0.5497789,1.152198,0.888103,0.05097916
awt17,0.95082,0.8777553,0.5278209,1.063894,0.9563879,0.03698645
awt12,0.8537773,0.9466008,0.07428351,1.068845,0.9551364,0.006569077
awt17,0.9725107,0.8800049,0.4941147,1.044455,0.9554848,0.03572198
awt06,0.8680387,0.8474113,0.5847615,1.295228,0.8919861,0.05067997
awt12,0.9183156,0.9165128,0.08021154,1.102865,0.9751042,0.006555162
awt17,0.8349142,0.8539593,0.4590447,0.8275779,0.9526527,0.03536744
awt06,0.9020458,0.8413897,0.509102,1.225194,0.879603,0.04934564
awt17,0.9127033,0.870714,0.464703,1.129356,0.95521,0.03625286
awt06,0.9322017,0.87725,0.607669,1.226141,0.8869738,0.05005002
awt17,0.9344649,0.893625,0.4910498,1.037561,0.958662,0.03722849
awt06,0.9481805,0.830008,0.5533472,1.26064,0.8844266,0.04962406
awt17,0.9249304,0.8578533,0.4387543,0.9112533,0.9536215,0.03961337
awt17,0.9738753,0.8850722,0.5609995,1.149146,0.9549138,0.03682946
awt06,0.9192823,0.8485712,0.5464473,1.108189,0.8835124,0.04994162
awt06,0.8841067,0.8482986,0.6162569,1.452344,0.8841474,0.04913474
awt06,0.8421944,0.8594156,0.550954,1.518165,0.8784581,0.04959193
awt06,0.9266931,0.8514314,0.522824,0.8243834,0.8810378,0.04860551
awt06,0.9092815,0.831257,0.4908393,1.030039,0.8792231,0.05123085
awt06,0.9414539,0.8511406,0.5671056,1.007782,0.8895907,0.04882702
awt06,0.9257049,0.8571229,0.5743318,1.340458,0.8820854,0.05021747
can08,0.9181072,0.5911823,0.07412528,0.8109018,0.7797751,0.04593492
can11,0.9317456,0.6129673,0.1595964,1.023354,0.7913385,0.075955
can02,0.990427,0.7413431,0.2233747,1.168247,0.956395,0.1577407
can15,0.9933882,0.7214272,0.221252,1.106014,0.915799,0.1320448
can05,0.9338936,0.6649682,0.04754458,0.8734742,0.9266792,0.02962649
can18,0.990819,0.8232042,0.1389036,1.251577,0.9814525,0.1683785
can08,0.9080468,0.6051467,0.07755727,1.066185,0.7772146,0.04468706
can11,0.9608047,0.6166077,0.1640133,0.9327709,0.7688561,0.05994898
can15,0.9931624,0.7269055,0.2337543,1.075513,0.9178855,0.1285242
can05,0.9094978,0.6374205,0.03958624,0.7703849,0.9149871,0.03264874
can02,0.9939881,0.7374436,0.2077484,1.091953,0.959252,0.1587395
can18,0.9894617,0.8243667,0.1364876,1.380359,0.9818773,0.1601962
can08,0.9224652,0.5956813,0.07691413,1.14878,0.753784,0.04005992
can11,0.9690957,0.6185904,0.163877,0.9788438,0.754216,0.06633432
can05,0.9367568,0.6420627,0.04650989,0.9272978,0.9064295,0.02769607
can15,0.9903937,0.7306979,0.2288432,1.196395,0.9025574,0.1369453
can02,0.9958762,0.7301871,0.210751,1.186436,0.954619,0.1575397
can18,0.9894033,0.8205527,0.1393988,1.229025,0.9816558,0.1966404
can08,0.9476149,0.6066766,0.08360315,0.9747871,0.7553944,0.04343523
can11,0.9067297,0.6157187,0.173678,1.053246,0.7687458,0.06316972
can05,0.8782102,0.6402374,0.04726428,0.7685613,0.9115102,0.03120352
can15,0.9899057,0.7129969,0.2126012,1.097834,0.9114481,0.1394038
can02,0.9929045,0.7399093,0.2205951,1.106902,0.9638635,0.1816836
can18,0.9877609,0.8234316,0.1330929,1.347156,0.9807171,0.1644002
can08,0.9541906,0.609567,0.08763303,0.8025106,0.7769248,0.04696354
can11,0.911214,0.6100975,0.1558229,0.8025898,0.778242,0.06852448
can05,0.9506361,0.6656802,0.05312675,0.8321988,0.9193621,0.03358353
can15,0.9856123,0.710653,0.2191044,1.113902,0.9247002,0.1366511
can02,0.9916807,0.7330189,0.2131865,1.183816,0.9550044,0.1648964
can18,0.9940835,0.826087,0.1349042,1.336428,0.9806678,0.1536073
can08,0.9185341,0.5956348,0.07626216,0.757444,0.7629776,0.04344848
can11,0.9246898,0.6223718,0.1739637,0.9024373,0.7650595,0.06975136
can05,0.9798817,0.6684375,0.05207655,0.8247224,0.9171844,0.03003347
can15,0.9886176,0.711794,0.2134977,1.023176,0.9176884,0.1379773
can08,0.9269971,0.6055478,0.08386943,1.041399,0.7545443,0.04288305
can02,0.9839339,0.7281477,0.2053052,1.244114,0.95632,0.1610529
can18,0.9880678,0.8286816,0.1431533,1.243805,0.9837194,0.1600556
can11,0.9415162,0.6210616,0.1704088,1.035379,0.77348,0.06748793
can05,0.9400222,0.6655518,0.04574751,0.9716149,0.916765,0.0307138
can15,0.9885297,0.716067,0.221889,1.131457,0.9160573,0.1281421
can08,0.9258402,0.5987042,0.07620811,1.003392,0.7714811,0.04800825
can02,0.9882957,0.7359926,0.2201298,1.134194,0.9593096,0.1638747
can18,0.9807403,0.8257319,0.1424607,1.276335,0.9793772,0.1743321
can11,0.9528888,0.6214112,0.1651271,0.8843828,0.7554556,0.06822294
can05,0.9663103,0.665468,0.05110913,0.8392787,0.9212903,0.03508669
can15,0.9902717,0.7195951,0.2204962,1.167712,0.9179412,0.1345615
can08,0.9079032,0.5958838,0.06801384,0.9123776,0.7646595,0.04947013
can11,0.9446744,0.6246525,0.1686995,0.927408,0.7758057,0.06894724
can02,0.9904368,0.7307072,0.2124287,1.192401,0.9565107,0.1618868
can18,0.9905621,0.8295933,0.1361953,1.321719,0.9814843,0.1439292
can15,0.9904254,0.7253706,0.2228041,1.170459,0.9111107,0.1380468
can05,0.9344861,0.6524566,0.05063082,0.9258217,0.9128344,0.03432934
can08,0.9636876,0.6193091,0.08974171,1.06941,0.7665816,0.04405429
can11,0.928269,0.613207,0.161043,1.135994,0.747214,0.06259459
can02,0.9942202,0.7295848,0.2132604,1.160982,0.9548096,0.1623688
can18,0.988407,0.8293639,0.1462701,1.27545,0.9808528,0.1595121
can05,0.9721922,0.6657023,0.04681182,0.9202126,0.9132375,0.0309507
can15,0.9933675,0.7222085,0.2174195,1.158003,0.9123615,0.1435448
can08,0.9391738,0.5939337,0.06868481,0.9503547,0.7792405,0.05127307
can11,0.9724263,0.6166927,0.1641656,0.8808108,0.7800365,0.07438391
can02,0.9884047,0.7306155,0.2123952,1.12902,0.9582481,0.163527
can18,0.9875756,0.8226738,0.1378726,1.41259,0.9794656,0.1610654
can15,0.9868914,0.7169523,0.2218036,1.110171,0.9123614,0.1333766
can05,0.9739689,0.6527407,0.04152783,0.8230938,0.9186908,0.03127087
can08,0.9267243,0.599751,0.07734225,0.754923,0.7892305,0.04929754
can11,0.9435988,0.6230683,0.169878,0.9726062,0.7763028,0.07201895
can02,0.9906522,0.7290503,0.21475,1.189813,0.9575881,0.1687449
can05,0.9766624,0.6716417,0.04881145,1.006941,0.9117846,0.0308916
can15,0.9869205,0.7241911,0.2282337,1.095257,0.912025,0.1326821
can08,0.9197272,0.6054445,0.07926279,1.019922,0.7716557,0.04881444
can18,0.9907598,0.8308339,0.1492694,1.32632,0.9812355,0.1515956
can11,0.9302255,0.6139868,0.1612395,0.9232179,0.7635924,0.06516058
can02,0.9848049,0.7372921,0.2181043,1.160938,0.9558457,0.1781618
can05,0.9287728,0.671374,0.0527933,0.7032253,0.928243,0.03036286
can15,0.9907822,0.7186457,0.2151426,1.114024,0.9184791,0.137084
can08,0.9016794,0.6004098,0.074319,0.9417446,0.7594936,0.04312298
can18,0.9889154,0.8292405,0.1370202,1.309503,0.9817601,0.1707495
can11,0.9544166,0.6240622,0.1648712,0.9506201,0.7521732,0.06088551
can02,0.9960429,0.7366338,0.2107839,1.151734,0.9595912,0.1755798
can08,0.9232706,0.609454,0.08560554,0.8952216,0.7495632,0.04654809
can05,0.9795257,0.6657205,0.05204575,0.8120128,0.9209566,0.03048273
can15,0.9879962,0.7184787,0.2256039,1.090789,0.9187802,0.130889
can18,0.9874834,0.8259958,0.1359827,1.319492,0.9827029,0.1692526
can11,0.9332704,0.6088822,0.1692976,0.9324502,0.7685938,0.07331041
can08,0.9352984,0.6076612,0.08454312,0.8988284,0.7871596,0.04419642
can15,0.9942609,0.7290334,0.2288287,1.079589,0.9169472,0.1449828
can05,0.978562,0.6710739,0.04680594,0.7547156,0.9321706,0.03606596
can02,0.9876434,0.7417656,0.2240182,1.134738,0.961677,0.1640691
can18,0.9913563,0.8299417,0.1373129,1.311432,0.9827777,0.1756762
can11,0.9287655,0.6141791,0.1550514,0.9059576,0.7651878,0.07280072
can08,0.9042016,0.6013239,0.08379406,1.115765,0.7503358,0.04109887
can15,0.9897779,0.7227164,0.2181679,1.192748,0.9082332,0.1229
can05,0.9622586,0.6655877,0.04637831,0.9571722,0.9172316,0.02913765
can02,0.993854,0.7309958,0.2148462,1.123289,0.9589728,0.1695205
can11,0.9062103,0.6104985,0.1627155,1.087121,0.7566106,0.06513799
can18,0.9879875,0.8278273,0.1340852,1.303978,0.9809517,0.1548856
can08,0.9131201,0.6023076,0.07835464,0.7949637,0.7780197,0.04823993
can15,0.9879736,0.7240367,0.2275421,1.037186,0.9181667,0.1227083
can05,0.9690914,0.6724087,0.05475399,0.7676093,0.935375,0.03266776
can02,0.9885957,0.7431153,0.2245683,1.104488,0.9623398,0.1767071
can11,0.9530026,0.6289079,0.1785307,0.9176067,0.7636713,0.06659767
can18,0.9860199,0.8244342,0.1399481,1.235668,0.9821761,0.1593782
can08,0.8983369,0.6065499,0.07387276,0.928048,0.7596163,0.04282025
can15,0.9882116,0.7157254,0.2184785,1.142785,0.910684,0.129188
can05,0.9426117,0.672524,0.05125607,0.8821291,0.9207841,0.02691299
can11,0.9308969,0.6190566,0.1640342,1.043477,0.7696477,0.06397546
can02,0.990525,0.7308363,0.213701,1.212305,0.9568728,0.1560667
can08,0.9170628,0.6108234,0.08495956,0.9256192,0.7850941,0.04972606
can18,0.9858942,0.8250478,0.1336388,1.352161,0.9806119,0.1574408
can15,0.9880573,0.7180906,0.2264408,1.147902,0.9161337,0.1414517
can05,0.9541536,0.668908,0.05185209,0.8928767,0.926675,0.03239946
can11,0.9433445,0.6196782,0.1626517,0.822073,0.7846773,0.07573159
can02,0.99485,0.7382691,0.2149819,1.057321,0.9619054,0.1661531
can08,0.9375986,0.6046935,0.07947555,0.8985885,0.7786345,0.0466319
can18,0.9906697,0.8311772,0.139792,1.374808,0.980371,0.1555688
can15,0.9719754,0.7252199,0.2229336,1.147362,0.921132,0.1517482
can05,0.9585867,0.6777063,0.05294348,0.8800025,0.9216707,0.02959067
can11,0.9095925,0.602797,0.1456791,1.058861,0.7633671,0.07133747
can08,0.8679819,0.6064597,0.08365248,0.9494523,0.7741467,0.04848679
can02,0.9958463,0.7307519,0.2045576,1.190147,0.9548534,0.1590253
can18,0.9900492,0.8296123,0.1365148,1.27847,0.982568,0.1639036
can15,0.9831644,0.716065,0.2176938,1.153314,0.9137206,0.1377557
can05,0.9742561,0.6711874,0.05019797,0.879507,0.9242887,0.03165182
can11,0.9353556,0.6159166,0.1643536,0.9680512,0.7678942,0.06578373
can08,0.9102977,0.6017053,0.07778728,0.9116475,0.7864256,0.04916739
can02,0.9914215,0.7297983,0.2083868,1.124085,0.9609746,0.1686391
can18,0.9940404,0.8258809,0.1339978,1.312884,0.9816566,0.1550512
can15,0.989722,0.7086042,0.2137316,1.132296,0.9031021,0.1211219
can11,0.9406665,0.6154452,0.1619086,0.9350087,0.7765037,0.06257746
can05,0.9481916,0.6439132,0.03935398,0.8612909,0.9287205,0.03034748
can08,0.9428294,0.5988024,0.07721941,0.8865476,0.7660507,0.04438879
can02,0.9929957,0.7355686,0.2151725,1.09816,0.9611309,0.1564273
can18,0.9875106,0.821817,0.1379061,1.459098,0.9803214,0.1623463
can15,0.9958563,0.7227677,0.2189672,1.108566,0.9156513,0.1263163
can11,0.9324499,0.6166136,0.1627037,0.9662534,0.7602332,0.06633551
can05,0.9703309,0.6637303,0.04917535,0.9308196,0.9140515,0.02956302
can08,0.8876423,0.5973101,0.07127356,0.9922355,0.7430621,0.03999888
can02,0.9808581,0.7408458,0.2263271,1.237068,0.9553746,0.1601548
can15,0.9859722,0.7119085,0.2135016,1.131985,0.9147953,0.1362412
can11,0.9631534,0.6156982,0.1624593,0.8038044,0.7598343,0.06495914
can18,0.9902368,0.826705,0.1322218,1.32014,0.9825434,0.1679913
can05,0.9274592,0.654372,0.05134814,0.9162686,0.9034638,0.02688519
can08,0.9249497,0.6042923,0.07254214,0.9004204,0.7701087,0.04468513
can02,0.9895258,0.7260874,0.2182947,1.176233,0.9548002,0.1451997
can11,0.9614808,0.6161127,0.150095,0.8915245,0.7784938,0.06720341
can15,0.9906411,0.7235778,0.2339279,1.177627,0.9136734,0.111398
can08,0.8836495,0.6052468,0.07776076,0.7967275,0.7809341,0.04628242
can05,0.9623408,0.6716895,0.05005315,0.7304021,0.9334412,0.03389382
can18,0.9848963,0.8302635,0.1360089,1.473317,0.9786835,0.1548568
can02,0.9919805,0.7354324,0.2192142,1.149303,0.9612387,0.1658899
can11,0.9492486,0.6148931,0.155303,0.9189643,0.7651619,0.06707017
can08,0.8800789,0.5909504,0.07342319,0.8911403,0.7755511,0.04941625
can15,0.9900475,0.7260115,0.2280221,1.177259,0.9098638,0.122308
can05,0.9832407,0.6580735,0.05076064,0.8745807,0.913782,0.03052284
can18,0.9871284,0.8333618,0.1374886,1.262177,0.9826907,0.1679259
can11,0.9612136,0.6191918,0.1670885,0.912901,0.7692284,0.07417161
can08,0.8640768,0.5881427,0.0634078,0.7654563,0.7623729,0.0474329
can02,0.9865711,0.7361866,0.217491,1.163082,0.9555076,0.1574615
can15,0.9875001,0.7182516,0.2198595,1.160899,0.9076589,0.1342667
can05,0.9469319,0.6612226,0.05225965,1.055032,0.9031453,0.02808601
can18,0.9924624,0.8293173,0.1375171,1.306918,0.9821648,0.1646515
can11,0.942151,0.6205126,0.1696997,1.045533,0.7623906,0.06501704
can08,0.9494997,0.6152751,0.0966944,1.007492,0.7639541,0.04570523
can02,0.9945957,0.7291262,0.2140873,1.101304,0.9622245,0.1654694
can15,0.9931248,0.7130716,0.2141103,1.152638,0.9141177,0.133952
can05,0.9589086,0.6661374,0.05029741,1.025961,0.9149491,0.03314096
can18,0.9916853,0.8188038,0.135576,1.396134,0.9805126,0.1715512
can11,0.9381202,0.6131176,0.1685929,0.9721473,0.7673859,0.06568842
can08,0.9646974,0.6045892,0.08113415,0.8036145,0.766183,0.0464241
can02,0.9909167,0.739233,0.214978,1.178835,0.9585505,0.1685932
can15,0.990755,0.7195879,0.2219233,1.144528,0.9143602,0.1206748
can05,0.942673,0.6691818,0.05157454,1.097322,0.9121769,0.03276301
can18,0.987112,0.8303975,0.1366852,1.392218,0.9805304,0.160254
can11,0.904882,0.6170833,0.1731798,0.9038079,0.7427262,0.06338758
can08,0.8742235,0.6026725,0.07174729,0.9514745,0.7738341,0.04812921
can15,0.9822666,0.7195767,0.2202765,1.168409,0.9135113,0.133283
can02,0.9844231,0.73131,0.2183784,1.255777,0.9523295,0.1687408
can05,0.9501336,0.6720283,0.05419746,0.931753,0.9259261,0.02595826
can11,0.957272,0.6156653,0.1562669,0.8717588,0.7632576,0.06451861
can08,0.9194241,0.600553,0.08476361,0.8293843,0.7713528,0.04570137
can18,0.9914502,0.8323776,0.1371463,1.360816,0.9812549,0.1703594
can15,0.9912319,0.720788,0.2265617,1.098457,0.9152502,0.1396197
can02,0.9729824,0.7300934,0.2066987,1.129131,0.9576739,0.1506133
can05,0.9621517,0.6399039,0.04339189,0.7891624,0.9072551,0.0297529
can11,0.9300707,0.6206262,0.1794798,1.049354,0.765684,0.06671915
can08,0.9437239,0.6069128,0.08179312,0.8112002,0.7690977,0.04364359
can18,0.9874846,0.8325942,0.1352409,1.398832,0.9807312,0.1758865
can15,0.9939961,0.7102356,0.2070956,1.0483,0.910646,0.1431925
can05,0.9084717,0.6557219,0.04703879,0.7065336,0.9141566,0.02800694
can02,0.9895818,0.7386572,0.2159932,1.19218,0.9567147,0.1562338
can08,0.8845731,0.5941678,0.07677522,0.9236491,0.7733298,0.04309217
can11,0.9558008,0.6252124,0.1687124,0.8720208,0.7695423,0.06726566
can18,0.991723,0.8322479,0.1436075,1.358155,0.9811257,0.159248
can15,0.9863112,0.7195454,0.2252121,1.116129,0.9090831,0.1326445
can05,0.9717336,0.6618512,0.04754589,0.8597577,0.920093,0.03037232
can02,0.9930263,0.7316865,0.2093042,1.18787,0.9578467,0.1608917
can08,0.9233455,0.6082433,0.08002297,1.047559,0.7660725,0.04480801
can11,0.8882081,0.6065495,0.1745834,1.115095,0.7707903,0.06633217
can15,0.9855982,0.7225915,0.2222142,1.187271,0.9072768,0.1295758
can18,0.9885013,0.828915,0.1309082,1.397817,0.9809445,0.1604071
can05,0.9366028,0.6606745,0.04977294,0.9930135,0.9112943,0.03367998
can02,0.9939085,0.7269471,0.2053303,1.119502,0.9602929,0.1532209
can08,0.9449686,0.6163077,0.0852232,0.8847139,0.7943964,0.04898536
can11,0.9353856,0.61461,0.1633271,1.026786,0.7733897,0.06440588
can15,0.987673,0.7259265,0.2300256,1.124327,0.9162991,0.1328095
can05,0.9742492,0.6683127,0.04744392,0.8597965,0.9162654,0.03081549
can18,0.9888109,0.8294679,0.1471221,1.347651,0.9791091,0.1664735
can08,0.9214016,0.6082512,0.08996378,0.6492494,0.7673648,0.04421855
can02,0.9944837,0.7388573,0.2195227,1.165687,0.960306,0.1631042
can11,0.9362507,0.600562,0.1422117,0.9472072,0.7555783,0.06359529
can15,0.993766,0.7248905,0.2211894,1.07525,0.915339,0.1293613
can05,0.9441839,0.6571041,0.0437184,0.8164381,0.9217565,0.03120304
can18,0.9893803,0.8273048,0.1312318,1.327222,0.981445,0.1785104
can08,0.9445875,0.6004415,0.07281796,0.9887056,0.7713145,0.0441005
can11,0.9587705,0.6134413,0.1662317,0.8806862,0.786851,0.07344778
can02,0.9908936,0.7360517,0.2220968,1.181162,0.9570971,0.1559444
can15,0.9841807,0.7199368,0.2171846,1.163774,0.9152739,0.1305758
can05,0.9112088,0.667429,0.04804336,0.6205732,0.9358625,0.03616303
can08,0.9653439,0.6072734,0.08528419,0.8855841,0.7815428,0.04579371
can11,0.9529628,0.6151206,0.1627799,0.8362115,0.762313,0.07058234
can18,0.9850652,0.8310162,0.1387671,1.223037,0.982868,0.1874832
can02,0.9893519,0.7276215,0.2185547,1.219919,0.9567992,0.1546951
can15,0.9907548,0.7192871,0.2221921,1.183656,0.9112488,0.1184267
can08,0.9579555,0.6093524,0.08591208,0.8717787,0.7539958,0.03993716
can05,0.9573161,0.6454124,0.04635468,0.9440261,0.9138186,0.02933906
can11,0.9244615,0.6112646,0.1677349,1.064165,0.7618275,0.0684166
can18,0.9885251,0.8337758,0.1290229,1.280878,0.981826,0.1772326
can02,0.9926997,0.7324959,0.2148449,1.16009,0.9586251,0.155972
can08,0.8932984,0.6013932,0.07298513,1.037828,0.7699996,0.04813682
can15,0.9900444,0.7215451,0.2228358,1.052162,0.9159429,0.132462
can05,0.9038438,0.6563506,0.04738034,0.9055394,0.9151189,0.03113891
can11,0.9480498,0.6169851,0.1561366,1.114525,0.7563364,0.06577906
can18,0.97913,0.8285419,0.1436973,1.255835,0.9802785,0.1583928
can02,0.9921434,0.7355384,0.2233892,1.125336,0.9594188,0.1539362
can08,0.9056702,0.6024527,0.07978924,1.148551,0.756941,0.04511597
can15,0.9945366,0.7237469,0.2268296,1.158067,0.9084328,0.1355679
can05,0.9600317,0.6795372,0.04851662,0.8068164,0.9246778,0.03288865
can11,0.9419024,0.6155491,0.1554678,0.9277729,0.776347,0.06774286
can18,0.9869209,0.8278236,0.1362994,1.45436,0.9783062,0.1671452
can08,0.8937946,0.5975224,0.07740511,1.050512,0.7807844,0.04478855
can02,0.9889648,0.7307714,0.2107853,1.10782,0.9586032,0.1534594
can15,0.9948348,0.7194034,0.2122283,1.105697,0.9115757,0.1243435
can05,0.9440049,0.6439553,0.04092393,0.8069405,0.9034749,0.02588363
can11,0.9486354,0.6196689,0.1652632,1.155883,0.7595119,0.06215663
can18,0.9916728,0.8215538,0.1331652,1.274993,0.9823711,0.1515722
can08,0.9506345,0.6118962,0.08479787,1.010335,0.7639675,0.04412237
can15,0.9928934,0.7155369,0.2179534,1.238296,0.9049358,0.1210424
can02,0.9891461,0.7392721,0.2215127,1.1834,0.9587704,0.1628763
can05,0.9710583,0.6680034,0.0461265,0.7722093,0.9195243,0.03193415
can11,0.9396441,0.6108124,0.1537584,0.8901279,0.7547693,0.06185294
can08,0.9666557,0.6150537,0.08850225,0.8893562,0.7812443,0.04911444
can18,0.9889558,0.8330087,0.139127,1.292119,0.9819669,0.1583586
can11,0.8680233,0.6072744,0.1613157,1.230158,0.7497302,0.06621957
can15,0.984995,0.7222161,0.2239527,1.0787,0.919723,0.1271458
can02,0.985648,0.7370345,0.2154223,1.188276,0.9545688,0.1480975
can05,0.9707574,0.6788345,0.05644255,1.003807,0.9120679,0.03246345
can08,0.9331114,0.611394,0.09341651,0.8579722,0.7409425,0.04076462
can18,0.9918866,0.8296465,0.1378027,1.320727,0.9815464,0.1787924
can11,0.9279279,0.6100498,0.1646121,1.036377,0.7677226,0.0707235
can15,0.9879954,0.7198137,0.2119663,1.127351,0.9165396,0.1300476
can05,0.9441047,0.6495786,0.04812444,0.8683378,0.909393,0.02697669
can02,0.9930181,0.7310371,0.2150769,1.12715,0.9558939,0.1497593
can08,0.9506461,0.6046861,0.07622835,0.8429401,0.7838505,0.04896907
can18,0.993087,0.8267407,0.13878,1.220632,0.9834123,0.1533366
can11,0.9043752,0.612142,0.1624336,1.042233,0.7539246,0.06487451
can15,0.9886546,0.7211177,0.2264409,1.216834,0.9036916,0.1195774
can05,0.9778348,0.6791098,0.05347871,0.8781854,0.9222151,0.03298751
can02,0.99261,0.7346531,0.2146906,1.069757,0.9580668,0.1666056
can08,0.9543827,0.6099523,0.08716003,0.9836217,0.771281,0.04507546
can11,0.9440779,0.6218651,0.1607152,1.124606,0.7773579,0.0672985
can18,0.9768085,0.8222407,0.1454823,1.210817,0.9809937,0.1555848
can15,0.983777,0.7221623,0.2247134,1.184045,0.914128,0.1373159
can05,0.9503316,0.6532384,0.04931527,0.8554996,0.9254374,0.0284389
can02,0.9876177,0.7394215,0.2165366,1.118864,0.957523,0.1772035
can08,0.9395236,0.6033994,0.07742859,0.9137205,0.7860831,0.04760083
can11,0.951903,0.6248955,0.1739299,0.8416647,0.7753507,0.06416976
can15,0.9921513,0.7193604,0.2226994,1.143125,0.9147808,0.1201714
can18,0.9812786,0.8315487,0.1374586,1.239755,0.9812993,0.1664853
can05,0.9587337,0.6574385,0.04880547,0.8553546,0.9190182,0.03898537
can02,0.9948654,0.7338388,0.2139529,1.155586,0.9590176,0.1566638
can09,0.8925237,0.7870519,0.01896693,0.9259865,0.9258273,0.024284
can11,0.9439588,0.6154718,0.1617057,1.002933,0.7719478,0.07012666
can15,0.9947941,0.7266414,0.2299744,1.063175,0.9118215,0.1288672
can18,0.9909598,0.8276568,0.1308812,1.423628,0.9809214,0.1606127
can05,0.9398664,0.6655351,0.05052422,0.9421045,0.930837,0.0389485
can02,0.985328,0.7366137,0.2217976,1.178316,0.9582971,0.1634717
can09,0.9541477,0.7999209,0.01608696,1.010948,0.9343852,0.02546132
can12,0.9243461,0.8341544,0.2127108,1.253824,0.7371426,0.0345265
can15,0.9962855,0.7302673,0.2346675,1.104878,0.91333,0.1226522
can05,0.9719157,0.6713187,0.04901087,0.8543214,0.9028281,0.03159038
can18,0.9873399,0.82485,0.1368016,1.303892,0.9812475,0.1590897
can02,0.9886715,0.7368795,0.2171794,1.19133,0.954368,0.1438954
can12,0.8461608,0.8188887,0.208899,1.286432,0.7229327,0.03433702
can15,0.9923618,0.718551,0.2225758,1.087214,0.9193745,0.1310242
can09,0.9638412,0.7882737,0.01622177,1.0625,0.939834,0.02604124
can05,0.9638693,0.6610871,0.04709829,0.8654709,0.9262109,0.03319438
can18,0.9862648,0.8265834,0.1350985,1.333803,0.981461,0.1527028
can02,0.9888783,0.7370521,0.2123744,1.204634,0.9559456,0.1724094
can16,0.9834319,0.8626022,0.04409156,1.102825,0.6689993,0.005499513
can12,0.9838516,0.8449897,0.2477446,0.9184944,0.7266578,0.03462844
can06,0.9100175,0.86828,0.006564475,1.133376,0.9244356,0.005416489
can09,0.8583676,0.7871332,0.01619299,1.11006,0.948026,0.02604877
can18,0.9887627,0.8247634,0.1324413,1.230537,0.9823237,0.1878646
can16,0.9780605,0.852947,0.03987921,0.9672232,0.6913356,0.006046011
can02,0.9944131,0.7293448,0.2115828,1.167457,0.9575189,0.1723781
can12,0.9746346,0.85446,0.2450614,0.9660904,0.7232265,0.02977015
can06,0.901951,0.8568924,0.006739727,1.114131,0.9581299,0.005769142
can18,0.9892028,0.8325666,0.133437,1.387317,0.9799984,0.1620339
can09,0.9016501,0.7923346,0.01567133,1.093915,0.9264967,0.02622999
can16,0.9172258,0.8323972,0.04390196,0.9894551,0.6678776,0.005256743
can12,0.97875,0.8422989,0.2419597,0.9514362,0.6956628,0.026718
can02,0.9893235,0.7338632,0.2136419,1.122281,0.9610808,0.1790343
can06,0.9122014,0.893284,0.006427805,1.941491,0.9290022,0.005274394
can16,0.7735133,0.8408597,0.03553028,1.84057,0.6676883,0.004952531
can18,0.9923836,0.8228475,0.1336409,1.381493,0.9808157,0.1879885
can09,0.9448256,0.8174619,0.01552638,0.9686765,0.9464843,0.02542944
can12,0.9800283,0.8569229,0.2499922,0.8388735,0.734312,0.03114697
can02,0.9937315,0.7364177,0.2302115,1.178086,0.9570004,0.161151
can06,0.9582588,0.8995695,0.007581989,1.356043,0.9798944,0.006515012
can16,0.9341347,0.8466904,0.04067075,1.052509,0.710192,0.007023314
can18,0.9912364,0.8290728,0.142206,1.219716,0.983311,0.1565569
can12,0.9803531,0.8506974,0.2575448,0.9361681,0.7445076,0.03415683
can03,0.9185256,0.6707984,0.05400998,0.698242,0.5916919,0.009073905
can16,0.9117742,0.8305737,0.04267535,0.8180843,0.7150669,0.005762684
can09,0.8728649,0.8232377,0.01479455,1.000198,0.9488997,0.02701827
can06,0.9141053,0.8885821,0.006490237,1.232572,0.9560027,0.00603518
can19,0.8984366,0.7837245,0.001817979,0.8962999,0.9030177,0.02096996
can16,0.9861533,0.8538338,0.04580827,1.134757,0.638848,0.004038294
can03,0.9228121,0.6676216,0.04505445,1.192672,0.5521573,0.004867363
can12,0.977267,0.8378102,0.2437225,0.9204954,0.7288973,0.03470432
can06,0.9028421,0.8980356,0.0051458,1.311492,0.9759933,0.005477148
can09,0.9307782,0.8036055,0.01725676,1.014067,0.9259135,0.0285034
can19,0.7922088,0.8196437,0.003374373,0.9831594,0.8974167,0.02206523
can16,0.9622225,0.8626973,0.04183623,1.256392,0.682212,0.004812598
can03,0.9083782,0.6676527,0.04662627,0.5616359,0.5743804,0.003383832
can12,0.8938543,0.8377762,0.2208214,1.105436,0.7348795,0.03333653
can06,0.8415662,0.8757216,0.006050577,1.103879,0.9714152,0.006437514
can09,0.9526966,0.8198692,0.0181068,1.065211,0.9561528,0.02343789
can16,0.9216557,0.8287762,0.0414224,0.8314079,0.6755076,0.005002139
can19,0.7401471,0.8263217,0.003131909,1.013688,0.9124968,0.02063126
can03,0.9461725,0.6651591,0.04792319,0.564287,0.5989993,0.007914829
can12,0.9061866,0.8376989,0.2223214,1.176486,0.7246437,0.03199219
can06,0.9357326,0.8915876,0.004317258,1.261422,0.9681729,0.005984904
can16,0.969186,0.8522396,0.04255773,0.9926914,0.5869902,0.005889246
can19,0.6908582,0.7421967,0.00138304,1.183474,0.8689828,0.0222255
can09,0.944642,0.8190081,0.01887,1.079125,0.9153609,0.02346649
can03,0.8962424,0.6632067,0.05260017,0.7480861,0.5787096,0.005617042
can12,0.941092,0.848654,0.2249077,1.324242,0.7527484,0.03421795
can16,0.9555103,0.8402848,0.04647615,0.9892856,0.6850343,0.005298327
can06,0.9377031,0.8963438,0.005758564,1.415173,0.9589686,0.006796497
can19,0.819005,0.7741702,0.001949323,1.039659,0.9088576,0.02325765
can03,0.9607568,0.6734393,0.05214054,0.7558239,0.5696211,0.006010202
can09,0.9654793,0.8107088,0.01861845,0.9528477,0.9190271,0.02506142
can16,0.9684295,0.865741,0.04793219,1.001009,0.689965,0.00568409
can12,0.9784632,0.8477732,0.2439633,0.9397581,0.7418421,0.03324378
can06,0.8895455,0.8953989,0.005226195,1.465092,0.8960062,0.004447038
can03,0.789511,0.6514722,0.04257348,1.449374,0.5523451,0.004699869
can19,0.7360566,0.7217881,0.002024951,0.9476299,0.8940005,0.02230291
can09,0.8625884,0.7915611,0.01475648,1.136558,0.9329687,0.02429853
can16,0.9752592,0.858773,0.04323551,0.9135248,0.756585,0.008043316
can12,0.9837227,0.8460475,0.238162,0.9377743,0.7213149,0.02621049
can06,0.7363655,0.8691132,0.005288713,1.248376,0.9422614,0.005179992
can03,0.8005421,0.6249834,0.04260649,0.6440304,0.519402,0.001687319
can19,0.810894,0.8622491,0.002808874,0.8888188,0.8993238,0.0209225
can16,0.8982013,0.8151961,0.04439976,1.000144,0.6680119,0.004269767
can09,0.8995658,0.8155549,0.01665236,0.9918116,0.9352093,0.02238324
can12,0.976302,0.8470339,0.2388969,0.9516915,0.7242699,0.0308368
can06,0.9461513,0.8809826,0.007092674,1.70195,0.9584979,0.006215239
can03,0.8917638,0.6622085,0.04982583,0.8988067,0.6146334,0.01096577
can19,0.5866322,0.733464,0.001789721,1.104702,0.8815889,0.02156151
can16,0.7306381,0.811873,0.03771166,1.889684,0.5757516,0.002997162
can12,0.9601282,0.8574463,0.2433227,1.316426,0.7085901,0.03249549
can06,0.9096732,0.8747798,0.005031771,1.376529,0.8944562,0.005185081
can09,0.9099597,0.8111338,0.01731078,1.00148,0.9232494,0.02573782
can03,0.9073156,0.677098,0.05354974,0.5285576,0.5767379,0.00490319
can16,0.9368242,0.8492414,0.04214868,0.809719,0.7470741,0.00864783
can19,0.7004172,0.7732205,0.002400033,0.9940467,0.8768998,0.02089048
can12,0.9858371,0.8490552,0.2464912,0.9277242,0.7389215,0.03445166
can03,0.9308517,0.6760854,0.0510741,0.7549243,0.5649714,0.006084432
can16,0.9438556,0.8549855,0.04229155,0.8593305,0.711738,0.007105685
can06,0.9049478,0.9179787,0.006591917,1.513453,0.9543494,0.00462483
can19,0.7253924,0.7672039,0.002428548,0.8986642,0.8887425,0.02186903
can09,0.9411853,0.8013636,0.01550581,1.028739,0.9366177,0.02813953
can16,0.8588592,0.7682937,0.04347333,0.8021298,0.6637087,0.006049656
can03,0.9386235,0.6720599,0.04789364,0.7736747,0.5528843,0.006721277
can12,0.969699,0.836584,0.2442917,0.9234189,0.7169504,0.02932085
can06,0.8826789,0.870389,0.006673212,1.010543,0.93963,0.004502749
can19,0.8551586,0.8381548,0.003012888,1.104331,0.8874176,0.02178811
can09,0.9236391,0.8284138,0.01751883,1.153463,0.9144634,0.02786874
can16,0.9777429,0.8689788,0.04513237,1.142646,0.65861,0.003787641
can03,0.775522,0.6486124,0.04004054,0.8793643,0.5630895,0.007191731
can12,0.9865674,0.8541102,0.2437368,0.9641772,0.7394618,0.03379406
can06,0.9058896,0.8698118,0.004600457,1.263416,0.9705488,0.006409581
can19,0.8806739,0.8150325,0.004019754,1.084388,0.8936338,0.02378962
can16,0.9636515,0.8620704,0.04555712,0.9219791,0.7348227,0.005057569
can03,0.9279013,0.658317,0.04752389,0.3115006,0.6137446,0.008725796
can09,0.834103,0.8009323,0.01633415,1.095888,0.9274514,0.02458144
can12,0.9712544,0.8407192,0.2323424,0.8975953,0.7374852,0.03247036
can06,0.9309255,0.9160185,0.006216488,1.688831,0.9672094,0.006328388
can19,0.4889981,0.6799788,0.0009249204,1.131874,0.9078396,0.02232905
can16,0.8820862,0.848104,0.04621948,0.6627687,0.7717869,0.008225145
can03,0.5903726,0.6336573,0.03196808,0.8491807,0.5927657,0.008956438
can09,0.9168057,0.8181728,0.0164533,1.073853,0.9490336,0.02529422
can06,0.8947011,0.8445734,0.006608681,1.409844,0.8689858,0.004394312
can12,0.9711312,0.8372907,0.2338801,0.9584224,0.7152799,0.03337079
can16,0.9510863,0.8573772,0.04372279,0.807856,0.7670414,0.007300881
can19,0.7156315,0.7829378,0.002009323,1.201867,0.888802,0.02054956
can03,0.8942272,0.6627936,0.045116,1.859199,0.5002353,-0.001535795
can16,0.9803004,0.8600552,0.04241904,1.056472,0.6397091,0.004274541
can06,0.9379719,0.8952556,0.006659874,1.277987,NaN,0.005752171
can12,0.9067689,0.8459625,0.2291819,1.154319,0.730083,0.03140728
can09,0.9259778,0.8039254,0.01628591,1.029965,0.9390859,0.02754559
can19,0.7385959,0.7765459,0.001747341,1.099706,0.9113665,0.02269845
can03,0.7360427,0.6518993,0.04144538,0.796757,0.5538718,0.007042442
can16,0.9361858,0.8367862,0.04058756,0.9951916,0.6501191,0.00448416
can12,0.9796106,0.8509718,0.2435087,0.8765694,0.709942,0.03016961
can06,0.9108123,0.9015885,0.009717918,1.427631,0.9442718,0.005680659
can19,0.8454198,0.8068532,0.003293415,1.355464,0.8907285,0.02307376
can09,0.9463276,0.8178163,0.02001228,1.074414,0.9248492,0.02545097
can03,0.8522745,0.6606732,0.04058881,0.8184385,0.6330396,0.01157264
can16,0.971867,0.8540285,0.04506045,0.9677611,0.6467381,0.00556658
can12,0.9704042,0.8416086,0.2380456,0.8335887,0.7327784,0.03136928
can06,0.8528868,0.877569,0.006015234,1.310666,0.9570747,0.006261861
can19,0.6854575,0.8209218,0.002281652,1.125531,0.8865958,0.02226143
can03,0.5527277,0.6101067,0.0339489,1.04631,0.5349746,0.001803892
can16,0.96349,0.8544309,0.04066337,1.151345,0.6951685,0.007267349
can09,0.8560255,0.7853342,0.01360133,1.08745,0.9396428,0.02636162
can06,0.848751,0.8582191,0.005396368,1.641118,0.8747302,0.004671158
can12,0.9898902,0.8578168,0.2529725,0.9340619,0.7307419,0.03449391
can19,0.474591,0.7585281,0.00116393,1.075332,0.8908225,0.02270666
can16,0.9736217,0.8622859,0.04151833,1.191373,0.6588437,0.005995809
can03,0.8893881,0.6514047,0.04435879,0.5452032,0.5642106,0.006378964
can09,0.9394392,0.7860069,0.01587716,1.041622,0.9260629,0.02779019
can06,0.8107923,0.8470197,0.005598378,1.049538,0.9740129,0.00475953
can19,0.683888,0.8724305,0.002020721,1.402331,0.875746,0.02344018
can16,0.9635584,0.8443384,0.03985023,0.7628468,0.6828927,0.007795018
can12,0.8643429,0.8373424,0.2095515,1.370827,0.7385261,0.03598797
can03,0.732083,0.6492005,0.04230444,0.7316688,0.6080007,0.01067289
can09,0.9620461,0.805942,0.01879756,1.002892,0.9090608,0.02516002
can16,0.9732357,0.8692619,0.05357367,0.9701718,0.7437608,0.006059223
can06,0.9097179,0.8790932,0.006384432,1.462785,0.9664275,0.006145533
can19,0.8205315,0.818481,0.002555666,1.023811,0.9127722,0.02283116
can12,0.9129835,0.8403143,0.2300934,1.141154,0.7402715,0.03370003
can03,0.741071,0.6457235,0.04310024,0.9116773,0.5507212,0.003213495
can16,0.7196421,0.8099087,0.0347392,1.248866,0.7035667,0.005707901
can06,0.9395084,0.8999411,0.007231487,1.253116,0.9472412,0.005474872
can19,0.7309528,0.7982835,0.002920854,1.022173,0.8905841,0.02127093
can03,0.5423275,0.6326888,0.03945724,0.6708596,0.5497701,0.006593601
can09,0.8634794,0.8176167,0.01648255,1.001171,0.9222179,0.0238274
can12,0.9351408,0.8513077,0.2215775,1.225454,0.7040562,0.02965672
can16,0.965915,0.858099,0.04696136,0.9850266,0.6891235,0.005055753
can19,0.6238725,0.8063673,0.00189836,1.066689,0.8862368,0.01872792
can06,0.8981046,0.8616878,0.00674408,1.232679,0.9776906,0.006770217
can03,0.8979989,0.6704916,0.05040477,0.2893295,0.5316804,0.01025382
can12,0.9834616,0.8463292,0.245922,0.8499329,0.7289251,0.03389745
can09,0.9415388,0.7900897,0.0163943,1.060801,0.9416103,0.02714934
can16,0.962822,0.8443957,0.04221065,0.9780705,0.6806828,0.005639233
can03,0.945564,0.6690166,0.04809243,0.8483931,0.5293824,0.002961601
can19,0.7926569,0.7885424,0.001729622,1.124218,0.9037469,0.02223537
can06,0.9123075,0.86717,0.006536174,1.528298,0.9293521,0.005654896
can16,0.9574355,0.8538574,0.04632348,0.9086212,0.7281334,0.006383746
can12,0.9724451,0.8400009,0.2419286,0.9332827,0.7101732,0.02875275
can09,0.9278458,0.8103154,0.01682951,1.047407,0.9386302,0.02576144
can03,0.8689596,0.6737541,0.04859399,1.00287,0.563261,0.00637984
can19,0.7135361,0.771684,0.001956202,1.135707,0.9203383,0.02330981
can06,0.9140489,0.8953881,0.006103682,1.074006,0.9725313,0.00543576
can16,0.941858,0.8446716,0.04758617,0.979558,0.6378509,0.004480151
can12,0.9769918,0.8422682,0.2503428,0.8428345,0.7564516,0.035472
can09,0.9518164,0.805168,0.0148867,1.176703,0.8981939,0.0197109
can03,0.8687801,0.6436642,0.04495192,0.5199191,0.5562971,0.005444812
can16,0.9713385,0.8752319,0.04638041,0.9038793,0.6975237,0.004767068
can19,0.8182992,0.8123116,0.00264444,1.24987,0.8743202,0.02062815
can06,0.9432374,0.8911692,0.007832577,1.278365,0.9562337,0.006617044
can12,0.9251081,0.8446639,0.2213506,1.193479,0.725997,0.03122882
can03,0.8758559,0.6743554,0.05622911,0.804354,0.5625492,0.006419777
can16,0.9678701,0.843369,0.04319157,1.012799,0.7158697,0.005882173
can19,0.8496684,0.7983738,0.002885465,1.039259,0.9073297,0.0242231
can09,0.9634905,0.7769336,0.01540369,1.272016,0.9181078,0.02722389
can12,0.8742499,0.8308193,0.2149852,1.149746,0.7603392,0.03733464
can16,0.9886051,0.8475473,0.04494013,1.119452,0.7020568,0.005048366
can03,0.9480822,0.6684628,0.05356149,1.449253,0.5653935,0.008231064
can19,0.4871563,0.679716,0.001777329,0.8988364,0.8870176,0.01974823
can09,0.9444799,0.8071045,0.01730583,0.9914286,0.9106212,0.02310727
can16,0.9409941,0.8357573,0.04197074,1.038532,0.6909226,0.005839726
can12,0.9753899,0.8476984,0.2444278,0.9680101,0.7089152,0.02734728
can03,0.8656639,0.6576051,0.04628956,0.7882576,0.5591993,0.005393081
can19,0.4848874,0.8513715,0.001963305,1.164167,0.9121727,0.02571016
can16,0.9169894,0.8445722,0.0460237,0.8036691,0.6996706,0.004809073
can12,0.9892172,0.8437061,0.248415,0.8782869,0.7199508,0.033208
can03,0.8869892,0.671946,0.04627277,0.984883,0.591666,0.007511838
can06,0.9433158,0.8969157,0.007296461,1.193603,0.9365937,0.005890051
can09,0.9126454,0.7842106,0.01637727,1.078314,0.9439021,0.02738345
can19,0.5448238,0.6850582,0.001448899,1.119971,0.9180077,0.02569926
can16,0.9477449,0.8564608,0.04693053,0.8494858,0.6533486,0.006835834
can03,0.917876,0.6772545,0.05049365,1.295783,0.6038083,0.0101999
can12,0.9692221,0.8406705,0.2480299,0.8964263,0.725247,0.03347913
can06,0.9435084,0.8881303,0.006387164,0.866199,0.9844774,0.006164392
can09,0.9430197,0.8319038,0.01824741,1.156106,0.9186105,0.02546974
can19,0.3717521,0.6963243,0.001430945,0.9930678,0.8761332,0.02155864
can16,0.9214635,0.8403135,0.04525421,0.7424723,0.751115,0.007913263
can03,0.9300742,0.6587085,0.04477927,1.417375,0.5763093,0.007231712
can12,0.9333616,0.8491747,0.2283732,1.23289,0.736816,0.03232607
can06,0.9479185,0.9099874,0.006394741,1.540617,0.9385049,0.0052014
can16,0.9389745,0.8481068,0.04313745,1.009524,0.7059378,0.006295805
can19,0.59828,0.728957,0.001071512,1.281673,0.8747576,0.02221618
can09,0.9341372,0.8019467,0.01663949,1.184593,0.9394556,0.02527615
can03,0.8684638,0.6683278,0.04578317,0.9097105,0.5923613,0.00671683
can06,0.7899702,0.8457626,0.005650118,1.166724,0.9058136,0.004257959
can16,0.9629574,0.8514126,0.04104143,1.034544,0.6557841,0.00480949
can12,0.977831,0.8547264,0.2495263,0.9167303,0.7417486,0.03420427
can19,0.579422,0.8142047,0.002453168,1.028344,0.8902993,0.02079811
can03,0.9164986,0.6632298,0.04985895,0.7052739,0.5663697,0.003376051
can09,0.9379334,0.8279488,0.01655575,1.206245,0.9247245,0.02434039
can16,0.9560922,0.8340087,0.04425523,0.9656821,0.6713659,0.004348172
can06,0.890659,0.897746,0.007024147,1.450112,0.9781415,0.006872382
can12,0.7821943,0.8116845,0.2045709,1.287555,0.7470489,0.03358226
can19,0.8143009,0.8644573,0.003142125,1.137352,0.8892578,0.02095392
can03,0.6499958,0.6147038,0.0321939,0.725353,0.5860438,0.006035843
can16,0.9646742,0.8511265,0.04605854,1.001478,0.6986048,0.005307797
can09,0.9588919,0.8058587,0.01715292,1.119836,0.9257428,0.02530933
can06,0.9072635,0.8715291,0.006257451,1.654264,0.9396482,0.005458064
can12,0.9840076,0.8523158,0.2499608,0.9050605,0.7064313,0.0277183
can19,0.5621489,0.7433989,0.001677673,1.180427,0.9059867,0.02342007
can03,0.8703485,0.6626494,0.04617991,0.6090863,0.5793436,0.007202692
can16,0.992292,0.8607301,0.04597333,1.106993,0.5824639,0.00389355
can06,0.9050408,0.8909038,0.007096685,1.450536,0.9645145,0.006018149
can12,0.903197,0.8320818,0.2164351,1.183032,0.726585,0.03026873
can19,0.7734075,0.6823984,0.0009581678,1.035001,0.8945101,0.02166015
can09,0.9542139,0.8316565,0.01683539,1.104192,0.9177487,0.02206557
can16,0.9147682,0.8177786,0.04773049,0.9508701,0.6386349,0.003408067
can03,0.7095625,0.6292896,0.03545009,1.246827,0.5532534,0.006293535
can06,0.919387,0.9033269,0.005997367,1.180768,0.9467815,0.004756397
can12,0.9826766,0.8508113,0.25091,0.9344069,0.7401478,0.03249142
can16,0.9193439,0.8530136,0.04026119,1.026173,0.6827317,0.005995535
can19,0.8416695,0.7603178,0.003363335,1.119026,0.9017063,0.02167206
can03,0.9205045,0.6616178,0.0494002,1.043884,0.5504863,0.003095369
can09,0.8985327,0.8053898,0.01679194,1.226898,0.9134694,0.02459991
can16,0.9233444,0.8133203,0.04066391,0.7572299,0.6648198,0.00440343
can06,0.9406029,0.8963211,0.005909061,0.9932694,0.9810045,0.006217436
can19,0.9208364,0.7200188,0.001455084,1.182912,0.8559129,0.02130379
can12,0.9891614,0.8545437,0.2489051,0.9056543,0.7527949,0.03482877
can03,0.862784,0.652779,0.04865979,0.7704396,0.5674086,0.004258917
can16,0.9647531,0.8513378,0.04366551,1.151826,0.7103276,0.005758839
can09,0.8919376,0.7958892,0.01482731,1.2122,0.9189844,0.02460859
can19,0.8879866,0.745625,0.001810328,1.219946,0.8861665,0.02143217
can06,0.9268125,0.8966141,0.007141466,1.62986,0.9149385,0.0056051
can03,0.8610903,0.6657399,0.04643676,1.292719,0.5281736,0.00290698
can12,0.9845862,0.8543207,0.2557322,0.8477475,0.7402786,0.03584814
can17,0.977313,0.7927571,0.299639,1.016663,0.7168205,0.03318745
can03,0.9064256,0.6652041,0.05044061,0.8565495,0.6170569,0.01328133
can19,0.6708879,0.853199,0.003225767,1.304843,0.8946777,0.02415198
can09,0.9652399,0.8049318,0.01615453,1.067316,0.9350659,0.02709057
can06,0.9534061,0.8958743,0.004232475,1.286428,0.9728605,0.005597353
can12,0.9653766,0.8451597,0.2309061,1.41171,0.7380368,0.03510412
can17,0.979687,0.7895524,0.2935469,0.5739437,0.7288285,0.03305124
can03,0.8795627,0.6663256,0.04449691,1.415863,0.5486388,0.006546316
can19,0.6336481,0.7723494,0.002989838,1.140828,0.8795602,0.0207186
can06,0.8406423,0.8767668,0.006059099,1.40766,0.9435329,0.00577777
can09,0.9612745,0.8162858,0.01630684,1.048638,0.9236523,0.02455781
can12,0.9790122,0.843391,0.2494948,0.9296569,0.7057344,0.02872745
can17,0.9426079,0.793157,0.3030283,1.32044,0.7141982,0.03163109
can03,0.4912147,0.6407545,0.0378036,1.356816,0.5041852,0.002047213
can19,0.7892045,0.7298329,0.00204628,1.056668,0.8695181,0.02307014
can06,0.859828,0.879868,0.006799896,1.228367,0.9165968,0.005501838
can12,0.9209007,0.8359835,0.2287329,1.187818,0.7344189,0.0306466
can09,0.916099,0.8329865,0.01697072,1.065627,0.9487357,0.02703724
can17,0.9802826,0.8003652,0.3027794,0.8730398,0.7224832,0.03341804
can03,0.8402958,0.6703716,0.04539388,1.058147,0.566607,0.008426926
can06,0.9598433,0.9144285,0.005562229,1.529923,0.9699831,0.005483684
can19,0.8978361,0.7691403,0.002098093,0.8939725,0.9308382,0.02365667
can12,0.9816267,0.8487369,0.245541,0.922279,0.7471648,0.03411622
can17,0.9665442,0.7982519,0.3146471,1.150912,0.7027514,0.02954535
can03,0.7582205,0.6413657,0.04429814,0.610546,0.6184163,0.008909799
can09,0.9193506,0.8082252,0.01725437,1.226279,0.9160625,0.02460158
can06,0.9273273,0.8920909,0.008056093,1.84939,0.928563,0.004945445
can19,0.5445861,0.7652795,0.002615052,1.148521,0.8714027,0.02120503
can12,0.9802951,0.8466656,0.2488624,0.9215686,0.7368884,0.03436463
can17,0.9742172,0.7850447,0.3072752,0.9085886,0.7221523,0.03469227
can03,0.8057778,0.6535061,0.04974878,0.7990208,0.6407286,0.01037943
can06,0.946644,0.9020682,0.005785195,1.571243,0.9624835,0.006390103
can19,0.7019692,0.8497644,0.002400285,0.9585129,0.8940961,0.02107133
can09,0.9218608,0.8119213,0.01501599,1.065507,0.9278663,0.02514795
can12,0.9806256,0.8485228,0.2465473,0.9108178,0.7407241,0.03445473
can17,0.976436,0.7904035,0.2911067,0.9969442,0.7383672,0.03779779
can03,0.7881405,0.6600957,0.04391637,1.292328,0.492571,-0.002310017
can19,0.8337776,0.7384832,0.002145986,1.034272,0.8976819,0.02400092
can06,0.9112436,0.8751433,0.006554715,0.9502144,0.9819036,0.005790919
can09,0.8739831,0.7964828,0.0169179,0.9517033,0.9266257,0.02375725
can12,0.9066633,0.8538752,0.2224287,1.22303,0.7225997,0.03022979
can03,0.7864443,0.6512089,0.04461493,1.129359,0.5583811,0.004035935
can17,0.9673452,0.7990607,0.2978378,1.045669,0.7170663,0.0363723
can19,0.7505295,0.7566223,0.002464887,0.842352,0.8895464,0.02144992
can06,0.8314628,0.8396402,0.005086693,1.239531,0.9387888,0.005847153
can09,0.9794246,0.8035163,0.01695473,0.9810349,0.9293427,0.02457491
can13,0.8169437,0.6995848,0.05187576,0.4548222,0.7652611,0.005383229
can03,0.8410417,0.6517295,0.04303543,1.070118,0.5224232,0.001800563
can17,0.9901484,0.801634,0.3047952,0.5762141,0.7053083,0.032121
can19,0.7790092,0.6927015,0.001317718,1.226634,0.894063,0.02169373
can06,0.9540528,0.8975801,0.006196793,1.910376,0.9264638,0.005377556
can13,0.6713082,0.6695876,0.05281555,0.39747,0.6393461,0.003038051
can04,0.9819416,0.8274505,0.1164922,0.7629792,0.7999548,0.006583167
can17,0.9848976,0.7965842,0.308504,0.9998136,0.7123493,0.03437058
can09,0.9314965,0.8083824,0.01637413,1.089457,0.9474777,0.03002953
can19,0.7777707,0.7499671,0.002138912,1.032502,0.9091792,0.02258215
can13,0.5605181,0.6707718,0.05529202,0.2899901,0.7521017,0.004182707
can06,0.9026309,0.8902252,0.006799698,1.08441,0.9685644,0.006371398
can04,0.9702135,0.8405643,0.1217762,0.8242112,0.8128281,0.00578038
can17,0.9768295,0.8036124,0.300592,0.8087076,0.7177348,0.03386363
can19,0.5427295,0.7735551,0.001669921,1.043654,0.8938265,0.02210255
can09,0.9344955,0.8150169,0.01646379,0.9656832,0.9297709,0.02565954
can13,0.6409179,0.6729239,0.04399092,0.9174895,0.6605503,0.003191389
can06,0.9213299,0.8930418,0.006327114,1.369796,0.9688049,0.005991216
can04,0.8239429,0.8179396,0.1013057,1.243201,0.7835474,0.006000532
can17,0.9905317,0.7972061,0.2913519,0.8383736,0.6895553,0.0293077
can19,0.7213012,0.766383,0.0020061,0.9716931,0.9117447,0.02101627
can13,0.7094689,0.685375,0.0500245,0.4349105,0.7273274,0.003769403
can09,0.9161166,0.7885887,0.01621765,1.025306,0.9412657,0.02729378
can07,0.9584401,0.7288831,0.02983716,1.006444,0.9341189,0.04811824
can04,0.9753495,0.8486794,0.1188531,0.7230516,0.8643904,0.008111994
can17,0.9661021,0.7949032,0.3198285,1.383849,0.6890384,0.02884512
can20,0.9900872,0.8153573,0.1157687,1.001827,0.7959031,0.05146272
can13,0.8203425,0.7121359,0.05423165,0.5385513,0.7217122,0.003246233
can04,0.9587677,0.8246425,0.1213843,0.7363358,0.8059096,0.007061674
can07,0.9836696,0.7091313,0.02924914,1.033695,0.9457868,0.04196381
can09,0.918571,0.7655062,0.01423748,0.9736545,0.9266593,0.02425599
can13,0.7888876,0.6818753,0.04953314,0.511249,0.7560517,0.004036412
can17,0.985568,0.8028776,0.2938956,1.006727,0.6972401,0.03410529
can20,0.9744228,0.8066768,0.1038899,1.10773,0.8043616,0.05129316
can04,0.9688158,0.8183798,0.1201717,0.6329508,0.7646433,0.004573411
can13,0.7738922,0.6921328,0.0517995,0.4659586,0.7159743,0.003755236
can17,0.9823008,0.7911289,0.2973443,0.5738138,0.7070099,0.02993294
can07,0.9807466,0.7226657,0.02694677,0.9919252,0.9463058,0.0470553
can20,0.9715435,0.8175007,0.1010929,1.248218,0.7927924,0.05097946
can09,0.9425981,0.7980134,0.01828768,1.1326,0.9393334,0.02978574
can04,0.8650806,0.8188671,0.109077,1.327167,0.6881703,0.004468575
can13,0.7292385,0.6882503,0.0503063,0.4239101,0.6599893,0.003873767
can17,0.9478147,0.7889774,0.30489,1.165586,0.7241116,0.03676047
can20,0.9830472,0.8062842,0.1067075,0.9645577,0.8098011,0.05472873
can07,0.9780341,0.7115192,0.02757137,1.053918,0.9419535,0.04455385
can04,0.9397349,0.806655,0.114967,0.658343,0.7930631,0.006555765
can13,0.8423931,0.7029218,0.05271418,0.507325,0.7506284,0.004993156
can09,0.9682861,0.7883039,0.01512407,1.014554,0.9473756,0.02621126
can17,0.9775505,0.7955472,0.3101985,0.9497067,0.734222,0.03689272
can20,0.9820507,0.8099602,0.1059704,1.208609,0.7865781,0.05308819
can04,0.9727643,0.8145637,0.1128974,0.7300274,0.8334275,0.007194832
can07,0.958643,0.7051315,0.02538507,0.9534156,0.9459446,0.04387309
can13,0.7994333,0.6949212,0.05519388,0.4675798,0.7234222,0.003961512
can10,0.9369617,0.7764962,0.129688,1.150412,0.9556908,0.05397062
can17,0.9877431,0.7976484,0.298931,0.8132418,0.7297818,0.03498414
can20,0.9644583,0.8149185,0.1085686,1.226697,0.7914976,0.05094018
can04,0.9682248,0.8268524,0.1192783,0.7215422,0.8484423,0.007496754
can13,0.8951133,0.7172755,0.05564493,0.5677175,0.7257955,0.004649325
can07,0.964333,0.7298952,0.03041088,1.086691,0.9397151,0.04513547
can10,0.9707098,0.7651872,0.1333071,1.025026,0.9614287,0.05327787
can17,0.9880577,0.7934043,0.2967047,0.9576873,0.7100389,0.03319062
can13,0.6229004,0.6625392,0.04637296,0.3136463,0.6433549,0.004413717
can04,0.9667835,0.8389459,0.1254678,0.7717531,0.8091538,0.006305665
can20,0.9557128,0.8092122,0.1104442,0.679321,0.7890127,0.05057973
can07,0.9494299,0.7142484,0.02777295,0.9682248,0.9448063,0.04311653
can10,0.9279705,0.7953481,0.1279015,1.18568,0.9601183,0.05240664
can17,0.9642905,0.7911012,0.2990231,1.006946,0.7279211,0.03613484
can13,0.5085569,0.6449655,0.0423685,0.5136374,0.5979273,0.001463164
can04,0.9749644,0.8355253,0.1214988,0.7831412,0.7719838,0.005367348
can20,0.9757584,0.8068237,0.1085777,1.131455,0.7961366,0.05343302
can07,0.934518,0.7079607,0.02608424,1.103346,0.9394468,0.04149215
can10,0.9597788,0.7637872,0.1256393,0.8069661,0.9748521,0.05840262
can13,0.6299965,0.6850885,0.04554493,0.372151,0.6535697,0.002390738
can17,0.9792315,0.7982483,0.314765,1.099662,0.7085661,0.03151302
can04,0.980528,0.8247377,0.1196622,0.6961038,0.82153,0.007061854
can20,0.982927,0.8068809,0.1119122,1.086181,0.7663571,0.0491494
can07,0.9719984,0.7214564,0.0278557,1.066167,0.9355324,0.04214556
can13,0.8193526,0.7121346,0.05874775,0.4271161,0.6423115,0.00208475
can04,0.9772482,0.8264587,0.1272172,0.708413,0.8059264,0.006955533
can17,0.9446855,0.7939413,0.3162594,1.26041,0.6980848,0.03501773
can10,0.9647837,0.783956,0.1332276,1.074464,0.9596077,0.05710591
can20,0.9607461,0.8110602,0.1136217,1.187698,0.7872843,0.0488996
can13,0.6417406,0.6922783,0.05267691,1.280332,0.582326,0.001349523
can04,0.9620748,0.809326,0.1204323,0.6263308,0.8434601,0.008238432
can07,0.9710281,0.7174975,0.02663501,1.011762,0.9414235,0.04341382
can17,0.9910417,0.8020642,0.3101861,0.8173037,0.7073134,0.03214428
can10,0.9833988,0.7787783,0.1265435,1.01742,0.9602032,0.05092423
can20,0.9602274,0.7999771,0.1081344,1.183881,0.7945683,0.05078475
can13,0.5508162,0.6576267,0.04686179,0.36462,0.7541428,0.005578535
can04,0.9688009,0.8314423,0.1167351,0.8022151,0.7464552,0.005268962
can07,0.9654206,0.709211,0.0293769,1.18859,0.9242808,0.04156396
can17,0.9557825,0.8005356,0.3193275,1.15791,0.7162339,0.03542179
can20,0.9464683,0.7972151,0.110008,1.237525,0.8019511,0.05228951
can10,0.9476108,0.7826994,0.1349298,1.076333,0.9635388,0.05113269
can13,0.8577851,0.7185294,0.06132182,0.4839424,0.7014158,0.004152455
can04,0.6304184,0.7460077,0.0877151,0.9626523,0.7886212,0.005963837
can07,0.9082384,0.6830618,0.02274929,1.078253,0.9224775,0.04000825
can17,0.9688561,0.7910523,0.3015881,1.101719,0.7134565,0.03573137
can20,0.9773354,0.7962391,0.1093256,0.87477,0.7796225,0.05091173
can13,0.8063702,0.7373842,0.06028285,0.4301689,0.7667248,0.004393688
can10,0.9572614,0.7778608,0.1264325,1.00878,0.9640194,0.05359008
can04,0.9807578,0.8306557,0.1258158,0.7417563,0.7886807,0.007334284
can17,0.9746786,0.7913544,0.2904567,1.011141,0.6972755,0.03123131
can07,0.8737022,0.6864213,0.02502816,0.9442194,0.9371318,0.03922484
can13,0.5589303,0.666595,0.04386575,0.7372662,0.6415206,0.002591377
can20,0.9842732,0.8073026,0.1071485,0.8949216,0.7815951,0.05166381
can04,0.8330448,0.8119104,0.09878067,1.179222,0.8294075,0.006298687
can10,0.9715961,0.786798,0.1278834,1.139305,0.9572876,0.05401575
can17,0.8739487,0.7916354,0.3009831,1.507554,0.7073014,0.0348071
can13,0.8529444,0.7111979,0.05785393,0.4706089,0.7408138,0.004146455
can20,0.9924623,0.8106923,0.1125284,0.8530439,0.80609,0.05686146
can07,0.9725507,0.7212764,0.02919816,1.065667,0.9361385,0.04607963
can04,0.9696524,0.8263748,0.1160702,0.6610834,0.7994383,0.005951383
can10,0.9537977,0.7749891,0.1290464,1.157549,0.9589854,0.05460796
can13,0.4763501,0.6251105,0.03340574,0.5257542,0.6283069,0.003075613
can17,0.9515086,0.791878,0.3098539,1.070919,0.7219896,0.03271222
can20,0.9865893,0.806695,0.1045209,1.022784,0.7887031,0.04929272
can07,0.9656472,0.7180664,0.03049641,0.965102,0.9478932,0.04883282
can04,0.6336024,0.7806155,0.09128264,1.164678,0.7817838,0.005431215
can10,0.9745956,0.774425,0.1285662,1.006486,0.9655856,0.0532871
can13,0.5578477,0.6488145,0.03329703,0.9893416,0.6083195,0.002526378
can17,0.9875868,0.7922308,0.2893043,0.8669147,0.7141237,0.03478116
can20,0.9784114,0.8060813,0.1090921,0.9918814,0.7930582,0.05297289
can04,0.9802712,0.82472,0.1200333,0.6619243,0.870478,0.007762658
can07,0.9461081,0.7163421,0.02852534,0.9980622,0.9393732,0.04560477
can13,0.8827135,0.7070173,0.05700485,0.4114398,0.7059723,0.004235459
can10,0.9869005,0.7758472,0.1340045,0.9701061,0.9660878,0.05301548
can17,0.982234,0.7946099,0.2935481,0.9619087,0.7312267,0.03357623
can20,0.9846902,0.8024017,0.1069532,1.076557,0.7658265,0.05016654
can04,0.9389331,0.8197877,0.102308,0.6559609,0.8095906,0.00538827
can13,0.7808783,0.7094303,0.04756483,0.4588131,0.5950457,0.002984914
can07,0.9589153,0.7028337,0.02859784,0.9800002,0.9476501,0.04368277
can10,0.9582561,0.7831938,0.1372807,0.9603441,0.9685226,0.05574984
can17,0.9462814,0.7992937,0.3113998,1.443752,0.7020797,0.03488075
can20,0.9833081,0.8203544,0.110509,1.094145,0.8007587,0.05281413
can04,0.9917201,0.8452062,0.1257678,0.7513024,0.7769319,0.005358109
can13,0.5272352,0.6351922,0.04077156,0.8911311,0.7026918,0.004634259
can07,0.9278077,0.7308128,0.02981606,0.9634541,0.9329212,0.04104134
can10,0.9543501,0.7760695,0.1321425,1.117672,0.9608262,0.05145626
can17,0.9769241,0.7845871,0.3119964,0.7838876,0.7057979,0.03327602
can13,0.2339109,0.5925289,0.01301574,0.440707,0.6496617,0.004274948
can04,0.9785662,0.8200394,0.1168446,0.6840251,0.8184024,0.006215994
can20,0.9791589,0.8161646,0.1121065,0.9097734,0.8074085,0.05707231
can07,0.9661578,0.7061956,0.02757761,1.016004,0.933367,0.04048574
can17,0.9384269,0.7898922,0.3020387,1.503141,0.7017003,0.03178483
can13,0.5158925,0.6492247,0.039553,0.7872002,0.6400782,0.002560318
can10,0.9622026,0.7794059,0.1240267,1.013908,0.9649168,0.05490176
can04,0.9691488,0.8226593,0.1202817,0.7377992,0.765771,0.006512541
can20,0.956898,0.8192515,0.1124819,1.048532,0.7874404,0.04985303
can07,0.9727488,0.7144791,0.02558822,1.044606,0.9428615,0.04808987
can13,0.7636503,0.7051552,0.05349639,0.4385859,0.6988296,0.004102462
can17,0.982152,0.7952907,0.310404,0.840953,0.726527,0.03463041
can04,0.9720468,0.8234476,0.1242541,0.734937,0.7611097,0.0062293
can10,0.9676899,0.7757492,0.1236907,1.062051,0.9645753,0.05212587
can20,0.954652,0.8044327,0.1171032,1.113816,0.794841,0.05122026
can13,0.6413047,0.6680397,0.05113397,0.3901858,0.751699,0.005156842
can07,0.9623364,0.7179678,0.02832099,1.009067,0.9344536,0.04408723
can04,0.972838,0.8277217,0.1154325,0.6535678,0.8449539,0.007274235
can17,0.9755433,0.7935111,0.2966504,1.104356,0.7063729,0.03285768
can20,0.9789736,0.809584,0.1111549,1.174713,0.7859135,0.04886036
can10,0.9397148,0.7812965,0.1328468,1.092344,0.9579172,0.06788494
can13,0.8364636,0.7158848,0.05477091,0.4850391,0.7661039,0.004591325
can04,0.96527,0.8233203,0.1249525,0.6940831,0.8225435,0.006987459
can17,0.9720945,0.7942089,0.2886956,0.8197428,0.707177,0.03108018
can07,0.9608505,0.7301428,0.02960563,0.9633889,0.9419154,0.04814248
can20,0.9814627,0.8147718,0.110077,1.057571,0.7967261,0.05214986
can10,0.9721766,0.7917253,0.1441521,1.093555,0.9622053,0.05194903
can13,0.7453324,0.6905746,0.05074584,0.4321601,0.738831,0.004870721
can04,0.980996,0.8364784,0.1241793,0.7718641,0.8452425,0.007686278
can17,0.9728004,0.8004282,0.3199023,1.22335,0.7162032,0.03319639
can07,0.9316577,0.7104285,0.02559837,0.9002729,0.9400078,0.04480256
can20,0.9608588,0.8032716,0.1075162,0.8339642,0.785093,0.05465702
can13,0.7219516,0.705819,0.048517,0.3591916,0.7369427,0.004018784
can10,0.9845844,0.7742689,0.1228864,1.094299,0.959981,0.05595143
can04,0.8525626,0.8112653,0.1043129,1.055516,0.8517354,0.00712219
can17,0.9692213,0.7826578,0.2844649,0.8234252,0.696971,0.02906196
can20,0.9905228,0.8079571,0.1140065,1.047026,0.7836522,0.05124581
can13,0.610677,0.6619725,0.04274093,0.7589297,0.6416292,0.002412429
can07,0.9468129,0.7241704,0.02881106,0.8708542,0.9450911,0.04614147
can04,0.9629736,0.8391941,0.1220353,0.7384468,0.8210053,0.00619835
can10,0.9682085,0.7841742,0.1285056,1.119801,0.9583329,0.05166002
can17,0.9895062,0.7953694,0.2975397,0.8380705,0.6825151,0.03211858
can13,0.5987983,0.7057663,0.04531948,0.3248774,0.5748861,0.001384123
can20,0.9745748,0.8074503,0.1079183,1.080323,0.790818,0.05456145
can07,0.9668606,0.733228,0.0305203,1.09314,0.9268675,0.04740859
can04,0.9728751,0.8191478,0.1238253,0.6826927,0.8577062,0.007241967
can17,0.9716834,0.7953084,0.3159287,1.131921,0.7097679,0.03636331
can13,0.8417488,0.7048433,0.05649124,0.5552575,0.718849,0.004270537
can10,0.8742495,0.7712302,0.1226991,1.188916,0.9601916,0.05637946
can20,0.9870943,0.8098267,0.1080505,1.010009,0.7978697,0.05612447
can07,0.9318822,0.716476,0.02560676,0.9712524,0.937335,0.04445609
can04,0.9774244,0.826798,0.1174235,0.7565425,0.8008331,0.006474053
can13,0.1849054,0.5608434,0.02051954,0.1761982,0.7010255,0.004220602
can17,0.9435127,0.7846605,0.3009298,1.091185,0.7161078,0.03338975
can10,0.9648903,0.7747362,0.1378245,0.8863372,0.9680196,0.05533611
can20,0.9546664,0.7957266,0.1043423,1.138412,0.7987182,0.05446285
can04,0.9754779,0.8319305,0.1213608,0.7397163,0.7792546,0.004581352
can07,0.9688526,0.7333336,0.02938413,0.9719622,0.9435986,0.0443291
can13,0.8122234,0.6965299,0.05008101,0.4665789,0.6258621,0.001893064
can17,0.9835655,0.8022696,0.3142564,1.12267,0.7010612,0.02932639
can10,0.9653243,0.7786299,0.1338296,1.093113,0.9552064,0.05753844
can20,0.9865508,0.8033291,0.1084572,1.011364,0.8064251,0.06086069
can04,0.9730294,0.8202685,0.1212584,0.6752003,0.8080614,0.006162078
can13,0.833993,0.7077391,0.05110888,0.5065663,0.7264281,0.004264849
can07,0.9404054,0.728219,0.02405331,1.005507,0.9418,0.04506755
can17,0.9887064,0.7992297,0.3116597,0.9939182,0.713467,0.03659709
can10,0.9369722,0.7779089,0.1280106,1.012052,0.9597379,0.05447596
can04,0.9412933,0.8182379,0.1192162,0.6709928,0.8445228,0.006483114
can20,0.9633583,0.8066383,0.1091983,1.089662,0.795859,0.05321031
can13,0.6253919,0.6756073,0.0479228,0.3414785,0.6124581,0.001409937
can17,0.9482902,0.7834806,0.293205,1.255104,0.7077876,0.03330863
can07,0.9679352,0.741087,0.02872364,0.9099373,0.9503544,0.04542644
can10,0.9529021,0.777559,0.1279643,1.098854,0.9676443,0.05339332
can13,0.8058866,0.6910171,0.04781354,0.4405615,0.6136276,0.001530328
can04,0.9638614,0.8160513,0.1137734,0.7298128,0.7828235,0.006985961
can20,0.9814292,0.8199948,0.1102395,0.9902099,0.809849,0.05652952
can17,0.9552307,0.7880838,0.298745,1.140221,0.6893538,0.0278325
can07,0.9398009,0.7089809,0.03020104,0.9991779,0.936672,0.04749433
can13,0.7391887,0.7141752,0.05273131,0.3693029,0.7149481,0.005281415
can04,0.9898489,0.8378428,0.1244457,0.7563372,0.8068158,0.005107483
can20,0.9863559,0.8110974,0.1052325,0.9654893,0.7836106,0.05169377
can10,0.9771806,0.7757657,0.1321948,1.032306,0.9584609,0.05311761
can17,0.9855808,0.7910539,0.3132815,0.9702545,0.6997712,0.03308182
can13,0.9009656,0.7476723,0.0610944,0.4694913,0.688099,0.004077868
can07,0.9529843,0.7086631,0.02937473,1.001036,0.9426085,0.04388961
can04,0.973147,0.8277799,0.1256228,0.6976651,0.8356019,0.007894919
can20,0.9853089,0.8150446,0.107621,1.327103,0.7873897,0.05146763
can10,0.9416032,0.7809208,0.1294189,1.159394,0.961925,0.05898519
can17,0.9702306,0.7832685,0.288731,0.563029,0.713224,0.03465916
can13,0.8501177,0.7090281,0.05631018,0.4337357,0.6923163,0.004707423
can07,0.9642293,0.7159248,0.02783525,1.128043,0.937761,0.04309205
can04,0.9598071,0.8349621,0.120817,0.7386467,0.7945869,0.00770102
can20,0.9701249,0.8027584,0.1152873,1.168611,0.7821472,0.0528449
can13,0.7602271,0.6818551,0.0453824,0.4864635,0.7029821,0.002875674
can10,0.9761238,0.7789863,0.1298036,1.162403,0.9529959,0.05290177
can17,0.9825249,0.8002619,0.3187277,0.9793328,0.7266181,0.03279673
can04,0.9604727,0.8142793,0.1203739,0.6734809,0.8589863,0.008698895
can07,0.9566681,0.6992462,0.02507907,1.077312,0.9451618,0.04402802
can20,0.9913083,0.8052714,0.1067987,1.022671,0.7895326,0.05019444
can13,0.2358252,0.5819488,0.009729489,0.7826432,0.5609776,0.001466157
can17,0.9834911,0.80319,0.2992684,0.584653,0.723824,0.03601203
can10,0.95048,0.7771866,0.121983,1.164312,0.9493913,0.05519362
can04,0.8380656,0.824663,0.1015883,1.140996,0.865291,0.007744349
can20,0.9863877,0.8027186,0.1076494,1.005732,0.7993142,0.04994331
can07,0.9509539,0.7013734,0.02785701,0.9988455,0.9392712,0.04219886
can13,0.6132572,0.6644218,0.04815501,0.3047136,0.6043364,0.002301329
can17,0.9693183,0.7882111,0.3053544,0.9449527,0.7214052,0.03318555
can10,0.980363,0.7823583,0.1314798,0.9700759,0.9624682,0.04867686
can04,0.7535624,0.8059607,0.100114,1.092248,0.7885054,0.005595461
can13,0.8177466,0.7172227,0.05373608,0.5208358,0.6934216,0.002758996
can20,0.9648419,0.8208214,0.1057289,1.185882,0.7857971,0.05227933
can07,0.9740435,0.7010698,0.02733887,1.096023,0.9337768,0.04515362
can04,0.9799903,0.8355233,0.118545,0.7621086,0.823535,0.00666458
can13,0.6143847,0.6732731,0.04556941,0.3612676,NaN,0.003029975
can10,0.9488429,0.7739432,0.123339,1.121877,0.9633792,0.05141185
can20,0.9834717,0.817563,0.1112709,1.137133,0.7954892,0.05174277
can07,0.9568576,0.710308,0.02820813,1.123035,0.9317752,0.04212968
can04,0.9821756,0.8352967,0.1204952,0.6889944,0.8837569,0.007722759
can10,0.9384654,0.7855538,0.1360049,1.039683,0.9692284,0.05043071
can20,0.9673428,0.8191593,0.102838,0.6512738,0.7981206,0.05244346
can07,0.9817378,0.7126719,0.02816809,1.004472,0.9387911,0.04356705
can04,0.8387132,0.8080309,0.09808048,1.082041,0.7992497,0.007047921
can20,0.9790523,0.8022059,0.1148902,0.9148559,0.7950092,0.05455347
can10,0.9739,0.773316,0.1312406,1.004179,0.9599997,0.07057594
can07,0.9590251,0.7192005,0.02528191,1.151785,0.9368075,0.04085919
can04,0.9793416,0.834762,0.1273277,0.7437226,0.8193797,0.007392836
can20,0.990282,0.8130532,0.1106668,0.8736903,0.7962148,0.05522153
can10,0.9631122,0.7901903,0.1339629,0.9700866,0.9691604,0.059023
can04,0.9650636,0.8222081,0.1231768,0.6333524,0.8713398,0.008192572
can07,0.9902037,0.7350493,0.02985985,0.9936385,0.9316535,0.04249575
can20,0.9788628,0.8183313,0.1130042,1.088905,0.8107545,0.05388352
can10,0.9236345,0.7760865,0.1239238,1.049666,0.9691369,0.0520513
can04,0.9686691,0.8210593,0.1180183,0.6608143,0.8410228,0.007922447
can07,0.9682527,0.7238472,0.02605072,1.012255,0.9373886,0.04151567
can20,0.9717267,0.8027212,0.1055873,1.118453,0.7829017,0.0528758
can10,0.9604226,0.7720384,0.1258609,1.110522,0.9592643,0.05344711
can07,0.963587,0.7106277,0.02749453,0.9451251,0.9411716,0.04323919
can20,0.988385,0.8091708,0.1049391,0.9788581,0.7794303,0.0518313
can10,0.9551193,0.7766645,0.1219284,1.099788,0.9587148,0.05152565
can07,0.9667609,0.708021,0.02424566,0.9810417,0.9415098,0.04249647
can20,0.9578576,0.8092109,0.1091884,1.13914,0.7979826,0.05393041
can10,0.9455544,0.7693012,0.130761,1.079685,0.9612213,0.05438006
can07,0.9742338,0.7348061,0.02847849,1.04963,0.933264,0.04250403
can20,0.9565844,0.8149096,0.1127218,1.399571,0.7777662,0.05182176
can10,0.9699474,0.7818651,0.1325236,0.9917839,0.96721,0.0564017
can20,0.9477152,0.8006638,0.1117379,1.38425,0.7700878,0.04575279
can07,0.9506191,0.7053798,0.02771529,1.008453,0.9378541,0.0442735
can10,0.9754002,0.7828798,0.1393299,0.9678257,0.9652056,0.04994619
can20,0.9860648,0.8194824,0.1048531,0.9774181,0.7830291,0.05214798
can07,0.958643,0.7206861,0.02912183,1.046574,0.9355147,0.04291287
can10,0.9378413,0.7695505,0.1275341,1.041525,0.9634228,0.05666589
can20,0.9453146,0.8113105,0.09960459,0.6858237,0.7970411,0.05071516
can07,0.9123144,0.7274749,0.02910434,0.950002,0.9404511,0.04422059
can10,0.9589317,0.7798206,0.1198232,1.141685,0.9635094,0.05427877
can07,0.9691832,0.7399103,0.03121604,1.198277,0.9199022,0.04305928
can10,0.958369,0.7776472,0.1330423,1.023851,0.9615179,0.05825623
can07,0.9771781,0.7108353,0.02893293,1.007127,0.9302124,0.04389608
can10,0.956331,0.7894066,0.128166,1.198856,0.9585716,0.04866066
can07,0.9527467,0.7222228,0.02704813,1.059558,0.9282351,0.04350707
can10,0.9519911,0.7649809,0.1178721,1.146547,0.9609082,0.05485247
can07,0.9429942,0.7287282,0.02922203,0.9186613,0.9399441,0.04451255
can10,0.9706414,0.779663,0.1285634,1.065179,0.9621682,0.05493074
can10,0.9523847,0.7709255,0.1274356,1.085155,0.959201,0.05446804
can10,0.9263279,0.7853944,0.1217587,1.177837,0.9632674,0.04898704
can10,0.9666709,0.7698322,0.1281391,1.065383,0.9619626,0.05636581
can10,0.9162279,0.7815343,0.1280719,0.9839273,0.9684917,0.04669217
nz17,0.9853546,0.8314948,0.416062,0.9644286,0.8458846,0.01488209
nz26,0.9261691,0.917401,0.02081378,0.998146,0.9021759,0.003401652
nz01,0.798534,0.986159,0.006770912,1.560602,0.9587249,0.003974983
nz45,0.9776099,0.9144434,0.0263945,0.7561419,0.868199,0.004212473
nz36,0.8178807,0.6254254,0.1721793,0.9296751,0.6100329,0.009710698
nz08,0.9729569,0.8240475,0.1413451,1.190283,0.9473296,0.02366523
nz18,0.9446843,0.9555258,0.04801495,1.15771,0.8942078,0.006744424
nz26,0.9249143,0.9161977,0.02375559,0.9616942,0.8612591,0.002969302
nz45,0.9337622,0.9161084,0.02707965,1.103432,0.8280596,0.003195708
nz01,0.6642183,0.987073,0.00572909,1.541157,0.9588618,0.004324541
nz36,0.8845239,0.6217769,0.1686219,0.8239459,0.6115743,0.01142438
nz09,0.7535254,0.7652927,0.014709,0.5490854,0.9243394,0.007137145
nz18,0.9462986,0.9580696,0.04846439,1.340338,0.8610487,0.006709773
nz26,0.9594416,0.9056748,0.0222775,0.9035747,0.9154729,0.003772076
nz45,0.978428,0.9066258,0.02550366,0.8473236,0.7652579,0.003743648
nz01,0.7874977,0.9878197,0.006788381,2.137823,0.904999,0.00374097
nz36,0.9264527,0.626958,0.1689517,0.8894179,0.6229345,0.01118103
nz09,0.6299967,0.7057834,0.01178916,0.4515238,0.9334598,0.007067949
nz18,0.9633346,0.9563792,0.0527267,1.123329,0.9320161,0.007643818
nz26,0.6016876,0.8897171,0.02003131,1.392818,0.8670911,0.002919114
nz45,0.9620096,0.9204369,0.02905679,1.032009,0.8130363,0.002875486
nz01,0.7057762,0.9827205,0.007245286,1.468421,0.9520815,0.004522081
nz36,0.959807,0.6330946,0.1813404,0.7382065,0.6515218,0.01628441
nz09,0.5428578,0.707044,0.0102801,0.2857512,0.9602575,0.007827379
nz18,0.9058769,0.9584701,0.04581945,1.242534,0.8538334,0.006392527
nz26,0.9529795,0.9048634,0.02379724,0.860071,0.9088525,0.003526421
nz01,0.7466204,0.9849359,0.006448728,2.371567,0.9333731,0.004513704
nz45,0.9436772,0.906434,0.02806314,0.8818359,0.8920574,0.003555229
nz36,0.7637078,0.6092616,0.1368442,0.9231244,0.5630236,0.006597256
nz09,0.8646148,0.7588276,0.0149309,0.9155248,0.8732145,0.006100736
nz26,0.9815464,0.9271004,0.02135657,0.9138432,0.905066,0.003497292
nz18,0.9127223,0.9503051,0.052528,0.9826121,0.8507573,0.006980001
nz45,0.989182,0.916804,0.02660128,1.023986,NaN,0.003777711
nz01,0.7628849,0.9673565,0.006947947,1.542406,0.9152682,0.003362696
nz36,0.9277319,0.6296569,0.1664233,1.11198,0.5939997,0.01181831
nz09,0.5689593,0.7009521,0.01042861,0.3458818,0.8888076,0.006248369
nz18,0.8943977,0.9471545,0.04719443,1.099497,0.8842452,0.007213685
nz26,0.9400632,0.9252661,0.02343237,1.04386,0.8824561,0.003668091
nz45,0.7676273,0.8687552,0.02832879,1.094477,0.8687435,0.004241188
nz01,0.7561001,0.9881558,0.006256457,1.775088,0.9400783,0.004468541
nz36,0.9377611,0.6292955,0.1791667,1.133972,0.5750896,0.007244417
nz09,0.8410736,0.7992546,0.0155154,0.899513,0.8960918,0.007142075
nz18,0.7895711,0.9551586,0.0527969,1.125927,0.897499,0.007826678
nz26,0.7662901,0.9003592,0.02353025,0.7829304,0.9318372,0.003344953
nz45,0.9839777,0.915979,0.02674082,1.042193,0.8008049,0.003555353
nz01,0.723678,0.9677558,0.00737185,1.753595,0.9541301,0.004232217
nz36,0.7839841,0.611519,0.1507397,0.7854892,0.6059067,0.01031112
nz09,0.7219001,0.7563641,0.01381649,0.7968462,0.8497364,0.004883079
nz18,0.9744264,0.9591273,0.0503634,1.077402,0.9035506,0.007663208
nz26,0.9474082,0.9070594,0.0243385,0.9167589,0.9356804,0.003507103
nz45,0.9848836,0.9221841,0.02896985,1.431034,0.7747661,0.003819476
nz01,0.7496986,0.9852912,0.006238791,1.93525,0.9430211,0.004374376
nz36,0.9492228,0.6353508,0.1858125,0.893263,0.6214257,0.0132109
nz09,0.8024477,0.7822109,0.01790823,0.6116965,0.9436441,0.008457869
nz26,0.9099781,0.8972402,0.02204621,1.365819,0.8792252,0.003422488
nz18,0.9605373,0.9584627,0.0458911,0.9806872,0.9204583,0.007346483
nz45,0.9801619,0.9134143,0.02672438,1.113494,0.7658556,0.003208023
nz01,0.6572654,0.9533992,0.006806063,1.768719,0.9317175,0.003775583
nz36,0.8539579,0.6208397,0.1623469,0.8949037,0.639407,0.01349631
nz26,0.7977239,0.8915291,0.02770299,1.373363,0.8705413,0.003217049
nz45,0.9297776,0.891859,0.02605201,0.9397514,0.805914,0.003483206
nz18,0.8505413,0.9558935,0.05559989,0.9938574,0.9244562,0.007751029
nz01,0.3750138,0.9815291,0.007259387,1.214079,0.8420548,0.00409164
nz09,0.4911149,0.7152094,0.01381018,0.7494115,0.9168651,0.006972353
nz36,0.8115234,0.6153089,0.1546633,1.225386,0.594368,0.01112346
nz26,0.9597569,0.9244914,0.02440004,0.9663323,0.8999343,0.003508402
nz45,0.9371891,0.8834509,0.02454564,0.7406733,0.8343094,0.00399295
nz18,0.6978315,0.9336228,0.05318048,0.6591072,0.955283,0.007914995
nz01,0.8238042,0.9829917,0.006350456,1.764902,0.9658283,0.00442318
nz09,0.7930665,0.7531346,0.01554691,0.6883754,0.9218811,0.005731987
nz36,0.6762428,0.5919662,0.125133,0.9560371,0.5891628,0.01018979
nz26,0.9736665,0.9248185,0.02451702,0.8448168,0.9280235,0.003679986
nz18,0.9517485,0.9585657,0.04848914,1.062508,0.9083869,0.007377134
nz45,0.9627932,0.9206097,0.02620314,1.046074,0.8116853,0.002786915
nz01,0.561728,0.9805264,0.006224969,1.640383,0.9221578,0.003779417
nz09,0.8150168,0.7560323,0.01582496,0.6768556,0.9363883,0.006906751
nz36,0.9203313,0.6218596,0.1601897,0.7136449,0.6438609,0.009859202
nz26,0.9344699,0.9164986,0.02358998,0.7094011,0.9483006,0.003628205
nz18,0.9489781,0.9502135,0.04836082,1.090402,0.8903293,0.00678717
nz45,0.860817,0.9058473,0.029604,1.157716,0.821508,0.003385927
nz01,0.6266297,0.9750103,0.006072173,1.497834,0.9697639,0.004097137
nz36,0.974662,0.6296614,0.1773248,0.7086557,0.627623,0.009860498
nz09,0.76935,0.7521115,0.01771412,0.6460936,0.9207684,0.007600497
nz26,0.9698771,0.9105773,0.02401988,1.178426,0.8450242,0.003518384
nz18,0.9465904,0.9588136,0.05601538,1.2049,0.8831272,0.007159639
nz45,0.8633764,0.8826947,0.02674684,1.062035,0.7693507,0.003251724
nz01,0.6495359,0.9591704,0.0052074,1.246886,0.9570879,0.004240212
nz36,0.7982983,0.6001411,0.1305097,0.9507547,0.596412,0.00754267
nz26,0.7858778,0.9109187,0.02321971,0.8791085,0.9326952,0.003482563
nz18,0.948474,0.9570777,0.05728737,1.269431,0.9087026,0.008217814
nz09,0.5298799,0.6852385,0.01043162,0.1860426,0.9238139,0.006546553
nz01,0.8548862,0.9812698,0.00656776,1.81834,0.9534377,0.004501275
nz45,0.8887308,0.8949398,0.02764245,1.156229,0.8936085,0.00435746
nz36,0.7957398,0.6052828,0.1409937,1.247839,0.5734999,0.008792591
nz26,0.4253136,0.8516699,0.01876683,0.8630019,0.9445462,0.003652694
nz18,0.864453,0.9601892,0.05574251,1.278755,0.9056035,0.00777002
nz45,0.9771099,0.9260707,0.02862672,0.9345888,0.8161525,0.004021428
nz01,0.8980627,0.9878441,0.006752569,2.079197,0.9338861,0.003750504
nz09,0.5100101,0.7151323,0.01412863,0.8203327,0.9357629,0.007054045
nz26,0.9819007,0.9322931,0.0263552,0.8353086,0.9524392,0.003710981
nz36,0.8500515,0.6206895,0.1698851,0.8111964,0.5856666,0.009437948
nz18,0.8842473,0.9376863,0.04925599,1.16569,0.9108952,0.007180797
nz45,0.9592574,0.9098598,0.02825491,0.9531415,0.8644166,0.005435667
nz01,0.6281008,0.9819881,0.006365405,1.462602,0.9727532,0.004155351
nz09,0.73907,0.7756514,0.01425953,0.5179568,0.8804651,0.006091223
nz26,0.9518058,0.914894,0.02403087,1.364476,0.8811555,0.003221699
nz36,0.7108336,0.5985229,0.1267573,1.093919,0.5779985,0.006279988
nz18,0.8954114,0.9533264,0.05234277,0.9708051,0.9193702,0.007511368
nz45,0.9298109,0.8864813,0.02656509,1.077798,0.726321,0.003103925
nz01,0.7342685,0.9782615,0.0062629,1.913633,0.9264174,0.004171437
nz09,0.3908549,0.6770279,0.01092368,0.6269821,0.9246205,0.006748587
nz26,0.985621,0.9268438,0.02500078,1.05667,0.9120604,0.003781941
nz36,0.9657722,0.6234631,0.1611828,0.8793366,0.6157523,0.01351114
nz18,0.7530383,0.9490591,0.0540586,1.323043,0.913303,0.007640816
nz45,0.8333488,0.8847717,0.02566662,0.9923629,0.8334954,0.003097265
nz01,0.7828872,0.9811315,0.006671166,1.831853,0.9276843,0.00337316
nz09,0.6254158,0.7059606,0.01328293,0.7286573,0.9212201,0.007324128
nz26,0.9409109,0.8962699,0.02097878,0.942526,0.9237132,0.003313263
nz18,0.716084,0.9493166,0.05050299,1.163431,0.9279497,0.007477393
nz36,0.8520434,0.6183641,0.1537721,1.204756,0.5771043,0.00903404
nz45,0.6601872,0.8780462,0.02654955,1.990113,0.7400201,0.003704134
nz01,0.7843242,0.9796988,0.006757468,1.26783,0.9793782,0.004436241
nz26,0.9622819,0.9032911,0.02271432,1.097105,0.919178,0.003098452
nz09,0.8229307,0.789068,0.01604254,0.8240581,0.9033704,0.006184498
nz18,0.9427346,0.9558865,0.05455377,1.289847,0.9006583,0.007910379
nz36,0.9362204,0.6221607,0.1728786,0.7046664,0.5813821,0.006767385
nz45,0.8525715,0.889975,0.02697284,1.152928,0.7461118,0.003124561
nz01,0.8117574,0.9765391,0.005762135,1.885677,0.9203431,0.003943103
nz26,0.9785727,0.9306265,0.02318096,0.919741,0.9353603,0.003264986
nz18,0.9310413,0.9582783,0.05271613,1.235156,0.9053386,0.007383128
nz09,0.6623603,0.7297969,0.01343121,0.7774421,0.8947102,0.006832147
nz45,0.9560179,0.9127669,0.02437905,0.6792335,0.9204673,0.003851384
nz36,0.72014,0.6069362,0.1499448,0.7982069,0.6004374,0.01271396
nz01,0.7699606,0.9828732,0.005972094,2.077713,0.9658016,0.004176525
nz26,0.7659272,0.8906941,0.02254671,0.871047,0.9060753,0.003452271
nz18,0.9447841,0.9566006,0.05297857,1.220723,0.8895644,0.006475707
nz45,0.9575525,0.9166439,0.02626912,1.616895,0.7531943,0.002231978
nz09,0.6667321,0.7232167,0.0130878,0.6714512,0.8287926,0.004879654
nz36,0.9173352,0.6212217,0.1633221,0.9228755,0.6298484,0.008983986
nz01,0.9041436,0.984426,0.007204378,1.947463,0.9698818,0.004185983
nz26,0.9694293,0.9177707,0.0230458,1.175903,0.9286273,0.003397634
nz18,0.9488582,0.9592537,0.04772429,1.024906,0.928361,0.007414661
nz45,0.9706138,0.904644,0.03097474,0.7447076,0.848146,0.003785753
nz36,0.7205928,0.622945,0.1631585,0.5376396,0.638031,0.01185536
nz09,0.6867114,0.730381,0.01395658,0.7969344,0.8425115,0.005801772
nz01,0.6649069,0.9743359,0.006469309,1.665024,0.9282795,0.004005846
nz26,0.8703488,0.906451,0.0247787,1.094247,0.8673693,0.00399429
nz18,0.8439053,0.9470671,0.05145796,1.345479,0.8805179,0.007187558
nz45,0.8806219,0.884172,0.02624412,0.986105,0.7960168,0.004022523
nz36,0.8162588,0.6160419,0.1563034,0.9506051,0.5949883,0.008414551
nz09,0.5749971,0.7007975,0.01359489,0.464956,0.9037106,0.007089303
nz01,0.735446,0.9868119,0.005900086,1.834121,0.9278431,0.00392261
nz26,0.8836543,0.9279288,0.02474561,1.045997,0.9334543,0.003637806
nz18,0.7421882,0.9466693,0.05114875,1.256782,0.9115457,0.007974997
nz45,0.9678659,0.920734,0.02722717,1.745955,0.6199541,0.003399509
nz36,0.7049369,0.6056168,0.1436841,1.072409,0.5949662,0.008801965
nz01,0.8277866,0.9881902,0.006015662,1.718398,0.9531913,0.004341882
nz09,0.7289686,0.7369535,0.01343906,0.6611322,0.9316934,0.007011673
nz26,0.6936074,0.8858096,0.02138599,1.114317,0.8810584,0.003627056
nz18,0.9604652,0.9565666,0.0469782,1.315128,0.8473108,0.006399599
nz45,0.9667104,0.9249185,0.02799245,0.909826,0.8868319,0.003875543
nz36,0.9697067,0.6295567,0.1814284,0.7351505,0.6069893,0.01165004
nz01,0.7585548,0.9715745,0.006237214,1.839618,0.9432244,0.003900191
nz09,0.7616701,0.7767932,0.01456739,0.9621765,0.8678236,0.006476813
nz26,0.8215846,0.9017897,0.02534836,1.221731,0.857716,0.003496686
nz18,0.9906272,0.9609912,0.05479832,1.306605,0.8770871,0.006450428
nz45,0.9571633,0.9219093,0.02697098,1.182175,0.8150682,0.003784622
nz36,0.8861554,0.6186955,0.1689679,0.8127973,0.5667638,0.002877539
nz01,0.8705386,0.9857388,0.006333661,1.712188,0.957997,0.004076184
nz26,0.8561482,0.9017821,0.02230053,1.177081,0.880565,0.003569628
nz09,0.6402891,0.715035,0.01225307,0.635583,0.910995,0.006810172
nz18,0.9108684,0.9564222,0.04517388,1.11633,0.9067147,0.007886537
nz45,0.9318147,0.9180515,0.02996312,1.005019,0.8533823,0.004371006
nz36,0.8391337,0.6102193,0.1457072,0.9208572,0.6246553,0.01212582
nz01,0.9063143,0.9875567,0.00661775,1.662941,0.957011,0.004063614
nz26,0.9869524,0.92257,0.02608824,0.7871561,0.8918985,0.003320341
nz18,0.9806037,0.9542017,0.05126943,0.9133635,0.9398729,0.00790521
nz09,0.776481,0.7549735,0.01613174,0.5241258,0.9155699,0.0068525
nz45,0.9805299,0.9179602,0.02768762,0.8603907,0.8429355,0.004102583
nz36,0.8818006,0.6183513,0.1531514,1.095362,0.5872653,0.01160493
nz01,0.8864599,0.9880456,0.005934347,2.150433,0.9417499,0.004166152
nz26,0.952444,0.9138441,0.02435791,1.452086,0.8346632,0.002828804
nz18,0.9424188,0.9555326,0.04829267,0.9432144,0.9322678,0.007370403
nz45,0.8754659,0.8746591,0.02677669,1.164887,0.7550348,0.003552829
nz09,0.7356357,0.7503524,0.01540857,0.6339648,0.958123,0.008059046
nz36,0.9073389,0.618642,0.1632145,1.005489,0.5747973,0.006000758
nz01,0.7195535,0.9737758,0.007319128,1.773261,0.9326179,0.003768231
nz26,0.9035502,0.90997,0.02331921,0.8662286,0.9355459,0.003535468
nz18,0.879612,0.9595039,0.04848412,0.9502958,0.9198214,0.007148861
nz45,0.8400042,0.907381,0.0281322,1.164092,0.8687827,0.004349511
nz09,0.815154,0.7632066,0.01466437,0.813998,0.9385326,0.007062154
nz36,0.9539154,0.630426,0.180051,1.038779,0.5718322,0.00826964
nz01,0.7690066,0.9876951,0.007160104,1.555621,0.9707777,0.004290238
nz26,0.9775475,0.9141602,0.02278092,0.9683961,0.9336034,0.003545904
nz18,0.8589899,0.9522834,0.05074108,0.9981317,0.9119376,0.007325624
nz45,0.9724996,0.9090629,0.02382092,0.76478,0.8474809,0.004006339
nz09,0.7633495,0.7565578,0.01390622,0.5164418,0.9105459,0.006462397
nz36,0.8572579,0.6224202,0.1569997,0.7889056,0.6078842,0.01115395
nz01,0.7552098,0.973679,0.006683546,1.718483,0.960802,0.004182704
nz26,0.8870921,0.9014202,0.02417965,1.056155,0.9163168,0.003590946
nz18,0.9732252,0.961593,0.0551135,1.428901,0.8658383,0.007079815
nz45,0.9201203,0.9129909,0.02578362,1.135422,0.7858676,0.003240076
nz09,0.687857,0.7650961,0.01722839,0.8431899,0.9035472,0.005448269
nz36,0.9406379,0.6264354,0.1737732,1.047965,0.5742466,0.009160724
nz01,0.8117869,0.9703249,0.007110625,1.098833,0.9774587,0.004116855
nz26,0.9402127,0.9222515,0.02346554,1.196953,0.9008633,0.003141525
nz18,0.8567119,0.9435317,0.04977132,1.038501,0.8708884,0.006940537
nz45,0.9204596,0.9140568,0.02540141,0.9284475,0.8700116,0.003655161
nz09,0.7164027,0.7402385,0.01367936,0.5788773,0.9217941,0.005482968
nz26,0.9800864,0.9206789,0.02309516,1.442873,0.8887417,0.00290417
nz01,0.7952592,0.9772914,0.005875011,1.435735,0.9259554,0.004485423
nz36,0.8506001,0.6170118,0.1633938,1.099288,0.5963181,0.008978052
nz18,0.8182966,0.9471213,0.05431417,1.275934,0.8988229,0.007335453
nz45,0.9392809,0.9025,0.02866023,0.9220511,0.8276928,0.003952658
nz26,0.9633417,0.9174221,0.02033589,0.9143776,0.8822892,0.003409403
nz01,0.586863,0.9808916,0.00730492,1.553659,0.9385757,0.00439972
nz36,0.8494054,0.6153943,0.1599844,0.9651936,0.5715979,0.006573575
nz09,0.7426868,0.760891,0.01422419,0.9405124,0.9320366,0.00594941
nz18,0.9353684,0.9569486,0.05895294,1.300806,0.8927154,0.00780208
nz45,0.5568293,0.8267736,0.02643334,0.6158922,0.8572343,0.004041852
nz26,0.9599186,0.9205046,0.02355038,1.289449,0.8667534,0.00321681
nz01,0.8490378,0.9827151,0.007338879,1.700059,0.9514907,0.003869846
nz36,0.9218077,0.622954,0.1614243,0.9751079,0.5880036,0.008301482
nz18,0.8760195,0.9549586,0.06013201,1.304502,0.9064523,0.008059927
nz45,0.841462,0.8793798,0.02436904,1.005342,0.8577558,0.004658536
nz09,0.7463859,0.754032,0.01614349,0.6762179,0.9363328,0.007843357
nz26,0.8966372,0.9020099,0.01907085,0.9964432,0.8807154,0.003234092
nz01,0.7137541,0.9857885,0.006416347,1.809807,0.9640287,0.004562396
nz36,0.8908857,0.6238701,0.1695906,0.9985012,0.58091,0.005987944
nz18,0.9425579,0.955842,0.04916094,0.9667869,0.908207,0.007365772
nz45,0.9817648,0.9111668,0.02814415,1.203657,0.7644243,0.003742625
nz09,0.7941417,0.7697632,0.01847918,0.5805749,0.9631202,0.008708127
nz26,0.9848458,0.9159869,0.0247359,1.14409,0.9078602,0.003356425
nz01,0.729308,0.9758833,0.00692687,1.773252,0.9619273,0.004207477
nz36,0.8707714,0.6148985,0.1518345,0.8343389,0.6105988,0.01203987
nz18,0.9551278,0.9573768,0.05533129,1.025656,0.9247331,0.008118502
nz45,0.8479613,0.9053399,0.02651889,0.9685799,0.8803087,0.003914616
nz09,0.6625395,0.7235004,0.01076195,0.3159068,0.8796059,0.006837288
nz26,0.9666078,0.9081234,0.01909456,0.8767566,0.905369,0.003217383
nz01,0.6858142,0.9906897,0.006192315,1.750657,0.9632462,0.004273652
nz18,0.910069,0.9543699,0.05226342,1.287563,0.8693879,0.007994912
nz36,0.8686049,0.6142535,0.160858,1.0558,0.6153928,0.01283774
nz45,0.966437,0.9198794,0.02822719,0.6966524,0.8736417,0.004068928
nz09,0.7149278,0.7447355,0.01415617,0.628169,0.8626251,0.00583327
nz26,0.5742854,0.8778777,0.02199483,1.162246,0.8864549,0.002665633
nz01,0.8996863,0.9812342,0.006612051,1.7449,0.9683154,0.003867516
nz18,0.9535145,0.9570546,0.05391448,1.200012,0.8839271,0.006779221
nz36,0.8881605,0.6218778,0.1637903,0.8748833,0.6571052,0.01563222
nz45,0.7751419,0.8921892,0.0282546,0.880956,0.8950033,0.004163974
nz26,0.9689264,0.9148563,0.02335282,0.8628856,0.9175624,0.003356084
nz09,0.6005189,0.7103083,0.01292137,0.586583,0.9442886,0.007105934
nz01,0.815796,0.9858582,0.007297971,1.610793,0.9660727,0.004763845
nz18nz45,,0.87641880.9778089,,0.96000540.9116163,,0.046801460.02629515,,1.2900221.560027,,0.83814720.7207556,,0.0061259620.002906259

nz36,0.9610889,0.6279921,0.172981,0.849926,0.6086959,0.007748993
nz26,0.935339,0.9071549,0.02170697,1.112007,0.8944379,0.002875447
nz09,0.6482523,0.7206368,0.01067466,0.7660403,0.9207629,0.005908128
nz01,0.7980244,0.9751222,0.005967766,1.615709,0.9561267,0.004102478
nz45,0.9833606,0.9120788,0.02585707,1.113278,NaN,0.003453503
nz18,0.9256366,0.9582668,0.05551304,0.9835818,0.926579,0.007673783
nz36,0.9243227,0.6232368,0.1616036,0.7547796,0.581087,0.008562246
nz26,0.9755332,0.9145152,0.01955018,0.9023725,0.9201828,0.003120431
nz09,0.6786487,0.7760555,0.01756716,0.7898851,0.9268203,0.007145181
nz01,0.818326,0.9842434,0.007512069,1.665621,0.945027,0.003820361
nz45,0.9615757,0.9110623,0.02921143,1.232734,0.7465335,0.003130726
nz18,0.9513902,0.9547225,0.05426424,0.9700523,0.9211225,0.008010806
nz36,0.8856679,0.6166081,0.1485945,1.130975,0.6264321,0.01002343
nz26,0.9363455,0.9216283,0.02215632,0.903661,0.877105,0.00327217
nz01,0.7026208,0.9847753,0.00697146,1.594565,0.9505607,0.003872775
nz45,0.9127636,0.8910928,0.0289846,0.9258732,0.8685205,0.003536638
nz18,0.9349626,0.9575974,0.05356008,1.161162,0.9108925,0.007872879
nz09,0.4996435,0.6758659,0.01223826,0.524152,0.93409,0.006601983
nz36,0.909288,0.6220761,0.168144,0.7679049,0.628001,0.00835765
nz26,0.949143,0.910598,0.02170495,0.9609283,0.9137886,0.003309558
nz45,0.9370475,0.9133121,0.02473617,1.022013,0.8090614,0.003003726
nz01,0.8660467,0.9793299,0.006365415,1.918391,0.9572336,0.004470761
nz18,0.9190285,0.9548831,0.04785655,1.000682,0.9115679,0.00737121
nz36,0.7289002,0.6058947,0.1367379,0.5712757,0.629974,0.01131048
nz09,0.702663,0.7275617,0.01493685,0.4404025,0.8896215,0.005202462
nz26,0.8691275,0.9133001,0.0251759,0.7756208,NaN,0.003739057
nz45,0.8058663,0.8973494,0.02449346,1.097451,0.8255041,0.003646494
nz18,0.9837507,0.957863,0.05955082,1.12544,0.891787,0.00768164
nz01,0.7994973,0.9803119,0.007500141,1.668395,0.9561252,0.004344117
nz36,0.9070449,0.6233857,0.164529,1.029305,0.6198126,0.01171723
nz09,0.7766706,0.7586079,0.01611156,0.9072924,0.8599716,0.005429699
nz26,0.9146398,0.9226395,0.02357413,0.928257,0.9397576,0.003600653
nz46,0.9677543,0.9464675,0.002587648,0.7870826,0.9470395,0.007144371
nz18,0.9372151,0.9550525,0.05157371,0.9513594,0.903595,0.007707985
nz01,0.8555175,0.9836138,0.007146629,2.070644,0.9585979,0.00384733
nz36,0.9064399,0.629073,0.1766168,1.089235,0.6105476,0.008362663
nz27,0.6200697,0.6958182,0.05669162,0.5452091,0.7913448,0.00684019
nz09,0.4523038,0.698339,0.0125767,0.7283927,0.9387933,0.00731338
nz18,0.9806162,0.9583696,0.05809442,1.176199,0.9200427,0.007703944
nz01,0.7444386,0.9834638,0.007209245,1.876508,0.9288163,0.00377514
nz27,0.8425008,0.7253804,0.06542993,0.8322258,0.7876721,0.007194072
nz36,0.9030981,0.6223906,0.1585281,0.9891538,0.6364112,0.01057875
nz09,0.5402118,0.7016118,0.01137473,0.525112,0.9183346,0.006793138
nz02,0.9469194,0.8576855,0.4518334,0.8707515,0.9216035,0.01382281
nz19,0.9803382,0.7605849,0.06356777,0.9122026,0.7842076,0.01720454
nz27,0.8735019,0.7471358,0.0683483,1.295718,0.7408307,0.00372975
nz37,-0.3691936,0.4302782,-0.07855424,-0.2899848,0.4830989,-9.182791e-05
nz09,0.7464735,0.7477734,0.01421935,0.7484389,0.9056139,0.006245616
nz02,0.9620088,0.8589206,0.4429352,1.043763,0.9147975,0.01364073
nz19,0.9858799,0.7747499,0.06279793,1.00104,0.7533007,0.01518769
nz37,-0.0557202,0.5276144,-0.02239746,-0.07831813,0.5129094,-0.0002638301
nz27,0.9166644,0.7543426,0.07787808,0.791788,0.8022331,0.006249163
nz09,0.6983684,0.7399658,0.01355768,0.4760825,0.8855649,0.005902116
nz02,0.9603485,0.8513029,0.4384613,0.8787275,0.9172638,0.0139747
nz37,0.02193235,0.5036285,0.01231182,0.04650786,0.5267337,0.0003994536
nz19,0.9641673,0.7728577,0.06068956,0.9276187,0.7553275,0.01421164
nz27,0.7738313,0.7227662,0.07405695,0.6078055,0.8093351,0.006354934
nz02,0.9837621,0.8639121,0.4755565,1.077971,0.8804607,0.01266081
nz09,0.4725702,0.7100458,0.01305465,0.9768011,0.8818474,0.006964957
nz37,0.6148596,0.6142747,0.07860965,0.7189002,0.610697,0.00057923
nz27,0.7040262,0.7026954,0.0599365,0.7036919,0.8174586,0.006841594
nz19,0.9819053,0.7744393,0.0578813,0.8852018,0.7893725,0.01698015
nz02,0.9465782,0.8595119,0.4260098,1.075427,0.8967996,0.01267507
nz37,0.5144037,0.6044093,0.07736762,0.7372609,0.5339292,0.0009037168
nz09,0.7297994,0.7655033,0.01517149,0.9099747,0.91906,0.006460679
nz27,0.8767426,0.744797,0.07191204,0.8966596,0.7536757,0.005267776
nz19,0.970568,0.7752149,0.06112166,0.9997911,0.7423872,0.0159658
nz02,0.9748497,0.8561974,0.4568432,0.9030307,0.9152902,0.01486913
nz37,0.3409353,0.6115522,0.07700827,1.850753,0.5651303,0.0009776206
nz09,0.7983498,0.7785086,0.01605956,0.7030373,0.9235767,0.00729357
nz27,0.8807536,0.7329688,0.06687935,0.7890126,0.8332479,0.007441771
nz19,0.9731494,0.7843844,0.0630175,0.9037818,0.7444955,0.01622062
nz37,0.4508433,0.5907087,0.06329325,0.5237716,0.6390062,0.001175039
nz02,0.9726527,0.8581555,0.431532,1.040241,0.888631,0.01245997
nz27,0.7978447,0.7268045,0.0691551,0.9811876,0.7811088,0.006392423
nz09,0.8759627,0.8089126,0.01635247,0.7060789,0.9571201,0.007361717
nz19,0.9286828,0.7652901,0.05456267,0.859819,0.7836963,0.01976116
nz37,0.02969631,0.4926074,-0.004558453,0.006994767,0.556455,0.0002187865
nz02,0.9544327,0.8539883,0.4311236,0.9243702,0.9193747,0.0134455
nz27,0.8820343,0.7496002,0.07694899,0.8497332,0.7838605,0.005107531
nz10,0.8399049,0.889982,0.08873419,1.988025,0.8838434,0.004845741
nz37,0.4357124,0.5966636,0.05982265,0.8378996,0.5205779,-0.0004325044
nz19,0.9802141,0.7705049,0.06178475,1.089837,0.7147752,0.01530516
nz02,0.9795421,0.8520655,0.4454383,0.9642602,0.9168586,0.01553541
nz27,0.9490552,0.7584126,0.07404802,1.232338,0.757195,0.005807974
nz10,0.7564573,0.8822345,0.09135778,1.789785,0.8744497,0.004421077
nz37,0.1445633,0.5389262,0.02093302,0.3493019,0.5512419,0.000690594
nz02,0.9741043,0.8586362,0.4338054,0.9372372,0.9109833,0.01419578
nz19,0.9405247,0.7708037,0.05684055,1.210282,0.7439059,0.01496918
nz27,0.7500348,0.725035,0.06747559,0.5807907,0.8760721,0.007723709
nz10,0.8015338,0.8863327,0.08987318,1.711602,0.8995824,0.004365359
nz46,0.8913021,0.9315934,0.003048399,1.18271,0.9268987,0.00629788
nz37,0.2779945,0.5378059,0.02262901,0.4068473,0.5214769,0.0003712571
nz02,0.9878583,0.8665603,0.4476573,1.061848,0.8932242,0.01300163
nz19,0.9439985,0.7568193,0.05683678,1.010213,0.7829107,0.01974187
nz27,0.8395963,0.7405497,0.07550221,0.6092705,0.8216591,0.005959674
nz10,0.8184244,0.8958761,0.09178047,1.947628,0.8649065,0.004536141
nz37,0.4925369,0.5739649,0.04976666,0.6239721,0.6044739,0.002501218
nz02,0.9589805,0.853697,0.4576516,0.9113397,0.9028003,0.01319278
nz19,0.9816165,0.7554365,0.0570425,1.158901,0.7236787,0.01506048
nz27,0.6815076,0.7086601,0.06134593,0.7231968,0.8158744,0.005775193
nz10,0.7946651,0.9174473,0.08758488,3.032076,0.8404316,0.004348903
nz37,0.4756937,0.6100897,0.07575676,0.2784337,0.6431903,0.002291034
nz02,0.9515446,0.8594827,0.455449,0.9884938,0.9109636,0.01282591
nz27,0.9291932,0.756755,0.07340198,0.929216,0.8485009,0.007620636
nz19,0.9614062,0.7765936,0.06428516,0.9435753,0.7606084,0.01618736
nz10,0.6549743,0.8729617,0.08383662,2.636405,0.865787,0.00456563
nz37,-0.1121854,0.5016761,0.006746405,-0.09995936,0.5776021,0.001372912
nz02,0.993701,0.8635104,0.4587802,0.9729719,0.9062499,0.0138237
nz27,0.6619258,0.6905039,0.05679908,0.6481211,0.7717015,0.004823125
nz19,0.9753109,0.7810339,0.065473,1.158265,0.7117984,0.01155216
nz10,0.7681201,0.9151021,0.0856212,2.442574,0.8738422,0.004462511
nz37,-0.07310936,0.4898044,-0.004103945,0.017845,0.5546552,0.0004320117
nz02,0.9631916,0.8595346,0.4493033,0.8254535,0.9280242,0.01425613
nz27,0.8640582,0.7420499,0.06577798,0.7901967,0.7634124,0.00617047
nz37,-0.153633,0.4164375,-0.06636164,-0.2037829,0.654209,0.0007952446
nz10,0.7522259,0.9107419,0.08886727,2.430949,NaN,0.004492418
nz19,0.9796891,0.7817122,0.06587368,0.926248,0.7879094,0.01639499
nz02,0.9774375,0.8597285,0.4357589,1.013315,0.9034237,0.01412423
nz27,0.887459,0.7454322,0.0678224,0.9151139,0.770121,0.00634793
nz37,-0.3537898,0.4358699,-0.04470638,-0.4408016,0.4736464,0.000606035
nz10,0.8423532,0.9079335,0.09090138,2.060774,0.8500142,0.004651666
nz19,0.9900549,0.7810122,0.0680804,0.9482824,0.7569477,0.01654412
nz02,0.9554722,0.8516907,0.4520782,0.8308885,0.9221937,0.01372201
nz27,0.8806063,0.75317,0.0766914,0.7279905,0.7448244,0.004769651
nz37,-0.05311515,0.4795885,-0.02233957,-0.0868618,0.4887883,-0.0008534483
nz10,0.7261159,0.8804408,0.08922503,1.811917,0.8768131,0.004385565
nz19,0.9650528,0.7729194,0.06170504,1.050409,0.736191,0.01393664
nz02,0.9780431,0.8541961,0.4509791,1.061,0.8955625,0.01343315
nz46,0.9600074,0.950166,0.003223019,1.082528,0.9228939,0.006351742
nz37,0.2965465,0.5787123,0.05731247,0.826046,0.3753613,-0.002140698
nz27,0.7259369,0.7089715,0.06516675,0.506407,0.8356514,0.006589907
nz10,0.7443004,0.9160801,0.09153628,3.391642,0.8314958,0.004228177
nz19,0.9584268,0.7656381,0.06436458,0.9705911,0.7695072,0.0175397
nz02,0.9475814,0.8482726,0.4062178,0.8911892,0.9191,0.0144919
nz37,0.004329776,0.5290905,0.03022469,0.2795343,0.4036001,0.0003161819
nz46,0.904026,0.895922,0.002051797,0.9378852,0.9316142,0.00725909
nz27,0.8842085,0.7303001,0.06178063,0.645166,0.8316256,0.005800443
nz10,0.7376742,0.8842723,0.08876852,2.313651,0.8791333,0.004630266
nz19,0.9664053,0.7657669,0.06163258,1.022221,0.7639593,0.01547567
nz02,0.9518316,0.8576718,0.4435172,1.026849,0.9078563,0.0135231
nz37,0.1584863,0.5568364,0.04474807,0.2992736,0.5306499,0.000541983
nz46,0.9042415,0.8975923,0.001481996,0.6079467,0.9702996,0.007286381
nz27,0.8669567,0.734477,0.06747828,0.8546993,0.8255347,0.006597326
nz10,0.757839,0.9004464,0.08466006,2.597275,0.8544572,0.004521153
nz02,0.9522884,0.8484867,0.418981,0.8291437,0.9437901,0.0152916
nz19,0.9424774,0.7721116,0.06120308,1.109395,0.7448107,0.01552921
nz37,0.5242493,0.6103683,0.06916223,0.8930346,0.4352822,-0.0004620186
nz27,0.7737394,0.7234212,0.06445988,0.8861695,0.7630273,0.005620894
nz10,0.8420458,0.9054616,0.09573016,2.021856,0.8385085,0.004637221
nz37,-0.2133738,0.4556306,-0.01546322,-0.1270522,NaN,0.0007346782
nz02,0.9706065,0.8613556,0.4393417,1.080433,0.908719,0.01326702
nz19,0.9872415,0.7944606,0.06099328,0.9553003,0.7627104,0.01902914
nz27,0.7932313,0.7301982,0.0689917,0.7875533,0.7830882,0.005981577
nz10,0.8232731,0.9159639,0.09564487,3.439655,0.7673134,0.004311836
nz37,0.3793646,0.571467,0.0460661,0.5799789,0.6122101,0.0007803367
nz02,0.984636,0.855517,0.4448389,1.065111,0.9024461,0.01479433
nz19,0.976718,0.7768595,0.06480479,0.9874063,0.7750714,0.01605084
nz27,0.6857382,0.7119535,0.06148519,0.7743119,0.8182142,0.006448353
nz10,0.7932012,0.8790771,0.08738233,1.857523,0.8674237,0.004471005
nz37,0.5970742,0.599299,0.06560482,1.229758,0.5712658,0.0008077036
nz02,0.9731567,0.8602545,0.470977,1.123034,0.879956,0.01349836
nz27,0.8659844,0.7432975,0.07154095,0.8723554,0.8120506,0.007236473
nz19,0.9663506,0.7662455,0.05810421,0.9653555,0.7742728,0.01868556
nz10,0.8835009,0.9037056,0.09630159,2.260132,0.8571565,0.004287203
nz37,0.186105,0.5391166,0.0193497,0.3432034,0.6643339,0.002651013
nz02,0.9904293,0.8641862,0.458521,1.114579,0.8951335,0.01367515
nz27,0.8325513,0.7438992,0.07177256,0.7262658,0.8376418,0.006606381
nz19,0.9652323,0.7772622,0.06195957,0.9906141,0.7151171,0.01317911
nz10,0.8265046,0.893233,0.09256996,1.81003,0.8940405,0.004362426
nz37,0.009033207,0.5243862,0.01393326,-0.02305465,0.6153552,0.001501919
nz02,0.9710208,0.8568018,0.4505257,1.245601,0.8867559,0.01310616
nz27,0.6639131,0.7061854,0.06322129,0.517091,0.8543099,0.006907847
nz19,0.9737889,0.7740359,0.05601702,1.076733,0.7473692,0.01777299
nz10,0.8195819,0.8778357,0.07922965,1.992852,0.8408948,0.004404952
nz37,0.0443701,0.5018484,-0.005736896,0.02601113,0.4359198,-0.0002692235
nz02,0.9643856,0.8602942,0.4534117,0.8765063,0.9255342,0.0147447
nz27,0.7755854,0.7132423,0.0645797,0.8376802,0.8684367,0.006608055
nz19,0.9693819,0.7731934,0.06057946,1.019427,0.7531788,0.01624665
nz37,0.4910081,0.6143637,0.07649612,0.3891647,0.65772,0.002102112
nz10,0.7228161,0.8795342,0.08874892,1.673829,0.9142932,0.004502443
nz46,0.924236,0.9536402,0.002639467,1.216362,0.902799,0.006065088
nz02,0.9822007,0.8711431,0.4603626,1.027381,0.9025137,0.01298443
nz27,0.8109946,0.7301607,0.07041987,0.6440071,0.8584595,0.007754288
nz37,0.4246285,0.5768084,0.0496418,0.4995896,0.5432501,-0.0006257541
nz10,0.8758216,0.9115751,0.09633165,2.02227,0.8758228,0.004377078
nz19,0.9492694,0.7661139,0.06129882,1.04622,0.7513123,0.01738544
nz46,0.9572082,0.9393514,0.002462507,0.9600151,0.9103148,0.006298794
nz02,0.9865842,0.8605393,0.4495914,0.9211555,0.9257758,0.0138474
nz27,0.8388127,0.7119693,0.05782309,0.7979741,0.8317733,0.00598263
nz37,0.2797208,0.6028002,0.06525193,1.087133,NaN,0.001951159
nz10,0.7548987,0.8972041,0.08797757,2.714058,0.8786056,0.004469981
nz19,0.9465921,0.7753872,0.06453168,0.9755003,0.7596925,0.01874398
nz46,0.9526249,0.9376989,0.0024949,0.8895587,0.9427907,0.006683314
nz02,0.9671159,0.8526572,0.4297678,1.00443,0.9114423,0.01327339
nz27,0.8288319,0.7362308,0.06999357,1.023378,0.7465007,0.005923149
nz37,-0.08514373,0.4871023,-0.009640062,-0.07017825,0.5223088,0.0002380684
nz10,0.6501783,0.8803687,0.08703506,2.090937,0.8766719,0.004344968
nz19,0.9656714,0.7822071,0.06929467,0.8619287,0.7894339,0.01649725
nz46,0.8969115,0.9335091,0.002477277,0.8691225,0.9604594,0.006869934
nz02,0.9805076,0.8619656,0.4559369,1.033113,0.8925706,0.01329779
nz27,0.7870608,0.6937732,0.06636519,0.6088408,0.8202257,0.006636749
nz37,0.5951878,0.6056005,0.08474719,0.6391895,0.5661484,0.001197417
nz10,0.7364132,0.8759616,0.0945568,1.534043,0.8925522,0.004469997
nz46,0.9383103,0.9470679,0.002195467,0.9949687,0.9320721,0.006897085
nz19,0.9454897,0.7694145,0.05845706,0.847352,0.7986804,0.0191531
nz02,0.9866192,0.8626049,0.4563623,0.718285,0.9305135,0.01431442
nz27,0.8540792,0.7482289,0.07209021,0.9384524,0.7262132,0.004692711
nz37,-0.009885819,0.4930875,-0.006141431,-0.0004417464,NaN,-1.427531e-05
nz10,0.6461717,0.8612648,0.08524789,1.533193,0.8514501,0.004532281
nz02,0.9741223,0.8633672,0.4531585,0.9643263,0.9003412,0.01411268
nz27,0.8015068,0.7396781,0.07112041,0.8849273,0.80284,0.005360171
nz19,0.9825042,0.7569667,0.06159525,0.9214875,0.7694521,0.01860348
nz37,0.3258733,0.5807128,0.05729195,0.21984,0.5730818,0.0008206362
nz10,0.7985602,0.9090219,0.08756156,2.831503,0.825246,0.004681477
nz02,0.9761085,0.8583128,0.4702403,0.987364,0.9045745,0.0132479
nz27,0.8054202,0.7365108,0.07166209,0.6235118,0.8615437,0.007848389
nz37,0.5458411,0.6027424,0.08469297,0.5976778,0.5427884,0.001290283
nz19,0.9496998,0.7816986,0.06108174,1.117281,0.7299049,0.01555253
nz10,0.8809288,0.9136159,0.095369,2.198988,0.897249,0.004390367
nz27,0.1358034,0.6188641,0.02752259,0.2823021,0.7793117,0.005753927
nz02,0.9887423,0.8680371,0.4702143,1.051349,0.9009732,0.01392395
nz19,0.9862663,0.7811669,0.06794675,0.9538262,0.7627614,0.01665609
nz10,0.8544769,0.893676,0.1001998,1.523821,0.9054497,0.004864791
nz27,0.7909041,0.7324477,0.07083847,0.7920441,0.7754332,0.005522075
nz02,0.9608267,0.8595677,0.4777807,1.000535,0.8859933,0.01389442
nz46,0.9150717,0.9292081,0.002276233,0.9308286,0.9644368,0.006294921
nz19,0.9468097,0.7747761,0.06097909,0.9574333,0.7734767,0.02046602
nz37,0.6782617,0.6351667,0.09408706,0.7127413,NaN,0.001722414
nz10,0.7974223,0.9106307,0.08879443,1.929508,0.898609,0.004516759
nz02,0.9243307,0.8519554,0.4248929,1.114661,0.8776809,0.01255464
nz27,0.7640527,0.7222795,0.07111184,0.7570706,0.8380016,0.007288234
nz37,-0.1145929,0.4780424,-0.01445205,-0.1463767,0.4946405,-0.000578288
nz19,0.9784062,0.7797323,0.06595622,1.06116,0.7351083,0.01596373
nz10,0.7457927,0.9179611,0.08781416,2.660035,0.8911955,0.00442851
nz02,0.9548718,0.8487707,0.4249337,0.8897257,0.9186677,0.01414344
nz27,0.8157627,0.707405,0.06347389,0.878796,0.8330532,0.007105485
nz37,0.500849,0.5993781,0.07586385,0.7292447,0.5601527,0.001088499
nz10,0.6839717,0.9081993,0.08310915,3.151151,0.891567,0.004519422
nz19,0.9623823,0.7608977,0.05895389,0.9268583,0.7326887,0.01271355
nz27,0.8594983,0.7419542,0.06846145,1.063266,0.770096,0.006190457
nz02,0.9675754,0.850953,0.4534935,0.8253074,0.9092914,0.01520061
nz37,0.1721782,0.5274465,0.01817791,0.1166278,0.6745998,0.002151117
nz10,0.7986303,0.9142543,0.0884697,2.581225,0.8558209,0.004468087
nz19,0.9833214,0.7766696,0.06040544,1.01655,0.7417829,0.01662728
nz02,0.9289095,0.848098,0.4618602,0.9208412,0.915474,0.01344981
nz27,0.6855782,0.6978424,0.06514672,0.6621238,0.8157832,0.007142543
nz37,0.4144659,0.5740466,0.04873292,0.3898852,0.5318661,-0.0001782333
nz10,0.856385,0.9203765,0.09628258,2.255085,0.869462,0.004412045
nz19,0.9852942,0.7720796,0.0628293,1.004964,0.744376,0.01406057
nz02,0.9761737,0.8575778,0.4340246,1.00391,0.8893966,0.01415876
nz37,0.5770755,0.6078501,0.06983268,0.6934406,0.5556658,0.001216895
nz27,0.8865256,0.7333925,0.06629389,0.8830536,0.7712151,0.005398362
nz10,0.619,0.8228023,0.08157927,1.328214,0.8687766,0.004477743
nz19,0.9862776,0.7811644,0.06623965,1.072505,0.7500693,0.01691966
nz37,0.05320414,0.5161672,0.01465492,0.1730033,0.3816696,-0.001697607
nz02,0.9448125,0.8517344,0.456808,0.8864429,0.9118281,0.01345257
nz27,0.9161078,0.7447493,0.07249927,0.8550253,0.8447483,0.006478438
nz10,0.7776417,0.9070078,0.08786994,2.064907,0.8920435,0.004433603
nz37,0.06029538,0.5150633,0.00936924,0.1869848,0.5097137,0.0007665772
nz02,0.9373997,0.860147,0.4199985,1.178351,0.8824976,0.01296095
nz19,0.9764566,0.774136,0.06079235,0.967496,0.7557035,0.01672007
nz27,0.8573029,0.7464152,0.07231812,0.9233015,0.8104855,0.006349366
nz10,0.7339076,0.9024458,0.08123036,2.440975,0.8747773,0.004465037
nz37,-0.08399278,0.4746912,-0.02163943,-0.1669771,0.3632573,-0.001745546
nz02,0.9036898,0.8471254,0.4526243,0.9392885,0.9290509,0.01545993
nz27,0.9049847,0.7571808,0.07257396,0.9205672,0.8501211,0.006724502
nz19,0.9681627,0.7725413,0.06532014,0.9313136,0.7728167,0.01661191
nz10,0.6521275,0.7972406,0.07951629,1.15348,0.8339879,0.004525982
nz37,0.6224428,0.6036921,0.08066265,0.5308516,0.5705665,0.0012552
nz02,0.9692281,0.8504508,0.4621123,0.896323,0.9167677,0.01559209
nz27,0.7117627,0.6823478,0.06357954,0.3417783,0.8614405,0.007497123
nz19,0.9552816,0.7514904,0.05376976,1.015573,0.7637991,0.01776462
nz10,0.8686029,0.9047046,0.09320955,1.946937,NaN,0.004541225
nz37,0.01472254,0.5452052,0.02837556,0.004786664,0.549089,0.0005579858
nz27,0.7741507,0.7518535,0.08024321,0.6049295,0.8267122,0.006557943
nz02,0.9808655,0.8611054,0.4571836,1.001998,0.9163912,0.01366734
nz19,0.9435318,0.770975,0.06634885,0.9704522,0.775596,0.01568603
nz10,0.6889649,0.8739087,0.08512606,2.103541,0.8671018,0.004505041
nz37,0.2832034,0.5405067,0.02415885,0.5393205,0.435703,-0.001755951
nz27,0.7755087,0.6948824,0.05854188,0.7775141,0.7501981,0.006655088
nz02,0.9710201,0.8610436,0.4594575,0.9962677,0.9264148,0.01382245
nz19,0.9624992,0.7742584,0.0633278,1.086072,0.7372729,0.01545681
nz37,0.4834149,0.5891493,0.0673358,0.8623524,0.4396517,-0.0008644223
nz10,0.8313178,0.9019108,0.08114213,1.936154,0.8560955,0.004407122
nz27,0.7947012,0.7169503,0.06702802,0.8619406,0.7609504,0.005736518
nz02,0.986785,0.8690035,0.4700021,0.9096325,0.9336,0.01383022
nz37,0.1346775,0.5278065,0.01793886,0.1629409,0.5319453,0.00064225
nz19,0.922809,0.7616162,0.05188022,0.9581467,0.7438421,0.01664484
nz10,0.864417,0.9163444,0.09117191,1.678951,0.885505,0.004512682
nz02,0.97627,0.8548038,0.4402946,0.8624163,0.9111365,0.01327612
nz29,0.5569007,0.613268,0.1024344,0.4877683,0.9593968,0.003148957
nz46,0.8010584,0.9058231,0.001877489,1.138539,0.9304507,0.006675218
nz38,0.9578643,0.8578167,0.1286875,1.004533,0.8480374,0.02249978
nz19,0.9532208,0.766638,0.0582388,0.9802534,0.7667435,0.01764402
nz10,0.7393269,0.9109482,0.08366231,2.592337,0.8335604,0.004472382
nz02,0.9874466,0.8582513,0.4588829,0.833728,0.9156618,0.01486764
nz29,-0.1443261,0.4626592,-0.07754316,-0.01226983,0.9727469,0.004259282
nz10,0.8176052,0.8857788,0.0860434,1.40254,0.899411,0.004397526
nz19,0.9740943,0.774321,0.06023214,1.074689,0.7259949,0.01468606
nz38,0.9444516,0.8480474,0.1243435,1.13739,0.8345166,0.0230459
nz03,0.8083336,0.7296248,0.01332417,0.8666614,0.7985838,0.002721925
nz29,0.08742928,0.507808,-0.02872358,0.0306979,0.9756562,0.003271008
nz10,0.740222,0.9033019,0.08860556,2.423582,0.8589282,0.004639229
nz19,0.9344119,0.7681277,0.06127426,0.8207837,0.8142939,0.01986542
nz38,0.9130077,0.8540889,0.1207962,1.035023,0.817846,0.02200814
nz03,0.7424514,0.7166737,0.009772482,1.127576,0.7496657,0.003064723
nz29,-0.09186836,0.4828845,-0.05598526,-0.01810507,0.9911422,0.004679633
nz10,0.8620964,0.9140689,0.08752429,2.247368,0.8943451,0.004666179
nz19,0.9707859,0.7737924,0.06026923,1.008102,0.7525342,0.01659457
nz38,0.9341857,0.8546916,0.1245755,0.8869582,0.8495044,0.02403381
nz03,0.8024573,0.7099062,0.01146034,0.8973265,0.8625604,0.004569616
nz29,0.01674725,0.4930912,-0.0002411248,0.01978731,0.9337507,0.003795672
nz10,0.8076905,0.8841906,0.08274278,2.035542,0.8548476,0.004682818
nz46,0.7965467,0.9613333,0.001800065,1.061043,0.9639735,0.006603078
nz19,0.9597097,0.757612,0.05578465,1.032278,0.7293687,0.01600827
nz03,0.7249576,0.6979491,0.01141789,0.6871701,0.8630449,0.00483427
nz38,0.9159548,0.8428602,0.1225861,0.9458959,0.8142184,0.02453141
nz29,-0.0878572,0.469307,-0.05784662,-0.00623991,0.9837362,0.003070487
nz10,0.7301672,0.8928376,0.0787197,2.266808,0.8597024,0.004404801
nz46,0.7072927,0.8810222,0.002095007,0.562828,0.9708271,0.007295106
nz03,0.7389772,0.6982009,0.01092321,1.078027,0.7464962,0.002805756
nz19,0.9626426,0.7631079,0.06293885,1.205874,0.7086018,0.01485926
nz38,0.9082693,0.8469104,0.1198726,1.121856,0.8171012,0.02328746
nz29,-0.07915487,0.4778823,-0.0579224,-0.00334196,0.9897923,0.003120186
nz10,0.6957292,0.8835882,0.0875145,2.276139,0.8803724,0.004454672
nz46,0.7011678,0.9260993,0.002049226,0.903927,0.9258219,0.006474744
nz03,0.7639824,0.7454337,0.01210903,1.463246,0.6971699,0.003151158
nz20,0.9737717,0.9652514,0.05054868,1.210613,0.9647898,0.005957346
nz38,0.8787385,0.8448244,0.1229907,1.086085,0.8230092,0.02317485
nz29,-0.04713652,0.4691874,-0.05368657,-0.0008909053,0.9885763,0.004260943
nz10,0.8754325,0.9002507,0.0960546,1.966699,0.9008419,0.00486609
nz46,0.9228369,0.9103795,0.00204106,1.05099,0.9288156,0.006990303
nz03,0.7921541,0.742137,0.01413262,0.9288469,0.7955832,0.004687737
nz20,0.9847906,0.9605374,0.05613604,1.392166,0.9224116,0.00600203
nz38,0.9142419,0.8458469,0.1227713,1.063939,0.8250328,0.0220548
nz10,0.7671239,0.9027634,0.08654621,2.371378,0.8623611,0.004647408
nz46,0.9787482,0.9530594,0.00179677,0.8567617,0.950861,0.006743755
nz29,0.1155098,0.5214375,-0.03061217,0.02692495,0.9898809,0.003568691
nz03,0.7275583,0.7118997,0.01363627,0.8907797,0.7574901,0.003510526
nz20,0.9663689,0.9562944,0.04554039,1.189254,0.9611868,0.005940608
nz38,0.9513579,0.859834,0.1277057,1.149016,0.8045716,0.02237568
nz11,0.9607626,0.8891821,0.06973851,0.9255528,0.7864718,0.002682804
nz46,0.6319754,0.944999,0.002056112,1.387471,0.9128875,0.005166046
nz29,-0.02123141,0.4863331,-0.0521711,0.001102828,0.9924932,0.004597755
nz03,0.7718893,0.7156262,0.01491519,0.922632,0.7794863,0.00394791
nz20,0.9381133,0.9622473,0.05000306,1.497885,0.8962714,0.005798564
nz11,0.9399361,0.8813197,0.06429021,0.8909844,0.8882834,0.003329021
nz38,0.9439818,0.8600322,0.13071,0.9212511,0.8372394,0.02318873
nz46,0.9856582,0.9805099,0.00136489,0.6253345,0.9628182,0.006860391
nz29,-0.06777882,0.4870735,-0.05611492,-0.005694018,NaN,0.003502632
nz03,0.8948966,0.7870159,0.01499809,0.923995,0.826292,0.004346548
nz20,0.8974066,0.958863,0.04721806,1.21647,0.9424366,0.005700354
nz11,0.8034376,0.8785406,0.06755985,1.684934,0.7750295,0.002120424
nz38,0.9415744,0.8528717,0.1281061,1.075431,0.8192614,0.02238592
nz46,0.697933,0.8778254,0.003203878,0.6756658,0.9569426,0.00695269
nz29,0.01183562,0.4976032,-0.04510623,-0.004237123,0.9851814,0.004263265
nz03,0.8305177,0.7275863,0.01305016,0.9707346,0.7602421,0.004264932
nz20,0.9930154,0.9607158,0.05298792,1.237877,0.9461349,0.005990118
nz11,0.9258067,0.8858437,0.06694441,1.13757,0.8231012,0.002937317
nz38,0.9454942,0.8538944,0.1288381,1.03201,0.8350691,0.02403547
nz46,0.7745996,0.9455124,0.002327416,0.9371665,0.9351705,0.005801096
nz29,-0.1156511,0.4742018,-0.06002467,-0.006667688,0.9803372,0.003079924
nz03,0.781012,0.7356196,0.01179757,1.376376,0.7168644,0.002251037
nz20,0.9413878,0.9601369,0.04588423,1.08034,0.9604744,0.006044025
nz11,0.9535678,0.8820151,0.06529037,1.019799,0.8010906,0.002907998
nz38,0.9485852,0.8670169,0.1252832,0.9466964,0.8402481,0.02340906
nz03,0.8083023,0.7163955,0.01201226,0.8701996,0.6319773,0.00294499
nz29,-0.04182313,0.4730575,-0.05272264,-0.001556791,0.9571123,0.00325047
nz20,0.9692285,0.9615302,0.05535597,0.9326539,0.9638793,0.006084569
nz11,0.7492388,0.8807719,0.07286397,1.29926,0.8246983,0.002943014
nz38,0.9581872,0.8573059,0.1271623,1.206803,0.8019174,0.02322666
nz03,0.7036957,0.7222174,0.01117568,1.044978,0.6247012,0.0009935782
nz29,0.02524728,0.4949062,-0.0353344,0.02268438,0.9907154,0.00554094
nz20,0.986692,0.9681238,0.05025388,1.206206,0.8896836,0.006236047
nz11,0.6720481,0.852039,0.06560144,1.445296,0.7868717,0.003404655
nz38,0.9654021,0.8618945,0.1300931,1.199898,0.8149274,0.02169068
nz03,0.807194,0.7491567,0.01326659,0.9870474,0.7606641,0.004980062
nz29,-0.09826189,0.4720152,-0.07167533,-0.006151168,0.9831639,0.004315193
nz11,0.8375542,0.8855938,0.06823226,1.447538,0.8468648,0.003077222
nz20,0.929023,0.9567688,0.05384823,1.100169,0.9664358,0.006116227
nz03,0.7011365,0.7091689,0.01107485,1.289066,0.6848307,0.002969964
nz38,0.9599523,0.8524534,0.1247015,1.027025,0.8317069,0.02357984
nz11,0.973508,0.8910562,0.06714526,1.481699,0.7383848,0.002757922
nz29,-0.0263889,0.4792571,-0.04212246,-0.00173611,0.9721166,0.003323255
nz20,0.9045542,0.9587953,0.04667109,1.058299,0.9617809,0.006081023
nz03,0.8244633,0.7670416,0.01348492,0.9622519,0.7328832,0.004076422
nz11,0.9004526,0.8852394,0.0694479,1.105728,0.8754228,0.00333726
nz38,0.9634589,0.8587943,0.1284484,1.089735,0.8175532,0.0245512
nz20,0.9716991,0.9620014,0.04830148,1.156435,0.9413513,0.006134159
nz29,-0.1041419,0.4740385,-0.06413429,-0.007196812,NaN,0.003057864
nz03,0.742988,0.7488195,0.01283421,0.8571738,0.685104,0.003339722
nz11,0.7824821,0.8818043,0.07114063,1.344446,0.7654778,0.002598109
nz38,0.9334897,0.8473231,0.125918,0.9024382,0.8462076,0.02359581
nz20,0.9846429,0.9581088,0.04638396,0.9389636,0.9671776,0.006102574
nz29,-0.1281309,0.4677622,-0.06362309,-0.004747328,NaN,0.003019473
nz11,0.8153292,0.8494347,0.0641727,1.117569,0.7787449,0.002168374
nz03,0.7572991,0.7177183,0.01209024,0.8471967,0.7415629,0.003480114
nz20,0.9483143,0.9611884,0.04740855,1.258022,0.9468778,0.005921289
nz38,0.938088,0.8602252,0.1269682,1.06975,0.8283527,0.02164928
nz29,-0.08473142,0.4674531,-0.05740113,-0.008700578,0.9909501,0.003496695
nz11,0.6694447,0.8674773,0.07131504,1.593436,0.7770132,0.003348802
nz03,0.824696,0.7453914,0.01520944,0.9883515,0.8089884,0.00391357
nz20,0.9767414,0.9610901,0.04964978,1.179636,0.9365087,0.006020385
nz38,0.9748933,0.8629809,0.1274881,1.098003,0.8209659,0.02454491
nz29,-0.07231564,0.4757889,-0.05927149,-0.002416528,0.9874095,0.003155046
nz11,0.6263035,0.856025,0.06690078,1.076636,0.8590731,0.003095695
nz03,0.8197836,0.7420181,0.015346,0.9361013,0.8037326,0.00536862
nz20,0.9326044,0.9630516,0.0492777,1.111724,0.9577737,0.006098061
nz38,0.9804185,0.8660149,0.1300922,1.022441,0.8298558,0.02327863
nz11,0.9774156,0.8997529,0.06012937,1.25293,0.683254,0.002274243
nz29,-0.1013981,0.4776092,-0.05689819,-0.00356682,0.9928717,0.003895313
nz03,0.8160652,0.7226727,0.01250477,0.9174704,0.7622348,0.004089646
nz20,0.9588539,0.9618908,0.04998773,1.2391,0.9431489,0.005454848
nz38,0.9433896,0.8587624,0.1250208,0.9548091,0.8508463,0.02362906
nz11,0.7884672,0.860077,0.06991227,1.269667,0.7549989,0.003131728
nz03,0.8107866,0.7432204,0.01301516,1.14454,0.7347686,0.003764228
nz29,-0.08504778,0.4692796,-0.05283205,-0.001737285,0.9895427,0.004323712
nz20,0.9774255,0.9628341,0.04673819,1.102674,0.9676036,0.006051726
nz11,0.8922657,0.8896303,0.07646504,1.361457,0.8287412,0.003551584
nz38,0.9593699,0.8598139,0.1251995,1.156203,0.8172793,0.02310704
nz03,0.8128189,0.744823,0.01423941,1.32796,0.6806956,0.004174103
nz29,-0.08331729,0.477091,-0.0625892,-0.005051689,0.9538564,0.003815205
nz20,0.9856685,0.9637354,0.04548863,1.455562,0.9488774,0.005946004
nz11,0.6788662,0.8557415,0.06287169,0.9424,0.9286664,0.00343442
nz38,0.9698021,0.8550644,0.1279437,1.160814,0.8037257,0.02142119
nz03,0.6885685,0.7110857,0.01116055,1.004686,0.8262674,0.004565476
nz29,-0.05601547,0.4808664,-0.05408627,-0.003761418,0.9927181,0.003882064
nz46,0.9343716,0.9246706,0.002278721,1.267264,0.9180731,0.00635098
nz20,0.9539899,0.9568763,0.04495337,1.101812,0.9506868,0.005543281
nz11,0.8873871,0.8637316,0.06529446,0.8554077,0.87387,0.002875058
nz03,0.7995619,0.7526112,0.01242081,1.134111,0.7022545,0.001090767
nz38,0.9274253,0.8450558,0.1243595,1.09852,0.8476472,0.0229331
nz29,-0.07980776,0.473898,-0.05847639,-0.001225454,0.9834878,0.004469992
nz46,0.9765154,0.9691043,0.00264819,0.8757102,0.9479351,0.006986786
nz20,0.9794109,0.9565789,0.05257889,1.05755,0.943233,0.006146326
nz11,0.7821779,0.8784488,0.06992133,1.378441,0.7749184,0.002501041
nz03,0.5809182,0.6436164,0.008736147,0.8231377,0.6964859,0.002517261
nz38,0.910038,0.8588813,0.120769,0.8799774,0.8436224,0.02308341
nz46,0.9708308,0.9258237,0.002204062,0.602949,0.9614146,0.007113945
nz29,0.3686566,0.5725129,0.05222486,0.1840748,0.9856273,0.00509102
nz20,0.927962,0.9602096,0.04906294,1.1249,0.9617403,0.006033119
nz11,0.9507386,0.8960793,0.07461707,1.176521,0.8560062,0.003890295
nz03,0.8231001,0.7324533,0.0127418,0.9171792,0.7817786,0.005238614
nz38,0.9496629,0.853366,0.124422,1.039447,0.8411945,0.0231062
nz46,0.9519735,0.9677571,0.001875624,0.5781703,0.9718746,0.007202748
nz20,0.9827943,0.9613793,0.04834183,1.18613,0.9561627,0.006096017
nz11,0.9008873,0.8716495,0.07330457,1.077723,0.7582304,0.003049467
nz29,-0.09363039,0.4767543,-0.06474925,-0.006914204,0.9739466,0.00458344
nz03,0.7625258,0.7016747,0.01159682,1.20119,0.7193607,0.004525776
nz38,0.9325395,0.8513117,0.1255189,1.097238,0.8226313,0.0227213
nz46,0.8586078,0.9096387,0.001595569,1.152924,0.9296251,0.006643938
nz20,0.9916478,0.9628414,0.04717923,1.372273,0.935418,0.006012711
nz11,0.929932,0.8878552,0.06828672,0.8108559,0.8636097,0.002847602
nz29,-0.1068607,0.459828,-0.05784122,-0.005306641,0.9838833,0.004448507
nz03,0.7111484,0.7141241,0.01163668,1.183359,0.7121185,0.003492876
nz38,0.9740909,0.8766524,0.1264216,1.13074,0.8564896,0.02433424
nz11,0.8445392,0.865301,0.07466367,0.7902173,0.9125965,0.003570313
nz46,0.8195115,0.9100896,0.002376235,0.950187,0.9085554,0.006200193
nz20,0.9630935,0.9589912,0.0532618,1.136548,0.9509055,0.00598423
nz29,-0.09148324,0.4720464,-0.05900431,-0.002961914,0.9884233,0.0032572
nz03,0.8010095,0.7606087,0.01149744,1.117065,0.7354075,0.003916679
nz11,0.722143,0.8740226,0.07967057,1.417453,0.7553555,0.002617295
nz38,0.9631354,0.8614949,0.1252439,0.9015077,0.8603615,0.02378128
nz46,0.7709256,0.9545729,0.002251427,1.059982,0.9259795,0.00579779
nz20,0.980214,0.9593424,0.05115182,1.139945,0.95947,0.005919619
nz29,-0.1075865,0.4639397,-0.06361491,-0.002191723,0.9805835,0.003952883
nz03,0.7706426,0.7328575,0.01399872,0.8608467,0.7688729,0.004106942
nz11,0.9705185,0.895283,0.06296847,0.8470119,0.888925,0.003623211
nz20,0.9683274,0.9608658,0.05136007,1.203339,0.9495849,0.005886791
nz46,0.9491138,0.9524136,0.002267257,0.8263043,0.9484723,0.006846297
nz38,0.9527582,0.8627569,0.1244935,1.060485,0.8162227,0.02115015
nz29,-0.1194672,0.4742908,-0.06872672,-0.006750476,0.9698974,0.003396928
nz03,0.7668529,0.7043415,0.01040002,0.8698494,0.8665498,0.003756386
nz11,0.9484321,0.8969144,0.06353899,0.9241339,0.8212976,0.003621247
nz20,0.9612452,0.961383,0.04636396,1.219381,0.9337141,0.005639807
nz38,0.9620488,0.8560791,0.123484,1.076368,0.8302689,0.0224371
nz29,-0.09595173,0.4778165,-0.05165152,-0.00340244,NaN,0.003189656
nz03,0.7921855,0.7179355,0.01118691,1.107335,0.7691107,0.004748271
nz11,0.7961719,0.8798172,0.08095642,1.087392,0.8487407,0.003494165
nz20,0.9894926,0.9608282,0.0473888,1.210965,0.9468018,0.005977011
nz38,0.9708376,0.8612583,0.125221,1.221086,0.8280133,0.02192161
nz29,-0.1050175,0.4769722,-0.06581055,-0.010022,0.9923156,0.004909156
nz03,0.8665749,0.7385271,0.01301652,0.9853484,0.7784706,0.004233616
nz11,0.898096,0.8900544,0.06897362,1.199647,0.7758694,0.002608975
nz20,0.9787194,0.9613022,0.05239597,1.100074,0.9664279,0.006099892
nz38,0.8885857,0.8369014,0.1215793,0.9510107,0.8280715,0.0213771
nz03,0.7149586,0.7144972,0.01275325,0.8048299,0.8041421,0.003631042
nz11,0.938753,0.8970893,0.06955633,1.499882,0.8047109,0.002689322
nz29,-0.08398171,0.484536,-0.05394338,-0.002678844,0.9918376,0.003501255
nz20,0.9545065,0.9618952,0.0547165,1.072066,0.9699218,0.005915681
nz46,0.9840272,0.965444,0.002523689,1.069676,0.9467795,0.006483156
nz38,0.9396497,0.8544107,0.1225306,1.12166,0.813736,0.02318528
nz11,0.6657783,0.8464829,0.06955853,0.8221293,0.8448118,0.003390501
nz03,0.8014717,0.7409912,0.01319774,0.9786304,0.7361185,0.004086155
nz29,-0.09035263,0.4774216,-0.05970742,-0.002781959,0.9896392,0.003368063
nz20,0.9630424,0.965513,0.05442292,1.128288,0.9483721,0.006384141
nz46,0.868863,0.9251954,0.00156275,1.182499,0.9426075,0.005895555
nz38,0.9833365,0.8720899,0.1269937,1.221324,0.820269,0.0235384
nz11,0.9631617,0.891408,0.06559915,1.311312,0.7509485,0.002026321
nz03,0.8512305,0.7521128,0.01270165,1.049922,0.8009985,0.004032308
nz29,-0.01743435,0.4914555,-0.04963649,-0.001064896,0.9693309,0.003896036
nz20,0.9719755,0.9573811,0.0556232,1.037898,0.9523953,0.006108588
nz46,0.900014,0.9419673,0.00253616,0.9038765,0.9475244,0.007228316
nz11,0.9414908,0.8908531,0.07163848,1.127126,0.8175353,0.003123728
nz38,0.9783935,0.8652005,0.1309516,1.256937,0.8176088,0.02192787
nz03,0.8018049,0.7390363,0.01646633,1.007273,0.7667858,0.004078327
nz29,-0.1388465,0.4668243,-0.06681096,-0.005461582,0.9861729,0.003175243
nz20,0.9841094,0.9639604,0.04804222,1.435695,0.9369533,0.006136557
nz46,0.8415137,0.9496479,0.001210522,1.062813,0.9431807,0.006626474
nz11,0.8878595,0.8762783,0.07150237,1.050542,0.84125,0.003187591
nz03,0.8107827,0.7468784,0.0139705,0.8808553,0.7360889,0.003837759
nz38,0.9417732,0.8670029,0.1313655,0.9922928,0.815534,0.02210385
nz29,0.1185359,0.5133689,-0.02713588,0.06684811,0.9637285,0.00567546
nz20,0.952346,0.959062,0.05050415,1.356212,0.9377909,0.006063624
nz46,0.9447606,0.9334154,0.002385186,0.5828981,0.941499,0.005953799
nz11,0.5654568,0.8310852,0.06284326,1.052593,0.777219,0.002295127
nz03,0.7264129,0.716876,0.01177371,0.6346553,0.789256,0.004293071
nz38,0.9156179,0.8449269,0.1218409,0.8498654,0.8420093,0.02353338
nz20,0.9645561,0.9612509,0.04945792,1.103471,0.9547831,0.006023885
nz29,-0.09836266,0.4777142,-0.05951492,-0.006327475,0.9392227,0.002899084
nz46,0.919961,0.9437257,0.002428229,0.9480508,0.9339509,0.00714299
nz11,0.9544857,0.8910096,0.06751327,1.474912,0.6811484,0.001760836
nz03,0.7199385,0.7044545,0.0125155,1.111614,0.7495769,0.003662429
nz38,0.9571598,0.8578934,0.123463,1.11511,0.8191307,0.02228163
nz20,0.9616176,0.9598,0.04593051,1.139661,0.9534353,0.005945669
nz46,0.8886486,0.9248367,0.003231855,0.6820938,0.9646163,0.007004559
nz11,0.9246349,0.8949364,0.06719226,0.894916,0.8638739,0.003163412
nz29,-0.1076032,0.4700382,-0.06467188,-0.005828902,0.9808283,0.003489134
nz03,0.8180284,0.7382007,0.01328964,0.8820838,0.7465123,0.003286583
nz38,0.9424084,0.8551959,0.1257437,0.9878853,0.8227274,0.02354363
nz20,0.9856968,0.9614756,0.05032665,1.383636,0.9322578,0.006103838
nz11,0.9674562,0.8914962,0.06855356,0.7347888,0.8749198,0.00358885
nz46,0.63839,0.8838502,0.002488749,0.6076971,0.9427076,0.006267259
nz29,-0.1118963,0.4682718,-0.06043823,-0.005900461,0.9840704,0.003899569
nz03,0.8018539,0.7341249,0.01448899,1.000215,0.8143085,0.004278728
nz38,0.8853591,0.8425603,0.1174105,0.9050611,0.8452556,0.0227439
nz20,0.9079538,0.9495685,0.05300628,0.8483731,0.9690435,0.006343368
nz11,0.9271612,0.8814678,0.06585876,0.7313103,0.8201628,0.002621622
nz46,0.5260206,0.9114734,0.001591111,0.9256605,0.9410446,0.006886339
nz29,-0.04033028,0.4827222,-0.05108901,-0.001113098,0.9777191,0.003126531
nz03,0.7133316,0.7267818,0.01137596,1.505302,0.6945587,0.002884967
nz20,0.9796762,0.962538,0.05067327,1.228799,0.9548175,0.005918307
nz38,0.9343929,0.8432165,0.1279511,0.9118948,0.8375068,0.02294966
nz11,0.8083949,0.8835726,0.06555698,1.712,0.7509742,0.001870234
nz46,0.9376326,0.9355078,0.002966008,0.7833618,0.9612708,0.006346946
nz29,-0.008797755,0.4946034,-0.04341942,-0.001988698,0.9722209,0.003796011
nz03,0.7842526,0.7718501,0.01658383,1.088499,0.7648381,0.003593327
nz20,0.9825388,0.9641446,0.05345745,1.338709,0.9528842,0.006218166
nz11,0.604761,0.8470502,0.06107867,1.130183,0.8768118,0.003703916
nz38,0.9710683,0.8634861,0.127284,1.069711,0.8040903,0.0217613
nz29,-0.1332421,0.464661,-0.06870976,-0.01179288,0.9584182,0.005018263
nz03,0.74592,0.7293792,0.0111813,1.281301,0.6760363,0.00243323
nz11,0.9690694,0.8975281,0.06897429,1.019151,0.8216458,0.003087182
nz20,0.977609,0.9585328,0.0492553,1.163354,0.9452941,0.006080946
nz38,0.9554582,0.8577761,0.1271569,1.003637,0.820428,0.02126757
nz29,-0.08852529,0.4789897,-0.06015471,-0.004725363,0.9890221,0.00368113
nz03,0.8130468,0.7332886,0.01354181,0.8972146,0.8066823,0.00408882
nz11,0.8766672,0.8857859,0.06832941,1.181276,0.8328562,0.003414561
nz20,0.9904214,0.9625123,0.04943635,1.175427,0.9571925,0.006096852
nz38,0.942868,0.8618849,0.1284676,1.102027,0.8416336,0.02348554
nz03,0.8412538,0.7542941,0.01265957,0.8856437,NaN,0.004702788
nz29,-0.09910451,0.4742519,-0.06593757,-0.00369057,0.9952454,0.005587213
nz11,0.9210873,0.8752902,0.06433434,0.7124761,0.8613976,0.003097026
nz20,0.9664554,0.9629232,0.05303594,1.212995,0.9451567,0.006055506
nz38,0.9343837,0.8545771,0.1216518,1.230347,0.7868718,0.02024354
nz29,-0.06970647,0.4817645,-0.0579768,-0.007820723,0.9740193,0.004383664
nz11,0.8355461,0.8456201,0.06679508,0.8837694,0.7578065,0.003216453
nz20,0.9761871,0.9606099,0.04838003,1.480633,0.9137575,0.005925385
nz38,0.95486,0.858684,0.1254104,1.110438,0.8070796,0.02309365
nz11,0.8310418,0.8733578,0.07086842,1.338721,0.8290534,0.002369775
nz29,-0.1043501,0.472553,-0.06355694,-0.006279618,0.9763935,0.005570984
nz20,0.8165281,0.9618183,0.05137851,1.135419,0.9314891,0.005772014
nz38,0.9254905,0.8566211,0.1233253,1.240546,0.8126596,0.02230644
nz11,0.9069456,0.8970167,0.07073873,1.446605,0.7892777,0.002545383
nz46,0.6343874,0.9525979,0.002114426,0.875647,0.9604575,0.006659088
nz29,-0.1482774,0.4614109,-0.07568688,-0.01111242,0.958751,0.003587644
nz20,0.9195502,0.9611724,0.04993646,1.095715,0.9390997,0.005923595
nz11,0.9376391,0.8856468,0.06978329,1.295401,0.8047096,0.00304484
nz38,0.9307164,0.8509432,0.128525,1.074889,0.8252247,0.02271082
nz30,0.9864829,0.8260362,0.4838145,0.9091009,0.850338,0.01714656
nz20,0.9792671,0.9617694,0.05410701,1.295108,0.9502711,0.005966544
nz11,0.9550997,0.8871505,0.06747885,0.907468,0.7759896,0.003580277
nz39,0.8140439,0.8610946,0.002931894,0.9964885,0.8980424,0.003463656
nz30,0.9806873,0.8243095,0.4837666,1.056609,0.8356813,0.01589525
nz20,0.9094071,0.9575685,0.04144704,1.113493,0.960356,0.005914609
nz11,0.7348463,0.8625955,0.06247755,0.7815622,0.8727186,0.003421966
nz39,0.7345849,0.8211816,0.002346493,0.8129916,0.9095813,0.003570389
nz30,0.950269,0.8228939,0.4755162,1.022749,0.8293621,0.01525573
nz20,0.9929844,0.9624199,0.04925899,1.062604,0.982688,0.005909743
nz12,0.8810545,0.7437751,0.2378362,0.818084,0.8787227,0.004412138
nz39,0.9413857,0.8754467,0.003005853,1.139461,0.9353564,0.003766837
nz30,0.9852236,0.8305988,0.495222,0.9282277,0.8229729,0.01638672
nz21,-0.06839187,0.4344504,-0.02784446,-0.07842789,0.9886476,0.00377345
nz12,0.8872361,0.7527171,0.2526092,0.7924615,0.8402565,0.004158367
nz39,0.7181825,0.7857482,0.002456418,1.113343,0.8154482,0.002784805
nz30,0.9679906,0.82332,0.4752324,0.9185354,0.8637303,0.01752499
nz21,-0.03473074,0.455614,-0.02245003,-0.01663481,0.9939379,0.003330628
nz12,0.8416928,0.7361883,0.2375803,0.9844951,0.7423272,0.002693467
nz39,0.9341134,0.9053728,0.004511987,1.319895,0.8764969,0.003761951
nz30,0.9415837,0.8161278,0.4676384,1.050825,0.8355742,0.01529157
nz21,0.4621052,0.6344931,0.03577083,0.4679216,0.9554961,0.00326394
nz12,0.8758888,0.7526955,0.2515303,0.736545,0.833711,0.004105468
nz39,0.8742564,0.88236,0.002990929,1.410531,0.9311616,0.003976414
nz30,0.9282849,0.8279388,0.4871865,1.101727,0.8389483,0.0148218
nz12,0.8252995,0.7404872,0.2298052,0.7321635,0.7967865,0.004289869
nz21,-0.1576878,0.4254111,-0.03914639,-0.01509728,0.986085,0.003030149
nz39,0.8584732,0.8976977,0.0038124,0.93837,0.8930098,0.003446444
nz30,0.9684476,0.8273692,0.4996774,0.7754456,0.8949806,0.01787194
nz12,0.8664585,0.75172,0.2452651,0.9662983,0.7352542,0.003249856
nz21,-0.2023359,0.4187348,-0.04110864,-0.033194,0.9904737,0.003135591
nz39,0.9363753,0.8749291,0.002174899,1.003656,0.8931299,0.003401446
nz30,0.9872085,0.8279531,0.4896497,1.09154,0.8257066,0.01559472
nz03,0.8870675,0.7742301,0.01389633,1.078102,0.7459244,0.004175704
nz12,0.747274,0.7257757,0.2305887,0.5398382,0.774121,0.0025222
nz39,0.8047214,0.8279583,0.002785632,1.374716,0.8999756,0.002868307
nz21,-0.22711,0.4164092,-0.04109501,-0.05362046,0.9838053,0.004148604
nz30,0.975685,0.8271671,0.4920183,0.9345956,0.838475,0.01701522
nz04,0.9684909,0.9028296,0.1735078,1.041678,0.8686275,0.007060454
nz12,0.8779175,0.7550943,0.2429222,0.9392108,0.7687761,0.003546164
nz39,0.8575675,0.8565373,0.003393575,1.286117,0.8683188,0.003048081
nz30,0.9552244,0.8247681,0.4886182,0.9800829,0.8647269,0.01754433
nz21,-0.03571933,0.4447992,-0.03187295,-0.009859494,0.995734,0.00302128
nz04,0.8425396,0.892146,0.1698298,1.14471,0.8685206,0.007312838
nz12,0.8872721,0.7416056,0.2477674,0.7507636,0.7445293,0.004462234
nz39,0.4299324,0.7138827,0.00180601,0.2785711,0.9500583,0.003695916
nz30,0.9908042,0.8306874,0.4938988,1.108919,0.8125899,0.014909
nz21,-0.1649362,0.423531,-0.03407394,-0.03350329,0.9491901,0.003121684
nz04,0.8250649,0.8788486,0.1580211,1.41594,0.8381118,0.007988629
nz12,0.8477488,0.7434824,0.2378464,0.6277261,0.8274998,0.004088763
nz39,0.9554747,0.8058015,0.001677725,0.9605893,0.8998106,0.003423822
nz30,0.9642616,0.8238977,0.4836572,1.081336,0.818973,0.0152016
nz04,0.9329429,0.9054556,0.1843662,1.066333,0.8726566,0.007831588
nz21,-0.2231482,0.4103185,-0.04386647,-0.04086394,0.9914924,0.003616657
nz46,0.7926678,0.9504895,0.001977682,1.119857,0.9276316,0.006126711
nz12,0.8461999,0.7486862,0.2407404,1.055217,0.7739155,0.003433243
nz39,0.6891948,0.7608441,0.002205657,1.051229,0.8785143,0.00391153
nz30,0.9665762,0.8277932,0.4881797,0.9485202,0.8570694,0.01722313
nz04,0.8901018,0.8964041,0.1693553,0.8829985,0.9036077,0.008892947
nz21,-0.06886004,0.4468252,-0.03357778,-0.0121753,0.99501,0.002967737
nz12,0.8274725,0.7563124,0.2559338,0.709492,0.7910162,0.003154932
nz39,0.1280961,0.7171747,0.001037598,0.07713456,0.9368483,0.003423606
nz30,0.922233,0.8093456,0.469267,1.042988,0.8369571,0.01629664
nz04,0.8767,0.8903921,0.161813,1.259581,0.8495539,0.007856214
nz21,0.7162589,0.7030693,0.04872617,0.4880456,0.9238257,0.003284227
nz12,0.7320176,0.738961,0.2295966,0.7380645,0.8648282,0.003746677
nz39,0.8888103,0.8881753,0.003638405,1.150786,0.9065409,0.0036703
nz30,0.9219768,0.8108416,0.4514524,1.150074,0.8064174,0.01642638
nz04,0.8755782,0.8991663,0.1778775,1.037149,0.8914032,0.008105178
nz21,-0.1356718,0.4290117,-0.03874261,-0.04743392,0.9535847,0.003479586
nz39,0.855836,0.8912158,0.00319891,1.13995,0.9050285,0.003857419
nz12,0.7667991,0.7528229,0.2410577,1.05528,0.759434,0.001815251
nz30,0.8983148,0.8180507,0.4786821,0.8934316,0.846452,0.01626882
nz46,0.8498126,0.928354,0.002261301,1.001642,0.9228004,0.006487374
nz04,0.9517125,0.8987146,0.1724611,0.9071429,0.8998742,0.009188736
nz21,-0.1842118,0.4195715,-0.0420474,-0.05683526,0.9978406,0.00307419
nz12,0.7232399,0.7244618,0.2277449,0.7890816,0.7895632,0.003261914
nz39,0.8965027,0.9116501,0.002494605,1.200598,0.9006994,0.003178356
nz30,0.9907174,0.8277882,0.4888566,0.8471315,0.88238,0.01789801
nz46,0.9709915,0.9496142,0.002325662,1.169095,0.9039048,0.006154543
nz04,0.9771054,0.9032043,0.1907758,1.057751,0.8953301,0.007804885
nz21,-0.2641423,0.4068574,-0.0442217,-0.01435466,0.9958629,0.003816844
nz12,0.8435696,0.736084,0.2377776,0.6600335,0.8124072,0.003587626
nz39,0.8951231,0.8855318,0.002156551,1.325274,0.8504224,0.003469977
nz30,0.9523612,0.8230369,0.4718162,1.097112,0.8325882,0.01541003
nz46,0.8941799,0.9359333,0.001942213,0.8737961,0.9450542,0.006866884
nz04,0.8522023,0.8920332,0.1684046,1.149651,0.8889536,0.008346214
nz12,0.8764645,0.7591192,0.2570153,1.337266,0.7553372,0.003528627
nz39,0.6356691,0.736969,0.002364038,0.992051,0.8767829,0.003350593
nz30,0.8910572,0.8036594,0.4468926,0.8799663,0.8296459,0.01736789
nz21,0.3337256,0.5592656,0.016464,0.1910064,0.9844302,0.004443539
nz04,0.8442026,0.9000387,0.183287,1.063787,0.8788384,0.00821352
nz46,0.9436989,0.9326397,0.002378911,1.258318,0.9283704,0.006217095
nz12,0.8501877,0.7397994,0.2539685,0.7090331,0.8013241,0.003097483
nz39,0.8365447,0.8485207,0.003687672,0.913608,0.8654938,0.002694934
nz30,0.952235,0.8223335,0.4767202,1.028661,0.8435135,0.01677493
nz21,-0.2444562,0.4143143,-0.04075637,-0.02586132,0.9958139,0.003122338
nz04,0.950706,0.907148,0.1703446,0.9639056,0.8881155,0.008356163
nz46,0.8153448,0.8778097,0.002063279,0.7855665,0.942375,0.007211673
nz12,0.6091013,0.7309281,0.2373525,0.9512762,0.6597508,0.00244714
nz39,0.8458401,0.8428594,0.002326866,0.9543166,0.7841898,0.002840371
nz30,0.9424044,0.8216717,0.4832379,0.8198975,0.8408392,0.01737357
nz04,0.9480427,0.8928605,0.1632169,1.093719,0.8227443,0.007129732
nz46,0.8703561,0.9438953,0.003013181,0.571816,0.9665158,0.006518956
nz21,-0.06524399,0.4561631,-0.02952634,-0.02149242,0.9956543,0.003169477
nz12,0.8911142,0.746527,0.2487679,1.06099,0.7310668,0.003044025
nz30,0.9808162,0.8305615,0.48822,1.128843,0.8409189,0.0159633
nz39,0.5964583,0.7917627,0.002467372,0.5743475,0.9600172,0.003271031
nz04,0.7930731,0.8870401,0.1626651,1.243925,0.882124,0.008499386
nz46,0.7702421,0.9466179,0.001550322,1.240103,0.9284849,0.006973465
nz21,-0.1152638,0.4497037,-0.03239592,-0.02121838,0.991473,0.003577558
nz30,0.9747929,0.826326,0.4832118,1.00537,0.8677277,0.01597094
nz12,0.7506408,0.7233902,0.2364757,0.7407749,0.8041782,0.003966853
nz39,0.8640221,0.87161,0.002624392,0.9030903,0.942544,0.003537175
nz04,0.9002102,0.9072706,0.1750164,1.037552,0.9087931,0.008959576
nz46,0.696708,0.9266007,0.001821566,0.8927576,0.9510646,0.007062779
nz21,0.01028723,0.4788678,-0.01223548,-0.02206142,0.9813362,0.003430135
nz39,0.901912,0.9082151,0.001407217,0.8463441,0.9384588,0.003742825
nz30,0.9163875,0.8148256,0.4634631,0.8786059,0.8673983,0.01767362
nz12,0.6811783,0.7345074,0.2421623,1.132816,0.6781564,0.001944202
nz04,0.9898104,0.909504,0.1992832,1.297345,0.8524411,0.009088157
nz46,0.9234787,0.9306436,0.002833891,0.9070812,0.9093132,0.005800874
nz21,-0.1152403,0.4361016,-0.03324741,-0.03627141,0.9760435,0.003094283
nz39,0.7592982,0.8604932,0.003807338,0.9338375,0.9129359,0.003068087
nz30,0.9521986,0.8244783,0.4882515,0.8002956,0.8643151,0.01665705
nz12,0.811763,0.7178352,0.2199247,0.7470578,0.7448713,0.003030998
nz04,0.9383181,0.9013573,0.1597914,1.152398,0.853467,0.007031194
nz47,0.9414475,0.8346535,0.2167352,0.937907,0.8711593,0.01411265
nz21,-0.2512998,0.4088054,-0.03923694,-0.02240849,0.9911242,0.004084839
nz39,0.8632414,0.8957461,0.002506435,1.506325,0.8314489,0.003344799
nz30,0.9569357,0.8154543,0.4520182,1.020925,0.8154843,0.01603166
nz12,0.8569485,0.7466404,0.255359,0.6781079,0.8475345,0.004933387
nz04,0.9822565,0.9049665,0.183772,1.011176,0.8939128,0.008053431
nz47,0.9543578,0.8339301,0.2209512,1.128252,0.8492064,0.01426613
nz21,-0.2283521,0.4110037,-0.04523801,-0.0630877,0.9801689,0.003351541
nz39,0.9039814,0.8242842,0.002565365,1.009336,0.9234735,0.003796368
nz30,0.9787038,0.8301759,0.4864546,1.036985,0.8429202,0.01700138
nz04,0.9470006,0.8986471,0.1557435,1.096053,0.8569169,0.006800845
nz12,0.7161861,0.7174921,0.2062438,0.7607851,0.7308905,0.002622836
nz47,0.9721254,0.8377426,0.218249,1.134439,0.85746,0.01412919
nz21,-0.1706932,0.4348724,-0.04040683,-0.03618205,0.9947229,0.003572894
nz39,0.8454705,0.8689406,0.002258549,1.235986,0.8524676,0.003779737
nz30,0.9599846,0.8237408,0.4652605,0.8482796,0.8932026,0.01820854
nz04,0.9664146,0.9007614,0.1777595,0.9505921,0.8687565,0.007720085
nz12,0.86808,0.740786,0.2533315,0.7649088,0.6396827,0.002622208
nz47,0.9791311,0.8387562,0.2258222,0.9412878,0.8672498,0.0147845
nz21,-0.1230872,0.4304501,-0.0393791,-0.02218938,0.9676977,0.003812476
nz39,0.8135471,0.8419172,0.002330717,0.8550104,0.9433203,0.003644916
nz30,0.9863858,0.8308754,0.4941817,0.8680256,0.8573397,0.01678444
nz12,0.8107924,0.7312989,0.2384442,0.8140658,0.712076,0.003133536
nz04,0.9650048,0.9074755,0.1965663,1.066817,0.8825631,0.007447211
nz47,0.9097918,0.8147924,0.2146934,1.026243,0.8389641,0.01363005
nz39,0.9075917,0.9176005,0.003479059,0.9471494,0.8966887,0.003520255
nz30,0.954419,0.8221178,0.4842602,1.031898,0.849166,0.017047
nz21,-0.2068535,0.4104,-0.04416637,-0.05952842,0.9911512,0.003237979
nz04,0.8439161,0.8845942,0.1667584,1.054742,0.8618361,0.008112857
nz12,0.8519676,0.726342,0.2276658,1.025672,0.7200409,0.00276141
nz47,0.9741981,0.8409676,0.2135763,0.9817801,0.8644086,0.01417048
nz39,0.8799259,0.8691636,0.002760971,1.192489,0.8987867,0.00385275
nz30,0.9669796,0.8239586,0.4716334,0.9912078,0.8319339,0.01631192
nz12,0.7813631,0.7357957,0.2462095,1.129754,0.6971222,0.002989052
nz04,0.7678817,0.8688273,0.1527334,0.9039797,0.8749866,0.008438412
nz21,-0.07949267,0.4403793,-0.03053837,-0.05816705,0.987802,0.003549953
nz47,0.9003248,0.812227,0.2081613,1.108818,0.8342936,0.01521471
nz39,0.8547168,0.8277369,0.003605281,1.301711,NaN,0.003128561
nz30,0.9872532,0.8276686,0.4793349,1.088369,0.8267634,0.0169584
nz04,0.9601431,0.9053689,0.1649697,0.9845219,0.8840356,0.008199561
nz12,0.838849,0.7550832,0.2353169,0.9352703,0.6678887,0.001413599
nz21,-0.2095245,0.4169327,-0.03712686,-0.02868367,0.9693555,0.003247143
nz47,0.9142117,0.815516,0.2077298,1.040759,0.8681065,0.01479029
nz39,0.7868547,0.8399535,0.002631464,0.8187074,0.8545457,0.003257351
nz30,0.9648199,0.8314089,0.4891439,0.8880868,0.861298,0.01618879
nz04,0.9613336,0.9072721,0.169921,1.120092,0.8747342,0.007833383
nz12,0.7334676,0.7365888,0.233107,0.9278621,0.7301672,0.002007052
nz47,0.9744807,0.8331986,0.212194,1.037202,0.8372547,0.0137264
nz21,-0.1165647,0.4382318,-0.03204384,-0.02112962,0.9935689,0.003533097
nz39,0.8459832,0.8609826,0.002487433,1.406649,0.8306707,0.003318262
nz30,0.9668399,0.8237749,0.4849905,0.8552608,0.8766244,0.01756287
nz04,0.973143,0.9057233,0.180455,0.9037027,0.928855,0.008730026
nz12,0.8655329,0.7309681,0.2448076,0.9535705,0.6578804,0.003387175
nz47,0.9074902,0.8171262,0.2101905,0.8155293,0.9009567,0.01614887
nz21,-0.1633929,0.4232838,-0.04041963,-0.03439668,NaN,0.003561516
nz39,0.3274261,0.7237613,0.001633089,0.2198075,0.9425289,0.003672171
nz30,0.9731885,0.8315256,0.4875655,0.8241637,0.8761843,0.01688817
nz04,0.9509081,0.90336,0.163762,1.212821,0.836005,0.008037994
nz12,0.6271917,0.7307814,0.2139508,0.8989316,0.70192,0.002150095
nz47,0.9771971,0.8478001,0.2220944,1.136245,0.8478436,0.01401797
nz21,-0.1149696,0.4249211,-0.03420695,-0.03272861,0.9893506,0.003135087
nz39,0.8582768,0.8823258,0.002829581,0.766013,0.932127,0.0031953
nz30,0.9701268,0.8313472,0.4838297,1.069709,0.8281713,0.01696642
nz04,0.8947931,0.8947874,0.1772751,1.060645,0.8890751,0.008397752
nz12,0.8488824,0.7613571,0.247019,0.6542843,0.8591984,0.003538482
nz47,0.9792603,0.8438542,0.2334606,1.189294,0.8518913,0.01401369
nz21,-0.1897495,0.4094384,-0.03543592,-0.06663475,0.9912095,0.004471757
nz39,0.8394953,0.8599673,0.002974147,0.8497449,0.913927,0.0039213
nz30,0.9433603,0.8153408,0.464694,1.180038,0.796291,0.01567193
nz04,0.9247173,0.9009629,0.1860022,1.01801,0.8908064,0.007821249
nz12,0.5509977,0.7130723,0.1932526,0.9464998,0.7765076,0.003227141
nz47,0.9556094,0.8318215,0.2219214,1.144841,0.8426438,0.01586978
nz30,0.9746847,0.8333599,0.4975214,1.00706,0.8128081,0.01445571
nz39,0.7989485,0.8652086,0.00307407,0.8317836,0.9207703,0.003536684
nz04,0.9816932,0.9042772,0.1810318,0.9827852,0.8893922,0.008021857
nz21,0.5204178,0.6584232,0.04428848,0.6874731,0.9785376,0.004549095
nz12,0.867513,0.7545919,0.246736,0.8449851,0.8045147,0.002478408
nz47,0.9743368,0.838047,0.2233856,0.988553,0.8764203,0.01460546
nz30,0.8975067,0.8169549,0.4681417,0.9395226,0.8262084,0.01626095
nz39,0.1387678,0.692501,0.0006152646,0.08808672,0.9311801,0.003951661
nz04,0.8935977,0.8948122,0.1702982,1.22119,0.8494119,0.007657684
nz12,0.7101235,0.7061529,0.2255312,0.5562079,0.8064607,0.003071854
nz21,0.3350566,0.5885515,0.02019771,0.3322905,0.9742697,0.00376784
nz47,0.9653272,0.841087,0.2177741,1.032569,0.8643629,0.01580377
nz30,0.9824913,0.8333096,0.4993283,1.030519,0.8318658,0.016504
nz39,0.8314538,0.8669907,0.003533043,0.9263773,0.8751392,0.003237687
nz04,0.978402,0.9066942,0.199936,0.8896291,0.876777,0.007929159
nz12,0.8604379,0.7320881,0.2426757,0.8456054,0.7371312,0.002944713
nz21,0.1835147,0.5260626,0.0008444921,0.0564681,0.9935417,0.003177994
nz47,0.972307,0.8408829,0.2193884,1.008088,0.847203,0.01470768
nz30,0.9408563,0.8252907,0.4813616,1.217794,0.8361082,0.0165741
nz39,0.7600691,0.8468622,0.002384633,0.8621243,0.9099919,0.003806401
nz04,0.9071807,0.8959112,0.1821033,1.048511,0.8713399,0.00808239
nz12,0.8778504,0.7417418,0.2317187,1.068953,0.6418476,0.002111927
nz21,-0.2216158,0.4196056,-0.04243992,-0.02471543,0.9955907,0.003190706
nz47,0.9376507,0.8365148,0.2149694,1.058912,0.8729894,0.01534631
nz30,0.9606214,0.823703,0.4715999,0.8659741,0.8727598,0.01744838
nz39,0.8476105,0.8705745,0.003066941,1.071261,0.8815026,0.003505813
nz04,0.957681,0.9011871,0.1694096,1.11894,0.8641915,0.007476853
nz12,0.8970164,0.7476917,0.2575916,0.7422758,0.7622766,0.003377929
nz47,0.8671585,0.8027676,0.2080626,0.9531424,0.8429284,0.01485024
nz21,-0.2437621,0.4053878,-0.04507406,-0.03625414,0.9798091,0.00341971
nz30,0.9715925,0.8309,0.4993355,1.332568,0.8323005,0.01660842
nz39,0.7371166,0.8645027,0.001710676,0.5948086,NaN,0.003789215
nz04,0.7951082,0.8875939,0.174135,1.185471,0.9116047,0.008891071
nz12,0.6685803,0.7129777,0.213498,0.7229648,0.7465007,0.003114304
nz47,0.9385585,0.8388212,0.217322,1.153602,0.8649885,0.01573692
nz21,-0.1936427,0.4254039,-0.04035793,-0.02196849,0.9939446,0.002946025
nz30,0.9772842,0.8263101,0.4791227,0.8565601,0.8688978,0.01767923
nz39,0.8554783,0.8874943,0.003482554,1.185219,0.8953614,0.00328266
nz04,0.9509144,0.8989647,0.1709071,1.087173,0.8909077,0.008488986
nz12,0.9068323,0.7553183,0.2485196,0.6521081,0.8722873,0.00504396
nz47,0.9773141,0.8414145,0.2265018,1.127857,0.8341381,0.01334988
nz21,-0.1980985,0.4179222,-0.04427402,-0.01190106,0.9839745,0.003630047
nz39,0.7672215,0.8843912,0.00352848,1.057655,0.8767133,0.00338195
nz30,0.9734763,0.8279921,0.4833761,1.021964,0.8186798,0.01610566
nz04,0.9137549,0.9050713,0.1735459,1.108077,0.89621,0.007631284
nz12,0.8694247,0.7416632,0.240603,1.035494,0.7294169,0.002487958
nz47,0.9312613,0.8390287,0.2211894,0.9647172,0.8581811,0.01575254
nz30,0.9745177,0.8313716,0.5012578,1.187089,0.8444367,0.01613544
nz39,0.7154293,0.8948825,0.003386668,1.405646,0.8495587,0.003289204
nz21,0.4453934,0.669592,0.04455062,0.5575557,0.9797668,0.003902262
nz04,0.9330403,0.8991299,0.1735617,1.09649,0.8667341,0.007990743
nz12,0.5526281,0.7159492,0.2080036,1.049932,0.6925111,0.001974926
nz47,0.9256431,0.8199029,0.2121674,0.9395044,0.858999,0.01446308
nz30,0.9576815,0.8233909,0.4749218,0.8184168,0.8658549,0.01803621
nz39,0.8804041,0.8498427,0.002259393,1.414602,0.8983203,0.003450777
nz04,0.9270512,0.8950242,0.175564,1.04764,0.8898408,0.008202995
nz21,-0.2580391,0.4064479,-0.04012529,-0.0306238,0.9857628,0.003371952
nz12,0.828114,0.7323099,0.2426532,0.5479854,NaN,0.004063258
nz47,0.9202073,0.8342596,0.2164438,1.005955,0.8812968,0.0155974
nz30,0.967416,0.826939,0.4902793,0.9758916,0.867988,0.01725123
nz04,0.9423571,0.9118458,0.192712,1.205162,0.8656397,0.007547175
nz12,0.6748303,0.72351,0.1991654,0.7075703,0.6972867,0.003128857
nz21,0.4313608,0.6164731,0.02296374,0.4025886,0.992827,0.003860919
nz47,0.9737628,0.8470567,0.2332924,0.973054,0.8673124,0.0142593
nz30,0.9660618,0.8264702,0.4836868,0.9804758,0.8398006,0.01660409
nz04,0.9695528,0.8989343,0.188412,1.044031,0.8846512,0.008622372
nz12,0.8635712,0.7436396,0.2465417,1.043078,0.7272228,0.001706393
nz21,-0.2420348,0.3986704,-0.04159902,-0.05336681,0.9556513,0.002989223
nz47,0.9647929,0.836016,0.2090857,1.051803,0.8636335,0.01449259
nz31,0.958719,0.9435445,0.001979056,1.214846,0.9266373,0.007046676
nz04,0.970734,0.9098905,0.1685541,0.9720154,0.8802952,0.007642966
nz12,0.760148,0.7349374,0.2330308,0.650716,0.8500403,0.004130272
nz21,-0.2070945,0.4124405,-0.04102344,-0.02712066,0.9870501,0.002936442
nz47,0.9706401,0.8353186,0.219356,0.9765178,0.8478214,0.01419699
nz31,0.9596502,0.9410282,0.001283139,1.242263,0.9572021,0.007917569
nz04,0.9854507,0.9074956,0.182163,0.8936111,0.9054918,0.008401176
nz12,0.5694832,0.7185706,0.2118986,0.8384046,0.8146733,0.002751973
nz21,-0.2191941,0.4135143,-0.04650186,-0.0138754,NaN,0.003744736
nz47,0.9902489,0.8535501,0.221826,1.17387,0.8565047,0.01483707
nz04,0.9469359,0.8998175,0.1723078,1.038566,0.8940985,0.008991401
nz31,0.9114632,0.9475861,0.002153234,1.365548,0.9492807,0.008342328
nz12,0.6507394,0.7118097,0.2024789,0.6323803,0.8220221,0.003431078
nz21,-0.2229051,0.420782,-0.04078018,-0.01636109,0.979825,0.003127478
nz47,0.9827787,0.8386329,0.2155223,1.003948,0.8658544,0.01587241
nz04,0.9542524,0.9027738,0.1714582,0.9466618,0.8851733,0.00803176
nz13,0.8663799,0.7962671,0.2015665,0.8575894,0.864643,0.003053922
nz39,0.8239814,0.8255713,0.002518988,1.049835,0.8431358,0.003253675
nz31,0.9146503,0.8981549,0.0023207,1.302235,0.9606707,0.009386095
nz21,-0.1884634,0.4285283,-0.03788905,-0.01588679,0.961171,0.003543382
nz47,0.986119,0.8425413,0.2137162,0.934017,0.8591853,0.01588042
nz04,0.9200859,0.9009715,0.1659689,0.9604474,0.9161703,0.007759323
nz13,0.9163674,0.8031298,0.1974234,0.6348652,0.8777774,0.003252906
nz39,0.7939553,0.8979221,0.003807539,0.6788491,0.9611345,0.003311615
nz31,0.9475104,0.9505055,0.001699565,1.115414,0.9090186,0.007422264
nz21,-0.2515265,0.4020236,-0.04311257,-0.01747234,0.9782565,0.005180685
nz47,0.8637128,0.8099754,0.2059171,0.9514847,0.851192,0.01618444
nz04,0.9680166,0.8966409,0.1724025,0.7813578,0.8951311,0.008122051
nz13,0.9012794,0.8032517,0.2151606,1.080926,0.7403239,0.001706835
nz39,0.9175391,0.8877498,0.00418032,1.191482,0.9023973,0.003196728
nz31,0.9147547,0.9132513,0.001727766,1.3485,0.9370257,0.007906539
nz47,0.9784157,0.8396234,0.2237676,1.115022,0.8610622,0.0151226
nz21,0.287466,0.5680723,0.01652099,0.1127736,0.9962999,0.003254519
nz04,0.9291863,0.8950357,0.1686197,1.119469,0.843881,0.007428124
nz13,0.9444563,0.8068605,0.2112532,0.8279269,0.7765882,0.002757456
nz41,0.9561467,0.9565237,0.002798877,4.075174,0.6226792,0.001728904
nz31,0.9570863,0.9572442,0.001750856,1.278784,0.9580916,0.008306385
nz47,0.9711629,0.8387447,0.2195357,0.9382845,0.8758352,0.01535895
nz21,-0.2046608,0.4249684,-0.03678836,-0.0254628,0.9888948,0.003536859
nz04,0.9766388,0.9130142,0.181567,1.000449,0.8963964,0.008856725
nz13,0.9049431,0.7971226,0.21224,1.012431,0.7572987,0.001926927
nz41,0.9449183,0.955428,0.003221664,4.50782,0.6066166,0.001029512
nz31,0.8793043,0.9386799,0.00246456,1.168061,0.9424557,0.008105456
nz47,0.9588142,0.8394093,0.2236329,0.8599848,0.8573956,0.01432341
nz04,0.9407673,0.8967862,0.1673157,1.123458,0.8652137,0.008477682
nz13,0.7043871,0.774809,0.1667129,0.8607476,0.7323151,0.002379368
nz21,-0.1082324,0.4511995,-0.0313046,-0.03532309,0.9936258,0.003142224
nz41,0.9673648,0.9895728,0.003442468,4.494975,0.7051997,0.003187156
nz31,0.9807072,0.9563052,0.002457784,1.251245,0.9508968,0.007886089
nz47,0.8002015,0.7828775,0.2005579,0.6889244,0.8531427,0.01376158
nz13,0.9497006,0.8057972,0.2004848,1.2359,0.7538227,0.001832172
nz22,0.9638034,0.840813,0.05641308,0.9877723,0.7905925,0.0189348
nz05,0.9614511,0.721561,0.1874561,1.22793,0.8865729,0.03820008
nz41,0.9597597,0.9838817,0.003842018,8.504414,NaN,0.002228508
nz31,0.9620744,0.9487103,0.001838552,1.00604,0.9530581,0.008306019
nz47,0.9525013,0.8276336,0.2287242,1.058533,0.8512729,0.01506802
nz13,0.6879427,0.7877742,0.1928329,1.154491,0.7794605,0.002728666
nz22,0.9350791,0.8406927,0.05840693,1.070395,0.8063365,0.0200042
nz41,0.9718496,0.9532675,0.003930726,5.889565,NaN,0.001744309
nz05,0.9736898,0.7245153,0.181772,1.133232,0.8697433,0.03613171
nz31,0.8543739,0.9336976,0.00196095,1.172448,0.960454,0.008714273
nz47,0.9596465,0.8443583,0.2181842,1.063384,0.8529015,0.01421825
nz13,0.6970837,0.7796854,0.1958491,1.112039,0.7923215,0.003325887
nz41,0.8970453,0.981035,0.003719865,3.780985,0.6687898,0.002244538
nz22,0.9596368,0.8351756,0.05594735,0.9724248,0.8238726,0.02079839
nz05,0.9833452,0.7264276,0.1854419,1.123497,0.8824851,0.03736683
nz31,0.9631794,0.9214055,0.002800031,1.180426,0.9627282,0.008595074
nz47,0.9548396,0.8297251,0.2191099,1.090335,0.827564,0.01425616
nz13,0.9473283,0.8134512,0.2109961,1.3234,0.692627,0.002040487
nz41,0.9765475,0.97238,0.002480708,6.42922,NaN,0.002230857
nz22,0.8987479,0.8280901,0.06136042,1.159381,0.8223247,0.0184726
nz31,0.9044459,0.9624356,0.00176412,1.117766,0.9673355,0.008376459
nz47,0.9497574,0.8391996,0.2117343,1.010454,0.8496097,0.0158417
nz13,0.8623789,0.7975222,0.1978789,1.041878,0.750463,0.002680452
nz05,0.9506109,0.7074473,0.1679998,0.8881094,0.8978191,0.03744825
nz41,0.9182719,0.9480343,0.004306949,2.465688,0.7321418,0.00278764
nz22,0.9631073,0.8253659,0.05968181,1.155283,0.7983092,0.017698
nz13,0.8326194,0.7960089,0.2089654,0.9391499,0.7772842,0.003467071
nz47,0.9738821,0.8428118,0.227691,0.9631017,0.8738973,0.0143801
nz31,0.9610485,0.9609031,0.001918846,1.405973,0.940216,0.008093396
nz05,0.9507419,0.7075554,0.1671688,0.8675616,0.8867591,0.03561933
nz41,0.6917762,0.9842189,0.003550614,3.839965,0.6581665,0.003322177
nz22,0.915814,0.8304928,0.05812272,1.187812,0.7963849,0.0195678
nz47,0.9835853,0.842727,0.2371672,1.018066,0.8743656,0.01498704
nz13,0.8912154,0.8032619,0.2105281,0.8289115,0.8626646,0.00280924
nz31,0.5198694,0.9470636,0.0008596162,1.296074,0.9543906,0.009143099
nz05,0.9843023,0.7282553,0.1857571,0.9925094,0.885096,0.03677733
nz41,0.9818347,0.98481,0.003861033,4.269419,0.668743,0.00122134
nz47,0.9544195,0.8332095,0.2162029,0.8768534,0.8822571,0.01476879
nz13,0.7441115,0.7782696,0.1895097,1.007709,0.7789957,0.002916836
nz22,0.9797266,0.8395404,0.05900368,0.8863611,0.836493,0.01991276
nz31,0.8742719,0.9279274,0.001568795,1.32024,0.9632784,0.009044589
nz41,0.9383819,0.8875515,0.003838281,2.093703,0.6695574,0.0008560582
nz05,0.9321212,0.7039901,0.1654119,0.8747727,0.8759704,0.03411956
nz13,0.9269045,0.7766856,0.2053774,0.771569,0.8086115,0.002918955
nz47,0.9756328,0.838281,0.2152329,1.251487,0.8399476,0.01421781
nz22,0.87091,0.8164022,0.05121126,1.386214,0.7644425,0.01677682
nz31,0.9808988,0.9243953,0.001850753,1.119129,0.9580745,0.008421784
nz41,0.9855774,0.9910295,0.00351144,4.896948,0.6644405,0.00235868
nz47,0.8792088,0.8149982,0.2035532,0.911875,0.8648937,0.01451289
nz13,0.8904827,0.8001613,0.1984939,0.9863324,0.8359264,0.002441326
nz05,0.9850454,0.7284597,0.183371,0.9731875,0.8817208,0.03616217
nz22,0.9383083,0.8159319,0.05195419,0.9072592,0.810598,0.02015811
nz31,0.948365,0.8924877,0.0008492286,1.045819,0.9696176,0.008336715
nz41,0.9554896,0.9407627,0.003732389,4.693736,0.6221911,0.002564578
nz13,0.9014292,0.8074463,0.2167453,1.059698,0.8117652,0.002612546
nz47,0.9759931,0.8426461,0.2160808,0.9903709,0.8590094,0.01410708
nz05,0.9763389,0.7128957,0.1725288,0.9834311,0.8881547,0.03685999
nz22,0.9181612,0.8147213,0.05266228,0.9409565,0.8063302,0.0188831
nz31,0.967544,0.9212694,0.002352017,1.298089,0.958786,0.009191302
nz41,0.9644188,0.9893205,0.00446571,7.04677,0.609687,0.002288468
nz13,0.6377483,0.7458401,0.1667122,0.7062396,0.7966101,0.002758463
nz47,0.9849702,0.8395083,0.2175097,0.8789624,0.8723093,0.01480609
nz22,0.9561639,0.839327,0.05920671,0.9821886,0.8145446,0.01926377
nz05,0.9827602,0.7324085,0.184877,1.095417,0.8827314,0.03566477
nz31,0.9560691,0.9305951,0.002548535,1.215719,0.9716147,0.007912812
nz41,0.9635767,0.9065816,0.00219535,2.515559,0.7627016,0.003202849
nz13,0.9679614,0.8127983,0.2026314,0.7470108,0.8002148,0.00229058
nz47,0.9658744,0.8404027,0.2139043,1.033221,0.870712,0.01539619
nz22,0.9737344,0.8418165,0.06086244,0.9404437,0.8210718,0.02002845
nz05,0.9455534,0.7074613,0.1585253,0.9198635,0.8884101,0.03695025
nz31,0.9493066,0.9446909,0.001536562,1.105464,0.9507804,0.008418543
nz41,0.8829507,0.9424881,0.003551501,2.910166,0.7560287,0.002505417
nz13,0.9758644,0.815185,0.2136711,0.9910792,0.7054958,0.001608375
nz47,0.8954916,0.8269514,0.2155791,1.047487,0.8515327,0.01473897
nz22,0.9239077,0.8358414,0.0573917,1.016208,0.8120989,0.02023282
nz41,0.9814034,0.976185,0.003716452,3.017987,0.7188147,0.002417755
nz13,0.8335542,0.8202396,0.2154544,1.116242,0.7272353,0.00146521
nz31,0.9524231,0.9026146,0.001603347,1.092387,0.968929,0.008057658
nz05,0.9457018,0.709621,0.1640923,0.9684453,0.8890543,0.03610674
nz47,0.9819483,0.8427548,0.2140505,1.071959,0.8544474,0.01388669
nz13,0.896816,0.7928041,0.2141103,0.6393766,0.9011195,0.003562347
nz22,0.965454,0.8336564,0.05869654,1.049298,0.8313923,0.01931696
nz41,0.9718249,0.9554577,0.003266384,4.476092,0.6361553,0.001445689
nz47,0.9208767,0.8206616,0.2254997,0.9685243,0.8613875,0.01483475
nz31,0.9672625,0.9253165,0.001933347,1.084547,0.9764147,0.008729792
nz05,0.9733799,0.7155214,0.1823782,0.990412,0.8774202,0.03572217
nz13,0.9422008,0.8134889,0.2211583,1.002745,0.8851798,0.003564628
nz47,0.9138799,0.8304922,0.2081753,0.9833291,0.8691741,0.01538589
nz41,0.9706387,0.9885899,0.003276035,6.746237,0.7098272,0.002381482
nz22,0.8866722,0.8143496,0.05788046,1.031548,0.7858416,0.01893182
nz31,0.9706933,0.9640221,0.002478225,1.022409,0.9568263,0.008314844
nz05,0.9594567,0.721587,0.1770932,1.230982,0.8680014,0.03464662
nz13,0.7183097,0.7860832,0.192463,1.292292,0.7447468,0.0020228
nz48,0.7022299,0.6685994,0.04304298,0.5561755,0.7542308,0.003898508
nz41,0.9897316,0.9931133,0.003287332,8.326217,0.6131219,0.001608417
nz22,0.9020264,0.8226737,0.05825134,1.04751,0.8080554,0.02014161
nz31,0.8794012,0.9126389,0.00184213,1.222597,0.9724185,0.00990053
nz05,0.9515767,0.7196208,0.174038,0.969088,0.9015992,0.03706281
nz13,0.9258051,0.8095345,0.2057977,1.091784,0.8479734,0.00304493
nz48,0.8924746,0.7106808,0.05093775,0.5373715,0.7196068,0.005364312
nz41,0.9497689,0.962652,0.00278387,3.240476,0.6033749,0.002633773
nz22,0.939972,0.8257357,0.06256708,1.10071,0.8017641,0.02014644
nz31,0.8593698,0.9436376,0.001884676,1.070991,0.9618693,0.008124491
nz13,0.8599251,0.8029779,0.2063783,1.049505,0.7393575,0.002519993
nz48,0.894548,0.7250043,0.05362604,0.7666549,0.6951156,0.004379683
nz05,0.9301366,0.7141537,0.168186,1.00918,0.884287,0.03718753
nz41,0.9796346,0.9907631,0.00320013,8.424697,0.6259419,0.001634438
nz22,0.9580524,0.8388883,0.06119314,1.106802,0.7931315,0.0200033
nz31,0.9558797,0.9542357,0.002564556,1.223183,0.9337752,0.008060803
nz13,0.7510161,0.8027588,0.2009716,1.405795,0.7341435,0.002192333
nz48,0.8808555,0.7119167,0.05388882,0.9754616,0.5675656,0.002023523
nz41,0.892372,0.9409181,0.003489922,2.255587,0.7518863,0.002893721
nz05,0.9462929,0.702039,0.1648132,0.9857372,0.8863156,0.03625789
nz22,0.9693548,0.8330524,0.0567337,1.026645,0.8204787,0.01979399
nz31,0.9759303,0.9452013,0.002066969,1.302367,0.9717924,0.008233242
nz13,0.826295,0.7945273,0.2011852,1.08035,0.7974187,0.002876509
nz48,0.8915658,0.7189576,0.05144497,0.9190303,0.6620404,0.003897566
nz41,0.9785642,0.9931029,0.004105456,10.78926,0.629596,0.001944596
nz05,0.9499781,0.7185331,0.1730289,1.03974,0.8950423,0.03773917
nz22,0.9545169,0.8395113,0.05955566,1.155824,0.8018603,0.0199612
nz31,0.9674473,0.9498395,0.001725578,1.270573,0.9466175,0.00795683
nz48,0.9299647,0.7202963,0.04842935,0.9530246,0.6233874,0.003205764
nz13,0.8146583,0.7850696,0.1982468,0.945525,0.7876386,0.003008778
nz41,0.8242572,0.8707574,0.003152,1.442449,0.7034621,0.002373874
nz48,0.8887544,0.7180383,0.05129016,0.5721668,0.7325505,0.005636515
nz13,0.8526341,0.7957211,0.2101941,1.019394,0.8394952,0.003341863
nz22,0.9730723,0.8440157,0.05725894,1.02172,0.8030787,0.0199751
nz05,0.9804086,0.7197144,0.1846791,1.005087,0.8854878,0.03602574
nz31,0.9196984,0.9524744,0.001738126,1.179187,0.9546736,0.008494277
nz41,0.9506607,0.9423489,0.004355723,3.394895,0.5188799,0.002274879
nz48,0.7507608,0.676951,0.03969764,0.4891327,0.6912605,0.003461825
nz13,0.8047916,0.7898261,0.2043701,1.192366,0.7747447,0.002613288
nz22,0.94454,0.827594,0.0551809,0.9017726,0.8044238,0.0191199
nz31,0.9431069,0.9433639,0.002082282,1.08457,0.9668424,0.008956017
nz05,0.9445475,0.7044539,0.1542273,0.8643998,0.889262,0.0367412
nz41,0.9693634,0.9674118,0.004093741,4.032214,0.659891,0.001909767
nz48,0.8835632,0.7208255,0.05301996,0.4812118,0.7806669,0.006083587
nz13,0.8757253,0.796136,0.2099062,1.052196,0.8251411,0.002606871
nz22,0.9575852,0.8358465,0.06093845,1.050542,0.8142102,0.01893508
nz31,0.9460642,0.932946,0.001453432,1.217673,0.9536409,0.008386167
nz05,0.9883169,0.730152,0.1718723,1.114304,0.8816074,0.03630422
nz48,0.9107003,0.7063245,0.04986127,0.5465798,0.7546131,0.006125782
nz41,0.9189339,0.8751718,0.002801132,1.566511,0.6480036,0.002169549
nz13,0.7887953,0.7906624,0.2009137,1.02707,0.768515,0.002631929
nz31,0.8123468,0.9237906,0.001977762,1.21826,0.9600666,0.008340571
nz22,0.9473842,0.8263181,0.0606964,0.9976214,0.8278809,0.02026328
nz48,0.7495811,0.7038556,0.04521343,0.8307973,0.7400794,0.005116081
nz41,0.9257964,0.9379784,0.003218615,3.325536,0.764371,0.002940223
nz13,0.8593248,0.8051719,0.2090033,0.9600719,0.8210519,0.002530221
nz05,0.9508335,0.710173,0.1708527,1.030628,0.8888775,0.03600861
nz31,0.8900484,0.9210981,0.00173887,1.154051,0.969145,0.008208524
nz22,0.9410259,0.8302001,0.05762333,1.029957,0.8361945,0.02009734
nz48,0.9372243,0.7367902,0.06018779,0.8692613,0.7251742,0.004390229
nz13,0.8696139,0.8120016,0.2063309,1.259758,0.7065214,0.001341327
nz41,0.9843578,0.9742659,0.003009335,6.328468,0.5923601,0.0007052944
nz05,0.9537414,0.7131219,0.1738804,0.9740032,0.8909269,0.03710581
nz31,0.9305895,0.9623222,0.001772098,1.200207,0.9497372,0.007984169
nz48,0.8918957,0.7172785,0.05461136,0.6316867,0.7801792,0.004341267
nz22,0.9302849,0.8189216,0.05834026,0.9421368,0.8364111,0.02108671
nz13,0.686869,0.7867514,0.1937712,1.492434,0.6751606,0.001546819
nz41,0.9712656,0.9560244,0.002842517,3.412091,0.7150643,0.002448117
nz05,0.9477722,0.7035268,0.1584106,0.8926169,0.8894815,0.03820267
nz48,0.7716203,0.69368,0.04358285,0.8162838,0.6289741,0.002281787
nz31,0.9528474,0.9166642,0.00133892,1.41533,0.9531706,0.008270246
nz13,0.8572817,0.8104502,0.2098372,0.845855,0.8676196,0.002502524
nz22,0.8038273,0.8114396,0.05609963,0.9757858,0.8162725,0.01910366
nz41,0.9611443,0.9591566,0.004467276,4.887038,0.5439442,0.001473406
nz48,0.8427489,0.7027153,0.04858883,0.5302882,0.6803148,0.00547511
nz05,0.9514211,0.7052205,0.1583369,0.8827373,0.8970689,0.03599974
nz13,0.8697629,0.8044665,0.2092225,1.217223,0.7595343,0.002660522
nz31,0.7562486,0.9295707,0.001254099,1.202416,0.9467943,0.008045743
nz22,0.9613648,0.8245982,0.05550816,1.168745,0.7775965,0.01724649
nz41,0.8916595,0.8154709,0.00224256,1.411633,0.7179526,0.00243563
nz48,0.936333,0.7316737,0.05353765,0.7408991,0.7395347,0.005962411
nz13,0.5772009,0.7491313,0.1520288,0.8348489,0.7878965,0.003106197
nz31,0.9427038,0.9309977,0.001331113,1.321244,0.9538199,0.008884162
nz05,0.9815627,0.7311108,0.1779977,1.098647,0.8769339,0.03574107
nz22,0.8505669,0.8077219,0.05841744,1.053615,0.8139573,0.01934766
nz41,0.7545903,0.8583193,0.002898263,1.947297,0.6882004,0.002493223
nz48,0.810546,0.7091002,0.05180438,0.7685382,0.6688079,0.004460531
nz13,0.7575574,0.7804631,0.1960469,0.7414448,0.7788319,0.002892577
nz31,0.9571529,0.9405377,0.001782784,1.117446,0.935714,0.007957083
nz22,0.9044214,0.825719,0.06127156,1.132241,0.8025931,0.01882154
nz05,0.9414726,0.7052571,0.156564,0.8657416,0.8852886,0.03834636
nz48,0.7991105,0.6849944,0.04977245,0.9940905,0.63469,0.002383931
nz13,0.9290965,0.8163607,0.2074432,0.8069191,0.8186527,0.002966787
nz41,0.9543063,0.9759093,0.004366043,3.533905,NaN,0.002425653
nz31,0.9791914,0.9451838,0.002937826,1.128549,0.966628,0.007859249
nz22,0.9532315,0.8395762,0.05536959,0.937157,0.8108652,0.01971969
nz48,0.9091812,0.7343058,0.05338548,0.7948082,0.7586598,0.005479746
nz05,0.954649,0.701452,0.1662874,0.9921083,0.870839,0.03474998
nz13,0.9524166,0.8093707,0.221138,1.28181,0.7182706,0.002522502
nz41,0.94474,0.973079,0.003849338,3.79525,0.699684,0.002917515
nz31,0.9663641,0.9521026,0.002412807,1.254601,0.9670286,0.008304785
nz48,0.8098824,0.6708129,0.03882858,0.6168715,0.6896737,0.00240281
nz22,0.9605291,0.8247843,0.05463719,1.00615,0.7955289,0.01831853
nz05,0.976502,0.7135391,0.1673258,1.003329,0.8837254,0.03711827
nz13,0.9401109,0.8052869,0.2126771,0.8317158,0.8986017,0.003059226
nz41,0.9239263,0.9779303,0.004108763,3.998255,0.5969565,0.001577476
nz31,0.9828591,0.9470185,0.001768454,1.22069,0.9159248,0.007306112
nz48,0.947248,0.7378771,0.0552532,0.9613681,0.6564646,0.00346501
nz22,0.9404978,0.8263525,0.05339353,1.020768,0.7676361,0.0180481
nz13,0.9081754,0.7939149,0.2077637,0.71856,0.8917194,0.003141807
nz05,0.9375977,0.6966986,0.1639051,0.9102554,0.888278,0.03569714
nz41,0.8701507,0.9666583,0.003094873,2.474112,0.5930998,0.00159308
nz48,0.8757972,0.7158908,0.05031137,1.117611,0.6866014,0.003792846
nz31,0.9779402,0.9707014,0.002097822,1.054145,0.9659345,0.008933736
nz22,0.9397759,0.8261672,0.05758116,1.174501,0.8143587,0.0188086
nz13,0.8957376,0.8041055,0.1984983,0.7812545,0.7568446,0.002422304
nz05,0.9423427,0.7033335,0.1604871,0.9304939,0.8900828,0.03519132
nz48,0.8583756,0.7000742,0.04831382,0.6655587,0.6535543,0.003116185
nz41,0.9380195,0.9497527,0.00393693,3.403958,0.5388417,0.0003163681
nz31,0.9633166,0.9219738,0.001212339,1.105116,0.9799217,0.009643148
nz13,0.8359526,0.7969367,0.2095438,0.8548733,0.8385616,0.002660329
nz22,0.9551664,0.8435999,0.0597353,1.106879,0.8040738,0.01970083
nz48,0.8779683,0.702667,0.04929072,0.825833,0.7097096,0.00553389
nz05,0.9719049,0.7127219,0.1752116,0.9924102,0.8936204,0.03844871
nz41,0.9554215,0.9790159,0.004231392,5.393773,0.6682855,0.002692425
nz31,0.9707704,0.958477,0.002060726,0.9297369,0.9699962,0.009447737
nz13,0.787786,0.7932259,0.1977494,0.9371139,0.8400973,0.003143261
nz22,0.9534648,0.8328095,0.0589296,0.9560969,0.8272106,0.01860581
nz48,0.9419228,0.720732,0.0510218,0.9193182,0.6796433,0.004321808
nz41,0.9706628,0.9852841,0.003696343,7.979286,0.6690833,0.002200393
nz05,0.9176693,0.7009123,0.1423335,0.8672511,0.8922132,0.03664923
nz31,0.986101,0.9676245,0.001437754,1.301526,0.9449602,0.00831792
nz13,0.7664973,0.7843694,0.1905143,0.859253,0.8469709,0.003040823
nz48,0.8523319,0.7189581,0.05502913,1.259449,0.5847731,0.00029742
nz22,0.9529546,0.844083,0.05878401,1.29575,0.7872085,0.01741627
nz41,0.6461633,0.9816987,0.004689923,4.678844,0.6816345,0.002640701
nz05,0.9815053,0.7276941,0.1778655,1.033003,0.8698775,0.03625733
nz13,0.8978345,0.8022003,0.2036917,0.735979,0.8262817,0.002842894
nz31,0.9782715,0.9454035,0.001428262,1.19341,0.9671136,0.0087411
nz48,0.9675565,0.7246874,0.05686026,0.7715727,0.6756528,0.003049546
nz22,0.9392515,0.8227176,0.05521678,0.7783619,0.8191826,0.02041775
nz41,0.9627728,0.9840961,0.0025929,4.829538,0.705449,0.001330232
nz13,0.8643603,0.8131487,0.2186577,0.7508663,0.9183526,0.003531969
nz31,0.9703532,0.9584184,0.002464323,1.128166,0.9604078,0.008580794
nz05,0.9741557,0.7170098,0.175714,1.05686,0.8707417,0.03680225
nz48,0.8533231,0.6951886,0.04629748,0.6471243,0.6482795,0.003379014
nz22,0.9600175,0.8323842,0.05343127,1.02464,0.821286,0.02128376
nz41,0.9415554,0.9702946,0.004335622,3.968748,0.520979,0.001556612
nz15,0.7785283,0.9235096,0.003662905,2.655362,0.8900988,0.005559046
nz48,0.6084628,0.6549997,0.03375809,0.5416923,0.7497094,0.005564651
nz31,0.9238799,0.9472199,0.001992073,1.218836,0.9530002,0.00831323
nz05,0.9636939,0.7152876,0.1700409,0.9559048,0.899557,0.03735295
nz22,0.9744338,0.8348246,0.06227609,0.8930095,0.8613735,0.02035067
nz41,0.9781672,0.973483,0.004380787,4.597619,0.4925073,0.0006266706
nz15,0.817793,0.9657796,0.004987569,3.079452,0.8789691,0.005162579
nz48,0.8350409,0.6981966,0.04776661,0.7812012,0.6776234,0.004360493
nz31,0.9767856,0.9252216,0.002179516,1.300463,0.9548491,0.008360445
nz05,0.9571541,0.7098792,0.170979,0.9679444,0.885896,0.03689174
nz22,0.8720708,0.8188618,0.05831692,1.043447,0.8025806,0.02099119
nz41,0.9601331,0.9389324,0.004009006,3.104577,0.5738887,0.0001037262
nz48,0.918377,0.7190712,0.05042914,0.9737375,0.6997138,0.004027557
nz15,0.7608368,0.8601075,0.005209245,1.235279,0.9287383,0.006217914
nz32,0.9547283,0.8383663,0.0984292,1.145391,0.9566274,0.02093953
nz41,0.8776348,0.8764731,0.001724792,2.581068,NaN,0.00276158
nz05,0.9874285,0.7322481,0.1895915,1.043808,0.8947519,0.03671459
nz22,0.9795473,0.8332268,0.05546771,1.073851,0.8061188,0.01987395
nz48,0.502462,0.6452218,0.03109763,0.7028074,0.5579133,0.0006226657
nz15,0.7993225,0.9621414,0.005388492,2.199906,0.9256907,0.005930118
nz32,0.866063,0.7933712,0.08839886,0.8910602,0.9675496,0.02026432
nz41,0.8173482,0.8791818,0.00324155,1.357991,0.7071168,0.002237033
nz48,0.9559103,0.7365655,0.05702196,0.8983914,0.7031883,0.004890617
nz22,0.9782847,0.8396148,0.05928303,1.162414,0.8162952,0.01947209
nz05,0.9602408,0.7102071,0.1665422,0.9167565,0.8832888,0.03631069
nz15,0.7592635,0.9517018,0.004713937,2.148003,0.926802,0.005571683
nz32,0.970444,0.8460107,0.09452992,1.240108,0.9479126,0.02079081
nz41,0.7653378,0.9428857,0.003945806,2.760426,0.6748104,0.003236702
nz48,0.9332071,0.7146253,0.05181699,1.190259,0.5647046,0.002763847
nz22,0.9570985,0.8320639,0.0549503,1.124573,0.7913385,0.01769591
nz15,0.8629612,0.9568191,0.004977468,2.579482,0.9105634,0.005371372
nz05,0.9843231,0.7250478,0.1827755,1.07924,0.8798768,0.03754778
nz32,0.8763357,0.804735,0.09488863,1.110449,0.9505885,0.02197336
nz48,0.8860664,0.7194722,0.05194514,0.8890501,0.6765212,0.003713023
nz41,0.9313621,0.9181102,0.002678227,3.032208,0.68779,0.002558782
nz15,0.7452767,0.917942,0.005357145,1.902714,0.8960229,0.005718766
nz22,0.9540386,0.8323379,0.05748349,1.020496,0.8219143,0.01956636
nz05,0.9821305,0.7212584,0.1768845,1.026243,0.8872086,0.03599522
nz32,0.5616753,0.6588065,0.04848773,0.4332561,0.9614651,0.01970745
nz48,0.7944347,0.7045262,0.04949936,0.7306121,0.6025591,0.003673117
nz42,0.7720842,0.7309367,0.2927428,0.6842231,0.8970646,0.004964971
nz15,0.8477532,0.9240384,0.003795616,1.78113,0.9082447,0.005289858
nz22,0.9013478,0.8266151,0.04912425,0.8785062,0.7768643,0.01831527
nz48,0.8190038,0.7029469,0.05198552,0.826859,0.6465335,0.003927577
nz32,0.8313559,0.8095667,0.0989761,0.8950464,0.954814,0.02084946
nz05,0.9627713,0.7278881,0.18069,1.061523,0.8854758,0.03502768
nz15,0.8430121,0.9502265,0.005172185,2.83573,0.9060831,0.005471524
nz42,0.8240963,0.7356941,0.2901483,0.7543037,0.8709797,0.00357986
nz22,0.9862193,0.8488793,0.06064103,0.901362,0.8294598,0.01963506
nz48,0.8363685,0.7044698,0.05141098,0.7749059,0.710337,0.00506038
nz32,0.8975851,0.8180202,0.09989233,1.134022,0.9500607,0.02140634
nz05,0.9839471,0.7201418,0.1788729,1.149403,0.8668441,0.0335412
nz15,0.8783812,0.9278668,0.004584993,1.795959,0.9182463,0.005617235
nz42,0.8781648,0.7440049,0.3015131,0.775537,0.8858183,0.004053437
nz48,0.7946379,0.6997596,0.04949783,0.5644356,0.7349655,0.005320245
nz22,0.9353134,0.8402547,0.0596432,1.314728,0.7679261,0.01724764
nz32,0.9097972,0.8297656,0.09535437,1.204956,0.955212,0.0209269
nz15,0.8329287,0.9560651,0.005262959,2.597625,0.900394,0.005484056
nz05,0.9876538,0.7151792,0.1791041,0.9514299,0.8905299,0.03636407
nz42,0.9293045,0.7448092,0.2947698,0.8335263,0.7699516,0.004475771
nz48,0.9235892,0.7233964,0.05646315,0.9062224,0.6586505,0.002280463
nz22,0.9789082,0.8369757,0.05365318,0.8374987,0.8383291,0.02075577
nz32,0.8952517,0.831484,0.09875637,1.158432,0.937775,0.01924
nz15,0.9302895,0.9559724,0.004660875,2.456347,0.9081623,0.005279372
nz48,0.9155795,0.7137948,0.04860552,0.8522162,0.6978675,0.005227233
nz05,0.8928937,0.6957307,0.1582645,1.043691,0.8796558,0.03719365
nz42,0.9466506,0.768804,0.3345158,0.9384547,0.8594894,0.004628707
nz22,0.945948,0.8426794,0.0595577,0.8542726,0.8280583,0.02075737
nz32,0.941012,0.8288135,0.1006056,1.172343,0.9611916,0.02232696
nz15,0.8850924,0.9269715,0.004389108,1.967068,0.8783811,0.005526287
nz48,0.8753261,0.7218655,0.0510738,0.9026991,0.6462746,0.003438328
nz42,0.9460831,0.7684901,0.3307232,0.9715784,0.8668279,0.005210747
nz23,0.5051142,0.6871676,0.1206907,0.7322653,0.788187,0.002682955
nz05,0.8862259,0.7301108,0.1843681,1.00768,0.8822081,0.03565427
nz32,0.9090268,0.8146702,0.09441387,0.9884279,0.943441,0.02132664
nz48,0.8809893,0.7274015,0.0549448,0.5947955,0.7119509,0.004153472
nz15,0.7524509,0.909037,0.004422395,1.984793,0.8603765,0.005355632
nz23,0.8594379,0.7515474,0.1981611,1.313407,0.7678748,0.002546822
nz42,0.8628791,0.7334282,0.2883539,0.733429,0.8905368,0.003833725
nz05,0.98474,0.7304816,0.1851985,1.219802,0.876441,0.03646933
nz32,0.8445643,0.8223699,0.1019078,1.11554,0.9394697,0.0221531
nz48,0.8900584,0.7265914,0.05358011,0.741376,0.6341679,0.002794419
nz15,0.8200438,0.9403913,0.00374818,1.540365,0.9236359,0.005505849
nz23,0.95895,0.767342,0.2166086,1.305166,0.6812891,0.00214964
nz42,0.7979128,0.7197517,0.2674918,0.686648,0.9119435,0.005516894
nz32,0.8310551,0.7929982,0.08719014,0.8966133,0.9489875,0.02187034
nz48,0.9851493,0.7329541,0.05511432,0.9440759,0.6114827,0.001930018
nz05,0.9534286,0.7137948,0.1714603,0.9029322,0.8978582,0.03703506
nz15,0.6812529,0.9514882,0.004619615,2.74418,0.8808853,0.005390269
nz23,0.6715264,0.7117192,0.1746414,0.9976349,0.7413188,0.002554084
nz42,0.95446,0.7578723,0.3136068,0.8767841,0.8624083,0.004145682
nz48,0.9268957,0.7276025,0.05385495,1.159079,0.6594722,0.004165109
nz32,0.9438409,0.8392075,0.09730187,1.133035,0.9403575,0.01924168
nz15,0.6188,0.9022129,0.004693894,2.213648,0.8712466,0.005376216
nz05,0.9658655,0.7098287,0.1705445,0.9261218,0.8883903,0.03634547
nz23,0.8731189,0.7566066,0.2110156,1.072176,0.8432381,0.003986156
nz48,0.8610171,0.7124114,0.05136214,0.9755907,0.7011213,0.004814337
nz42,0.9466251,0.7602406,0.3210751,0.8683889,0.8801002,0.004485213
nz32,0.8479379,0.7966716,0.09008382,0.8869598,0.9588305,0.02120566
nz15,0.8834685,0.9421992,0.005303749,2.506846,0.9054599,0.005859351
nz23,0.5108631,0.7016801,0.1112077,0.2431263,0.8803544,0.003780431
nz05,0.9719101,0.7144827,0.1758494,0.9907442,0.8831054,0.03622015
nz48,0.9321135,0.7122084,0.05184345,0.7539378,0.78846,0.004568701
nz42,0.9451484,0.7464092,0.2939524,0.852271,0.8742353,0.004913644
nz32,0.9273094,0.8340856,0.1004836,0.9511558,0.9680446,0.02281314
nz15,0.8177006,0.9136737,0.005107926,1.366428,0.933041,0.005962415
nz23,0.4756558,0.6841307,0.1111343,0.2549778,0.9030049,0.003911721
nz06,0.8988466,0.8090674,0.09595061,0.6686498,0.7801048,0.004522861
nz48,0.755817,0.6721079,0.03859625,0.8337958,0.6571994,0.002118931
nz42,0.9218813,0.7453691,0.2960874,0.7216348,0.9611235,0.005381825
nz32,0.8688373,0.8181392,0.09628207,0.8792307,0.9619002,0.02164688
nz15,0.7929663,0.9392187,0.00479503,2.074762,0.9101581,0.005354672
nz23,0.844427,0.7451937,0.19996,0.9233727,0.770643,0.003039296
nz06,0.8463483,0.7731749,0.09421177,0.3221414,0.8646334,0.005122128
nz48,0.8196206,0.7142742,0.05105976,0.6659832,0.7227064,0.00507309
nz42,0.9231553,0.7488805,0.3043236,1.156347,0.7297764,0.002701605
nz32,0.884948,0.8298193,0.1021349,1.077861,0.9551077,0.02127663
nz15,0.7997538,0.9665269,0.003975316,2.254858,0.9132834,0.005225523
nz23,0.6587016,0.7071391,0.1586141,0.8120004,0.7998049,0.004264004
nz06,0.8728293,0.8149443,0.0938694,0.6986841,0.8327659,0.004818259
nz49,0.2002114,0.5106021,0.001998737,0.3193108,0.7269768,0.005154386
nz23,0.6600825,0.7090061,0.1721789,0.5737476,0.8441047,0.003385698
nz15,0.6862322,0.8970999,0.004121722,2.024188,0.9115344,0.005469443
nz32,0.9336879,0.8336434,0.09679667,0.9619997,0.9575187,0.02060794
nz42,0.9225219,0.7513807,0.2983984,1.035711,0.8245691,0.003648801
nz06,0.9173292,0.8240464,0.1208563,0.8497658,0.8660406,0.00635461
nz49,0.266466,0.5381085,0.0007074089,0.3547001,0.61093,0.004304366
nz23,0.8074634,0.7341036,0.1929333,0.9475904,0.8407783,0.004385136
nz32,0.8166225,0.8139086,0.09944132,1.175861,0.9509376,0.02090243
nz15,0.9086302,0.9604997,0.004871663,3.158848,0.84223,0.004981082
nz06,0.8860623,0.7907712,0.09879302,0.8005467,0.8123051,0.005550382
nz42,0.8847026,0.7406575,0.2976514,0.7093421,0.8828295,0.005342603
nz49,-0.5050768,0.1334437,-0.0117068,-1.475243,0.5760973,0.004345882
nz06,0.8156992,0.8065016,0.1229492,0.9347026,0.8422467,0.005171824
nz15,0.8266632,0.9624743,0.006057237,2.760748,0.9074618,0.0055135
nz32,0.9186427,0.8167088,0.09502595,1.090502,0.9749314,0.02169435
nz49,0.3653608,0.6432653,0.005719832,0.9326235,0.6295208,0.003967754
nz42,0.8490507,0.7472309,0.3073476,0.8476021,0.7925929,0.003697308
nz06,0.89441,0.8208073,0.1040502,0.7750263,0.8480041,0.005789718
nz15,0.886571,0.9296197,0.005414692,1.96855,0.9394176,0.005736387
nz49,-0.1127885,0.2216285,-0.01086211,-0.7190156,0.6338702,0.004342536
nz32,0.9272642,0.8282936,0.09600501,1.046661,0.9531892,0.02108947
nz42,0.8803825,0.7467742,0.3018281,0.8418236,0.8417697,0.004572572
nz06,0.8700668,0.8180054,0.1187696,0.9863668,0.7809133,0.005925006
nz49,-0.4963268,0.09806574,-0.01471353,-1.399852,0.6719205,0.003746201
nz15,0.7433528,0.8397535,0.004341732,1.315714,0.9143952,0.00577987
nz32,0.8952389,0.8228426,0.09588208,1.070297,0.9613028,0.02236752
nz42,0.9381859,0.7569894,0.3206163,0.8434504,0.8516824,0.003928633
nz49,0.4096795,0.6712701,0.005918502,1.166931,0.7019037,0.004137084
nz06,0.9089999,0.8256581,0.111241,0.6851697,0.856454,0.005490852
nz15,0.9240259,0.9525013,0.003944974,2.218368,0.903141,0.005308442
nz32,0.9418584,0.8485029,0.09571039,1.159599,0.9377829,0.02075619
nz42,0.8889237,0.7556786,0.303294,0.9303606,0.8428626,0.00484043
nz49,0.03501921,0.4407903,-0.002405045,-0.4237535,0.5549839,0.002584922
nz06,0.6279425,0.7425153,0.08282483,0.7757775,0.8050444,0.005168813
nz15,0.8149315,0.9246925,0.004650876,2.021801,0.9360114,0.005837118
nz32,0.9081492,0.8213284,0.09729621,1.184535,0.9177216,0.02098813
nz49,0.3510404,0.7346169,0.008284459,1.871504,0.6969871,0.004847636
nz06,0.9279533,0.8173481,0.09627461,1.002267,0.7828474,0.004504383
nz15,0.8253724,0.9670141,0.004450435,2.896388,0.9193543,0.005512067
nz42,0.9381546,0.7431541,0.2907543,0.5976065,0.852406,0.004822253
nz32,0.8813601,0.8285499,0.09661799,0.9340121,0.9559198,0.02105503
nz49,-0.1090464,0.3802756,-0.00552517,-0.3293692,0.6193002,0.004807232
nz06,0.9540398,0.8275198,0.1139717,1.014757,0.7330478,0.005818551
nz15,0.8549777,0.9466324,0.004296175,2.039308,0.8949922,0.005018227
nz42,0.7778138,0.731944,0.2933431,0.8574201,0.8990778,0.004715966
nz32,0.9746542,0.8530125,0.1016396,1.258381,0.9239266,0.02044851
nz49,0.2503862,0.6144629,0.003347311,1.239459,0.6676836,0.003719796
nz06,0.8694898,0.8157206,0.09987114,0.7870815,0.8202977,0.004933054
nz15,0.8647598,0.9463752,0.005550674,2.195414,0.9244563,0.005535533
nz42,0.8974288,0.7418391,0.2970573,0.7065071,0.8943034,0.0049306
nz32,0.7233045,0.7593091,0.08464964,0.8816255,0.9585936,0.02194124
nz49,0.09788907,0.2768357,-0.008405764,-0.1584786,0.5879427,0.003747915
nz06,0.940863,0.8294633,0.128784,1.291667,0.7677919,0.005723613
nz23,0.6981163,0.7116395,0.1625406,0.9770964,0.8195671,0.003347503
nz15,0.8329278,0.953146,0.005875548,2.339835,0.9249442,0.005187256
nz42,0.8910294,0.7542978,0.3062027,0.9329302,0.8020141,0.004271763
nz32,0.9090773,0.8331411,0.1017339,1.084327,0.9385901,0.02174761
nz49,0.04093008,0.4247386,-0.004157259,-0.1628695,0.643222,0.003696978
nz06,0.9425981,0.828142,0.1159838,0.9618874,0.7991345,0.00604512
nz23,0.541543,0.6979877,0.1439885,0.6514072,0.788836,0.00353684
nz15,0.6351859,0.9425266,0.004531633,3.094799,0.8856932,0.00522072
nz32,0.863768,0.8119147,0.09038529,1.24853,0.9582161,0.02278216
nz42,0.8272454,0.7345994,0.2788397,0.8218158,0.8447878,0.004393781
nz49,0.03772366,0.2632328,-0.01044872,-0.3643802,0.5982329,0.004965969
nz06,0.9267927,0.8253208,0.1260218,1.050617,0.7386463,0.00443405
nz23,0.5132008,0.6752294,0.1246673,0.3447096,0.8757822,0.003327756
nz15,0.88757,0.94688,0.004534186,3.30446,0.8458333,0.005329545
nz49,0.181419,0.5687711,0.003181043,0.8530288,0.6492809,0.004737201
nz32,0.957161,0.844516,0.097402,0.9845212,0.968966,0.02193321
nz42,0.8453777,0.7393697,0.3010837,0.7848203,0.8937288,0.005136396
nz06,0.9078901,0.8066627,0.1006898,0.5731304,0.8124623,0.005250504
nz23,0.9356658,0.7755655,0.2358443,1.179365,0.7215678,0.002643182
nz15,0.7455048,0.9441217,0.004441778,1.781723,0.8855109,0.005361102
nz49,-0.1837041,0.3662589,-0.005880335,-0.2155514,0.7063603,0.00528129
nz32,0.9535225,0.846616,0.1016417,1.00206,0.9534706,0.02140996
nz06,0.9219289,0.8165651,0.1102141,0.8769787,0.7315612,0.003868847
nz42,0.8356038,0.7232191,0.2848169,0.6533639,0.8776816,0.005007661
nz23,0.7152401,0.7266727,0.1757324,0.5575601,0.8694667,0.004286986
nz15,0.8390614,0.9428668,0.005861489,2.971278,0.9039819,0.005695459
nz49,0.4970912,0.7510583,0.007745589,2.685577,0.5093873,-5.573658e-05
nz06,0.7891387,0.7764718,0.08928968,0.8768613,0.7984683,0.005601707
nz32,0.9146349,0.8313928,0.09465752,0.9745471,0.9713209,0.02182563
nz23,0.9724474,0.7624317,0.2119265,1.342574,0.7631713,0.003796371
nz42,0.8918261,0.7373102,0.2902089,0.8545682,0.9260374,0.004945353
nz15,0.8638879,0.9458216,0.006058557,1.911304,0.9125074,0.005178476
nz49,0.1426056,0.7102109,0.009384924,1.902097,0.5987456,0.003391156
nz06,0.9078147,0.816729,0.1136773,1.071301,0.7799227,0.005090004
nz32,0.9433788,0.8479866,0.1059019,1.249588,0.9258838,0.02053751
nz23,0.677101,0.7022687,0.1697504,0.6573828,0.8299592,0.002737096
nz42,0.8407523,0.7389466,0.2922888,0.7238035,0.7994226,0.004226355
nz49,0.2233322,0.5104334,4.580477e-05,0.06769727,0.5807401,0.004367029
nz15,0.8945342,0.9383603,0.005551211,1.98055,0.9225859,0.006335509
nz06,0.8606777,0.7960987,0.1138576,1.107456,0.6557016,0.003123518
nz23,0.9328137,0.760711,0.2044603,0.8101186,0.8732884,0.003136484
nz32,0.9415166,0.8402169,0.1026896,1.190753,0.9519721,0.02166479
nz42,0.8437368,0.7455795,0.3027904,0.8229524,0.7958158,0.004288979
nz49,0.1958385,0.3648471,-0.005852596,-0.07433434,0.6383527,0.005108889
nz15,0.8998853,0.9481211,0.005852792,2.169295,0.9081627,0.005221414
nz06,0.8398002,0.7802939,0.09376662,0.4219836,0.7941779,0.005369699
nz23,0.7804725,0.7317719,0.1902046,1.037831,0.781188,0.002533657
nz32,0.9419218,0.8353606,0.09643711,1.325976,0.9377297,0.02065341
nz49,0.1882049,0.5589668,0.003278842,0.5975552,0.5985128,0.004140234
nz42,0.8878029,0.7503829,0.2967431,0.6787127,0.9062359,0.004747858
nz06,0.7688534,0.8025148,0.1155032,0.7790356,0.7962086,0.00515328
nz15,0.754157,0.9341152,0.00414126,2.555319,0.8932595,0.005396876
nz23,0.8965138,0.7510221,0.2029391,1.097344,0.8215815,0.004168874
nz32,0.8715765,0.8124997,0.09308153,0.9452899,0.9721257,0.02078889
nz49,0.2930701,0.6408016,0.004137755,0.8502612,0.6425636,0.00508767
nz06,0.8348616,0.8125901,0.1213167,1.008503,0.7931687,0.00552807
nz15,0.8296624,0.9340855,0.005378638,2.283022,0.8946568,0.00489026
nz42,0.8983955,0.7422064,0.2848623,0.7409348,0.8708031,0.004053232
nz23,0.5316857,0.6837524,0.1197635,0.4800497,0.841254,0.003382978
nz32,0.888226,0.822159,0.09850038,0.8608791,0.9646388,0.02134658
nz49,0.3710419,0.7441641,0.009193804,1.08933,0.6655883,0.004157183
nz06,0.9577847,0.8211283,0.1108183,0.9049571,0.7440115,0.005404278
nz15,0.8562136,0.9612087,0.005175203,3.941391,0.8861766,0.005665799
nz23,0.9096143,0.7575902,0.1967675,1.10586,0.7174608,0.003406931
nz42,0.9446429,0.7538702,0.3065317,0.9332219,0.8294932,0.004523317
nz32,0.9196375,0.8280896,0.1006857,0.9878735,0.9452855,0.02306214
nz49,0.3416358,0.454617,0.001638107,0.1652178,0.7597157,0.005235163
nz06,0.9685478,0.8260218,0.1129803,0.9327564,0.7749866,0.005387244
nz23,0.7030119,0.7346432,0.1733084,0.8476781,0.8186828,0.003681606
nz15,0.7977648,0.9594377,0.005707161,2.268697,0.914183,0.005162896
nz42,0.9446593,0.7456043,0.3010977,0.7256519,0.8170812,0.003700098
nz49,-0.3089825,0.1631745,-0.01292693,-0.8752858,0.6305538,0.003786183
nz32,0.8878942,0.8201785,0.09502309,1.158552,0.9521533,0.02132897
nz06,0.9706666,0.8265257,0.1100541,0.7428128,0.8031801,0.005957227
nz23,0.6928595,0.7148717,0.1727314,0.8579168,0.8557142,0.003472718
nz15,0.8651579,0.9386691,0.004728653,2.628187,0.8933589,0.005169797
nz42,0.8545195,0.7333771,0.2976166,0.7411577,0.8547536,0.004462034
nz49,0.4673478,0.8413485,0.01024295,4.89434,0.6566489,0.004919491
nz32,0.9280444,0.8385095,0.09939874,1.031286,0.974007,0.02191331
nz06,0.7355701,0.7809709,0.1037261,0.8683962,0.8251067,0.005576587
nz23,0.9065401,0.7525535,0.2068959,1.12542,0.7764688,0.003470782
nz15,0.8153194,0.9008952,0.003685351,1.653726,0.9023601,0.005827293
nz49,0.3695932,0.637727,0.005277464,1.004133,0.7115901,0.003723244
nz42,0.9244224,0.7572234,0.3136426,0.9298572,0.8638889,0.004491432
nz32,0.936481,0.8397851,0.1029872,1.133154,0.9506286,0.02187156
nz06,0.8739734,0.8077838,0.09295005,0.5371085,0.8242527,0.005689264
nz23,0.5111867,0.6911225,0.1190818,0.3036926,0.8512496,0.004041647
nz15,0.910117,0.9678727,0.003690015,2.570671,0.910315,0.005331018
nz49,-0.5245438,0.159834,-0.01184644,-1.215019,0.6331628,0.003914613
nz42,0.951265,0.7619871,0.3228802,1.091022,0.8253532,0.003926134
nz32,0.9073117,0.8227857,0.08981786,1.164397,0.9321865,0.02053793
nz06,0.9749456,0.8341228,0.1128023,0.9025151,0.8086227,0.005519106
nz23,0.8760557,0.7482718,0.1966141,0.7597735,0.8202324,0.003962161
nz49,0.3430443,0.7403675,0.007814021,1.287098,0.7134673,0.004489016
nz15,0.7938278,0.9535145,0.004761848,2.731859,0.8579758,0.005171745
nz42,0.9258012,0.7522003,0.2952434,0.9656298,0.9060958,0.005523265
nz32,0.9003293,0.8247289,0.1002649,1.006921,0.9648734,0.02200746
nz06,0.678469,0.7540138,0.0865629,0.8547951,0.7688918,0.004686497
nz23,0.8769749,0.7578681,0.2098383,1.100975,0.7917835,0.003832305
nz49,-0.242018,0.219393,-0.01094184,-0.8524241,0.6636824,0.004921944
nz15,0.7661234,0.9152132,0.004981853,2.352267,0.8832406,0.00504673
nz06,0.8801799,0.8037741,0.09475995,0.5599251,0.8296527,0.005142112
nz42,0.9135603,0.7538713,0.3087871,1.137744,0.8115336,0.003895496
nz32,0.9189575,0.8350496,0.09641075,1.054436,0.9516902,0.0206257
nz23,0.5903154,0.6935036,0.1447764,0.7614773,0.7588332,0.003805634
nz49,-0.08027298,0.383817,-0.00346432,-0.5944241,0.6220662,0.003731138
nz15,0.8738847,0.9626051,0.005447888,2.944577,0.9081085,0.005215237
nz06,0.920538,0.8061967,0.09899009,0.6776114,0.8789411,0.006669199
nz23,0.9196568,0.7630315,0.2156367,0.8359885,0.802995,0.004262388
nz32,0.8583409,0.8196317,0.09011924,0.9960958,0.9686648,0.01982238
nz42,0.7835275,0.730003,0.2921378,0.7064095,0.8906397,0.004945095
nz49,-0.18328,0.2935049,-0.008327274,-0.6360328,0.6314908,0.004675336
nz15,0.8604633,0.9246911,0.005880294,2.23477,0.8941149,0.005320053
nz06,0.8602866,0.8080047,0.118191,1.09962,0.7798074,0.005125111
nz23,0.9498632,0.7691348,0.2134355,1.413598,0.7637455,0.002603361
nz32,0.9319189,0.8393919,0.099918,1.070877,0.9250704,0.01931879
nz49,0.1463449,0.6388483,0.005566975,1.154876,0.700713,0.003702793
nz42,0.8569247,0.7319704,0.281569,0.8072967,0.8896117,0.004614284
nz06,0.9041933,0.8113006,0.1103466,1.142598,0.7924867,0.00552039
nz23,0.9579276,0.769868,0.2186997,0.7448653,0.8091659,0.003870774
nz16,0.7416304,0.6893461,0.05493784,0.3784685,0.9644456,0.008240433
nz32,0.9483893,0.8342065,0.09485189,1.179137,0.9525663,0.02028857
nz49,0.2593481,0.491286,-0.0005676764,0.1946351,0.6299142,0.003370233
nz42,0.9432096,0.7659863,0.3228215,0.9880171,0.8807396,0.003561347
nz06,0.9359323,0.8155452,0.1060351,0.7900003,0.7978567,0.005233815
nz23,0.8171018,0.7366579,0.1834842,0.8287638,0.7934574,0.004205824
nz16,0.7489502,0.7145703,0.06287129,0.8331558,0.8895223,0.005837462
nz49,-0.1567368,0.225234,-0.01218183,-0.3135091,0.7110492,0.004378487
nz32,0.932298,0.8458593,0.09144336,1.044836,0.9159316,0.02001779
nz42,0.8843236,0.7406615,0.2869617,0.9589839,0.8499872,0.004587309
nz06,0.8569844,0.8074123,0.1181585,1.075346,0.7627253,0.004547378
nz23,0.3953741,0.653269,0.0908081,0.2622734,0.8422769,0.00311163
nz49,-0.1114052,0.3576183,-0.004377806,-0.7025071,0.5622524,0.003442491
nz16,0.5999585,0.6502434,0.04636763,0.2478382,0.9617123,0.008318689
nz32,0.9267099,0.8318071,0.09681638,0.9746454,0.9502432,0.02093297
nz42,0.8556859,0.7481889,0.3110865,0.8684806,0.8673236,0.003349928
nz23,0.9623596,0.7707764,0.2314261,1.298502,0.7434174,0.002753596
nz06,0.8730115,0.8079386,0.113876,0.9031539,0.8214201,0.005786566
nz49,-0.06389129,0.3065802,-0.007575138,-0.6320348,0.598145,0.003124628
nz34,0.7735799,0.6777623,0.02443177,0.7529818,0.6814952,0.003253723
nz16,0.5077344,0.6532537,0.04706112,0.7400232,0.9456147,0.006653421
nz23,0.4707202,0.6631699,0.1032471,0.2968549,0.87131,0.003648304
nz42,0.8107966,0.7247271,0.2753078,0.631966,0.8621448,0.005249748
nz06,0.9349059,0.8177006,0.102709,0.8336445,0.8037551,0.006185687
nz49,-0.112899,0.382852,-0.00507669,-0.251009,0.6539863,0.004672642
nz34,0.5935366,0.6343578,0.0226356,0.7379437,0.6957301,0.003922784
nz16,0.6614545,0.6681864,0.03595142,0.1259979,0.9689264,0.007543679
nz23,0.5794355,0.7519936,0.1947955,1.163908,0.6870093,0.002298286
nz06,0.887314,0.7932597,0.09564886,0.7689685,0.7857658,0.004336333
nz42,0.7239718,0.7088019,0.2511307,0.9887268,0.7559276,0.003385932
nz49,0.0288097,0.4758611,-0.001069931,-0.08052055,0.7355922,0.004408096
nz34,0.6789043,0.6537784,0.02049526,1.012669,0.6414004,0.002967675
nz23,0.4438106,0.6713641,0.09002652,0.2074423,0.8103746,0.003896903
nz06,0.948466,0.8203242,0.1111393,0.8900912,0.8788121,0.006230447
nz16,0.9304556,0.7397526,0.07235414,0.913154,0.9392241,0.008794708
nz49,0.4301746,0.6530704,0.006511217,1.832866,0.6105195,0.00490803
nz34,0.8444742,0.6773736,0.02680743,0.7855551,0.7415753,0.005255103
nz42,0.828588,0.7399729,0.2834645,0.8211097,0.8602058,0.004745054
nz23,0.7152697,0.730664,0.1646162,0.7391353,0.8602396,0.003504679
nz06,0.8688855,0.7968207,0.09071142,0.3829712,0.8534907,0.005857071
nz49,0.03385479,0.3878413,-0.005334277,-0.3907337,0.7302956,0.004795724
nz16,0.9083786,0.7337263,0.06538773,0.546733,0.9361377,0.005881612
nz34,0.5802362,0.6328687,0.01641007,0.4118951,0.7698579,0.00501675
nz42,0.8981106,0.7583816,0.3261676,0.654076,0.9141401,0.005370019
nz23,0.8226222,0.7388009,0.1917156,0.6366973,0.8713233,0.004378234
nz06,0.974792,0.8378184,0.1188065,0.8156269,0.8746111,0.006211426
nz49,0.1093955,0.3406159,-0.007894985,-0.3517999,0.7171805,0.005400664
nz34,0.3388077,0.5653303,0.006316355,0.1317129,0.7603315,0.004808875
nz16,0.6803923,0.6660556,0.04636062,0.2244399,0.9527146,0.006877306
nz23,0.5944319,0.6979653,0.1355508,0.6432783,0.8463997,0.003248989
nz06,0.8477705,0.8211417,0.1137225,1.305125,0.7621901,0.004560129
nz42,0.7494149,0.7345692,0.3002411,0.7074966,0.8194454,0.002721298
nz49,-0.2206234,0.4077949,-0.004211337,-0.4607864,0.6125135,0.003614253
nz34,0.7102903,0.6499643,0.02232596,0.4586412,0.747634,0.004435846
nz23,0.7724832,0.7395387,0.1938073,1.297927,0.7227949,0.002543717
nz16,0.9645709,0.7402989,0.06475767,1.263929,0.9144203,0.006880115
nz06,0.6861593,0.7860236,0.1010813,1.035346,0.8232711,0.006261043
nz49,0.2039292,0.4027745,-0.004433223,0.02784967,0.6567031,0.004372496
nz42,0.923347,0.7562974,0.3104985,0.8471122,0.8613597,0.004628284
nz34,0.8514728,0.6783344,0.02707581,0.653776,0.7875284,0.005692726
nz23,0.688811,0.7078006,0.1700641,0.5778432,0.9076114,0.004393104
nz06,0.8424147,0.7935196,0.09624267,0.9215114,0.7189359,0.004211027
nz16,0.7658419,0.6864471,0.05405827,0.4659759,0.9150755,0.006049766
nz49,-0.2909835,0.257227,-0.01043777,-1.075133,0.5708396,0.003100593
nz42,0.9418525,0.7570858,0.3182117,0.8717621,0.8805634,0.004344001
nz34,0.7903358,0.6528074,0.02146782,0.5716003,0.7430557,0.005817419
nz23,0.918987,0.7610502,0.2190529,1.084487,0.6154564,0.00152097
nz06,0.9277489,0.8259876,0.1176112,1.178074,0.7947089,0.00470077
nz49,0.0801913,0.4262219,-0.005475496,-0.1994797,0.6697785,0.003893664
nz16,0.8157894,0.7063982,0.05805024,0.7026545,0.9321494,0.006907146
nz34,0.6010804,0.6397784,0.02081333,0.6326515,0.7161438,0.004357906
nz43,0.1997088,0.3568519,-0.00128741,-0.6457344,0.6422843,0.01945517
nz23,0.6755444,0.7156355,0.1623096,0.6583479,0.7974116,0.002790557
nz06,0.8822843,0.8079488,0.1015572,0.8252325,0.825019,0.00524409
nz49,0.564375,0.8414029,0.0101935,7.419291,0.5976131,0.003397114
nz34,0.7242746,0.6768712,0.02224387,0.9603734,0.6961972,0.003609891
nz43,0.3758285,0.4269348,-0.0007846439,-0.233439,0.6929325,0.01930165
nz16,0.6835354,0.669108,0.03958979,0.258083,0.9440823,0.006746437
nz23,0.3497597,0.6173598,0.08577385,0.2849433,0.8315425,0.003879185
nz49,0.1949804,0.4801088,-0.002240163,-0.0193827,0.5929494,0.003524319
nz06,0.8879838,0.8048845,0.1015424,0.8247656,0.8031126,0.004419052
nz34,0.6417489,0.6357448,0.02214415,0.6326341,0.7098173,0.002929733
nz43,0.4893609,0.5685819,0.0003765613,1.575939,0.6520073,0.01648024
nz23,0.3008712,0.6225991,0.07163059,0.2743563,0.767744,0.001649505
nz16,0.6996243,0.6859983,0.04736637,0.3105645,0.9385004,0.007189036
nz49,0.1063776,0.5174671,0.0008190242,0.3308815,0.628329,0.004129868
nz06,0.7960305,0.811169,0.1131717,0.9597309,0.8695114,0.005672404
nz34,0.8322764,0.6628555,0.02759739,0.7941113,0.7801814,0.005161513
nz43,0.5385156,0.5454305,0.001326405,1.492404,0.6139532,0.01652948
nz23,0.9392332,0.7622557,0.2127608,1.325106,0.6095889,0.00181303
nz49,-0.187876,0.220084,-0.009876609,-1.00882,0.6687547,0.004530296
nz07,0.9778478,0.9771831,0.00507423,2.279771,0.9408747,0.01105362
nz16,0.7986174,0.7111029,0.05854522,0.6324589,0.9216408,0.005947082
nz34,0.497725,0.6123243,0.01333922,0.3785667,0.771593,0.005345551
nz23,0.6136871,0.7063845,0.1299813,0.3875972,0.9077818,0.003782025
nz43,0.295382,0.3262433,-0.003181032,-0.3386035,0.6629514,0.0175583
nz07,0.9607817,0.9560658,0.004300408,2.33005,0.9423273,0.01137685
nz50,0.9443378,0.8069577,0.07295868,1.117718,0.9275548,0.02500969
nz16,0.7089877,0.6813066,0.05485894,0.432164,0.9602979,0.008312924
nz34,0.7469692,0.6447791,0.02301412,0.5662011,0.7476966,0.00582253
nz24,0.9813461,0.8941591,0.005009668,0.7710757,0.9249666,0.004058584
nz43,0.05583018,0.3253982,-0.002329539,-0.8897252,0.6940464,0.01556491
nz07,0.971118,0.9770429,0.003868691,2.66505,0.9256999,0.01095923
nz50,0.9612098,0.7944153,0.06918706,1.082719,0.9333996,0.02593991
nz34,0.4135726,0.6094489,0.01625947,0.3514147,0.770039,0.005014114
nz16,0.9207091,0.7323984,0.06135355,0.9510784,0.9436038,0.006854926
nz24,0.8538736,0.8870552,0.004879551,0.6452585,0.9341041,0.004185601
nz43,0.1703006,0.4255152,-0.001778891,-0.3652672,0.6713268,0.01789511
nz07,0.9244232,0.9573047,0.003014624,2.089052,0.9398428,0.011477
nz34,0.7970739,0.6683461,0.0228411,0.9144946,0.6262625,0.002136096
nz50,0.980287,0.822515,0.07710002,1.175002,0.9330941,0.02597018
nz16,0.6875553,0.6733045,0.04167029,0.4472949,0.9258452,0.006979459
nz24,0.9679539,0.8831672,0.004926789,0.9714866,0.8796292,0.003960212
nz43,0.4928228,0.5412764,0.0006708875,0.2594007,0.659289,0.01807031
nz07,0.9564224,0.9608458,0.00405642,2.864951,0.9255778,0.01108079
nz34,0.7605463,0.6657663,0.02327357,0.5525387,0.766692,0.004868162
nz50,0.9741783,0.8109018,0.07631236,1.065387,0.9294991,0.02566022
nz24,0.9396309,0.8531076,0.006366484,0.979166,0.8046225,0.002215692
nz16,0.4949218,0.5827551,0.02288439,0.323426,0.9507219,0.006177927
nz43,0.4513216,0.6381465,0.001669873,1.060704,0.6662753,0.0177496
nz07,0.9592545,0.9788338,0.003724912,2.370534,0.9294841,0.01114934
nz34,0.7839559,0.6657584,0.02197644,0.6516813,0.77691,0.005408974
nz50,0.9732042,0.8002294,0.07551355,1.037147,0.9307983,0.02642115
nz24,0.9730075,0.910679,0.005787578,1.051722,0.898958,0.003140555
nz16,0.6720807,0.6634949,0.04193616,0.2520266,0.9555683,0.006068554
nz34,0.7680497,0.6664346,0.02133832,0.8755272,0.6750764,0.004615194
nz07,0.9488961,0.9665905,0.004917864,2.41309,0.9270219,0.01128846
nz43,0.3408522,0.4436449,-0.001316225,0.248814,0.6387761,0.01779294
nz24,0.9763843,0.8730723,0.004879368,0.8196415,0.9644873,0.003370821
nz50,0.953332,0.8045247,0.07444586,0.996895,0.9407746,0.02472251
nz34,0.8610836,0.6853393,0.02687483,0.6497638,0.7698878,0.00521924
nz16,0.9072155,0.73639,0.06443987,0.5316302,0.9157541,0.005720105
nz07,0.9655005,0.9600002,0.004273594,2.578358,0.9283559,0.01080118
nz43,0.2777107,0.60698,0.001610875,0.7552452,0.6874945,0.01770183
nz24,0.937742,0.8506429,0.004429127,1.182439,0.8673142,0.003481067
nz34,0.4131449,0.6020338,0.01029756,0.1461978,0.837338,0.005805904
nz07,0.9649687,0.9701482,0.00338529,2.725574,0.9213057,0.01109152
nz50,0.9649805,0.8138461,0.0817906,1.036974,0.9110972,0.02467723
nz43,0.04187722,0.2983705,-0.003480544,-0.6111993,0.6571289,0.01732372
nz16,0.8104308,0.707704,0.05140081,0.3829373,0.9486059,0.006025698
nz24,0.9360586,0.8582424,0.00541914,0.8251726,0.9198885,0.00445177
nz34,0.8706683,0.6660705,0.02409908,0.5302888,0.782043,0.006512275
nz07,0.9595961,0.9746994,0.003424892,2.501051,0.9372759,0.01105588
nz43,0.4541656,0.5685011,0.0008607482,2.74339,0.6398737,0.01848748
nz50,0.9794873,0.8124353,0.0771483,1.005737,0.9467686,0.0257696
nz16,0.5987143,0.6572835,0.04047293,0.6475889,0.8911347,0.007447504
nz24,0.9607166,0.8724654,0.005026652,0.9828195,0.8935486,0.003857964
nz34,0.5865969,0.6097951,0.01762174,0.4824777,0.750628,0.003493655
nz07,0.9511561,0.9543566,0.004604275,2.660375,0.9171048,0.01068869
nz43,0.3647474,0.3246232,-0.003962748,-0.3974196,0.6309836,0.01857078
nz16,0.6083637,0.6673505,0.04558456,0.3066702,0.926121,0.007176223
nz50,0.9416149,0.796874,0.07812633,0.9863924,0.9182378,0.02388533
nz24,0.9418357,0.8871988,0.005527632,0.9505028,0.9237851,0.004362164
nz34,0.7527737,0.6452991,0.02218836,0.6733693,0.792137,0.005478731
nz07,0.9603214,0.9609591,0.003555019,2.094046,0.9444665,0.01113013
nz43,0.4499148,0.4040351,-0.001171514,-0.3192104,0.6824617,0.01929408
nz24,0.7179793,0.8259237,0.003813975,0.827748,0.9100176,0.004657951
nz50,0.9438744,0.7934022,0.07148615,0.9773012,0.9438042,0.02625024
nz16,0.689544,0.6671278,0.05200057,0.4857436,0.9351288,0.006463691
nz34,0.6644934,0.6669517,0.02403956,0.7593482,0.7036264,0.005163172
nz07,0.9611732,0.9754665,0.00362213,2.353727,0.9322472,0.01114603
nz43,0.2500603,0.4628196,-0.0003050498,0.444455,0.6550792,0.01671749
nz24,0.9719008,0.8555175,0.004692727,0.83247,0.8892343,0.003258492
nz34,0.5178376,0.6271252,0.02054873,0.4279799,0.7456781,0.003885264
nz16,0.8328211,0.7226588,0.0587697,0.8870878,0.9155463,0.005935812
nz50,0.9726704,0.8118577,0.07530995,1.173451,0.9242445,0.02469202
nz07,0.9650308,0.9770118,0.004396951,2.887735,0.9243538,0.01092348
nz43,0.428329,0.5114269,0.0009153574,-0.3080616,0.637583,0.01609883
nz24,0.9912464,0.8892411,0.004770538,0.9094429,0.9060488,0.003702566
nz34,0.8489157,0.6505122,0.02117667,0.7336424,0.765133,0.005141189
nz07,0.977492,0.9658801,0.002977507,2.328873,0.9426327,0.01128021
nz50,0.9662997,0.80065,0.0714984,0.9852699,0.9546133,0.02615506
nz16,0.7284882,0.6959169,0.05457771,0.7157946,0.9313513,0.007650921
nz43,0.3018052,0.4736511,-0.001060936,-0.5288171,0.6843701,0.01819389
nz24,0.9688424,0.8593865,0.005379776,0.883431,0.8869765,0.003158161
nz34,0.8331308,0.6637788,0.0250484,0.768964,0.8232972,0.006463031
nz07,0.956329,0.9602114,0.003947335,2.505022,0.9320258,0.01120114
nz50,0.9237296,0.8002433,0.07287183,1.186573,0.9290752,0.02473158
nz16,0.7531362,0.6887344,0.05962347,0.9105285,0.9110842,0.006313581
nz24,0.9621085,0.9017435,0.005597295,0.8795828,0.8856769,0.004158782
nz43,0.003189229,0.3239023,-0.002477966,-0.4826914,0.6668239,0.01893918
nz34,0.567552,0.6182441,0.01671375,0.5411483,0.6786198,0.002897335
nz07,0.91753,0.9444164,0.004628611,2.333628,0.9229843,0.01115133
nz50,0.9716969,0.8069127,0.0742233,1.242045,0.9137714,0.02256109
nz24,0.9641296,0.8959148,0.005104658,1.03067,0.8848004,0.003429364
nz16,0.6668353,0.655204,0.0456445,0.3407086,0.923298,0.006831095
nz34,0.6737145,0.6590096,0.02329462,0.5039842,0.7715653,0.005305791
nz43,0.6019696,0.5639426,0.0006713034,1.885366,0.6794026,0.01760706
nz07,0.9612413,0.9839142,0.002979728,2.691335,0.9180716,0.01100789
nz24,0.9352998,0.8874451,0.006416185,1.156183,0.7691461,0.002465868
nz34,0.8260232,0.6595705,0.02279254,0.6452488,0.7592152,0.005049428
nz50,0.9514097,0.8023749,0.07932571,0.9539602,0.9521355,0.02699315
nz43,0.4618754,0.4890179,0.000815541,1.13429,0.6654321,0.01568431
nz16,0.5937311,0.6561358,0.03511132,0.1119353,0.9725006,0.00661562
nz07,0.9776798,0.962144,0.003278428,2.620808,0.9332303,0.01133935
nz24,0.8430072,0.8681067,0.005125075,1.295533,0.7529768,0.002929611
nz34,0.7939313,0.6543369,0.02090227,0.8096101,0.6426281,0.00493277
nz43,0.7024096,0.6567735,0.001733294,2.801815,0.6522385,0.01763919
nz50,0.9517359,0.8020588,0.07563025,1.172876,0.938688,0.02505566
nz07,0.9756006,0.9585117,0.004327969,2.007115,0.9459829,0.01114247
nz16,0.8341036,0.7166707,0.06371039,0.6232888,0.878266,0.006672265
nz34,0.5319245,0.6100649,0.01300939,0.3340744,0.641947,0.002184788
nz24,0.8540727,0.8631066,0.006046777,0.7716311,0.8654191,0.00407791
nz43,0.4313182,0.4250304,-0.001233578,0.3774206,0.6621753,0.01804548
nz07,0.9831602,0.9754975,0.004811002,2.361674,0.9323776,0.01109348
nz50,0.9847841,0.8084283,0.07525439,1.010038,0.9355745,0.02661679
nz16,0.7910706,0.7038318,0.05705763,0.476019,0.932233,0.006458751
nz34,0.768695,0.6626613,0.0256468,0.7068274,0.7355598,0.005540036
nz24,0.9892126,0.9029665,0.005573373,0.9376302,0.8926213,0.003847254
nz07,0.9697808,0.9717775,0.003436386,2.352903,0.9235378,0.01088507
nz43,0.1922219,0.4562429,-0.0008209981,-0.1228499,0.6659849,0.01926177
nz16,0.5793661,0.6257804,0.03421244,0.1253059,0.9714612,0.007322969
nz50,0.9662025,0.8009258,0.07381539,1.091998,0.9331753,0.02532309
nz34,0.5219084,0.6177953,0.01823355,0.4947234,0.7550273,0.005064797
nz24,0.9347065,0.9025453,0.003801058,1.07089,0.8246591,0.003039984
nz07,0.9673337,0.968346,0.00479053,2.32657,0.9379209,0.0109043
nz43,0.4830525,0.5503716,0.001148138,1.008412,0.6594783,0.01828583
nz34,0.570143,0.6284372,0.01857251,0.3762945,0.7303128,0.005221768
nz16,0.7133403,0.6760485,0.04906114,0.2053895,0.9777201,0.006343591
nz50,0.9674292,0.7976355,0.07176975,0.941896,0.9332608,0.02681137
nz24,0.9785922,0.8857712,0.005097833,0.9280523,0.8822961,0.003497238
nz07,0.9626486,0.9675432,0.003100408,2.068811,0.9302038,0.01135194
nz43,-0.179821,0.3239065,-0.002506847,-0.6781432,0.6721977,0.01676181
nz34,0.8130841,0.6652701,0.02402905,0.7330609,0.7674815,0.005368579
nz24,0.9878142,0.8844579,0.005623221,1.075889,0.7962238,0.002187853
nz16,0.810268,0.7191936,0.06577364,0.7298563,0.9368403,0.00643201
nz50,0.9734169,0.8147744,0.08157617,1.283032,0.9075337,0.02215035
nz07,0.9147573,0.9551495,0.003163325,2.21566,0.947681,0.01141916
nz43,0.4331742,0.537306,0.0006430108,1.080136,0.6523842,0.01809779
nz34,0.5665759,0.6150436,0.01948928,0.5323287,0.6836876,0.003898635
nz24,0.943369,0.8681891,0.005755396,1.057603,NaN,0.003102101
nz16,0.6704679,0.6793032,0.05118177,1.168144,0.8682424,0.007181798
nz50,0.9680792,0.8183801,0.07871453,0.9193256,0.9510139,0.02650469
nz07,0.9676445,0.9732354,0.004512288,2.458949,0.9407537,0.01089958
nz43,0.63352,0.6535695,0.001452955,5.098672,0.6768891,0.02054235
nz24,0.9411061,0.8833793,0.005151326,1.0037,0.8929716,0.004606963
nz07,0.9724508,0.9807565,0.003724572,2.479804,0.9466917,0.01128131
nz16,0.9117614,0.74072,0.06783425,0.58656,0.9565711,0.006193033
nz50,0.953462,0.8072577,0.07762918,1.056395,0.9343772,0.02541747
nz43,0.3955649,0.5606611,0.000586656,0.3247953,0.6688291,0.01802026
nz24,0.8859865,0.8096832,0.003795941,1.052005,0.8719488,0.003837897
nz07,0.9441205,0.959338,0.003542771,1.954088,0.9429066,0.01100639
nz34,0.7499643,0.6649017,0.02654942,0.9903843,0.6572712,0.004699211
nz16,0.936085,0.7431177,0.07492496,0.8768305,0.9258413,0.00592423
nz50,0.9774335,0.808381,0.07639958,1.159265,0.9199833,0.02388309
nz43,0.410394,0.4606289,-0.001156122,0.0500782,0.6682631,0.01791825
nz24,0.8534133,0.8259803,0.005591401,0.946187,0.9206535,0.004229093
nz07,0.9513326,0.9712396,0.003708118,2.692772,0.9363081,0.01124907
nz34,0.5244386,0.6133421,0.01454855,0.4009343,0.7646101,0.005821194
nz24,0.8266413,0.8546069,0.005632173,0.5578128,0.9768892,0.005161301
nz43,0.2367867,0.3666268,-0.00189379,-0.5165904,0.6472601,0.0168169
nz16,0.6962431,0.6899793,0.04381472,0.5049236,0.8938303,0.007068652
nz50,0.9745448,0.8202958,0.07872016,1.201425,0.923266,0.02377463
nz07,0.9849949,0.9527796,0.002977784,2.479443,0.9248981,0.01074133
nz24,0.9025492,0.8558867,0.005350996,1.073291,0.889765,0.003592973
nz43,0.3270901,0.4276328,-0.0006345739,0.02943973,0.700692,0.02004663
nz16,0.7840884,0.7251433,0.06008455,0.9573763,0.9107138,0.006347465
nz50,0.9701529,0.8184656,0.07435212,1.077454,0.9419382,0.02404818
nz07,0.9825335,0.9803588,0.003287129,2.090791,0.9490433,0.01090232
nz24,0.8706105,0.8366788,0.0061574,0.8090381,0.9047375,0.003839492
nz43,0.5171915,0.5894312,0.001156833,1.492968,0.6436702,0.01712223
nz16,0.7470521,0.6950993,0.05377702,0.3639896,0.9006599,0.006045549
nz07,0.9695555,0.9774205,0.00489026,2.78063,0.9292213,0.01105909
nz50,0.9733123,0.806703,0.0749643,1.05945,0.9439135,0.02478521
nz24,0.9460814,0.8702644,0.00500949,0.9586217,0.7991732,0.003662189
nz43,0.374739,0.4776483,-0.0003790392,-0.001372975,0.6629991,0.01641586
nz07,0.975059,0.9772921,0.003688973,2.375705,0.9308004,0.01079584
nz16,0.6643945,0.6696065,0.03931139,0.4354618,0.9297019,0.006075778
nz50,0.9459907,0.7985961,0.07145688,1.028594,0.9336087,0.02500058
nz24,0.9593034,0.8483012,0.006128111,1.059469,0.8785314,0.003109337
nz43,0.4998607,0.5099961,-5.265724e-05,0.738064,0.6623826,0.01808124
nz07,0.9240229,0.9616653,0.003434131,2.347954,0.943451,0.01070614
nz16,0.6225195,0.67003,0.03410327,0.08404425,0.9645543,0.007050599
nz24,0.9559232,0.8896301,0.005504273,0.9336002,0.8948295,0.003785558
nz50,0.960451,0.7989568,0.07730202,0.9979943,0.9485023,0.02593203
nz43,0.3738848,0.4686872,0.0001055903,0.3906897,0.6465265,0.0189057
nz07,0.9549908,0.9772499,0.00415074,2.625502,0.9275784,0.01086761
nz24,0.9674866,0.8819988,0.005221561,0.8872714,0.8843845,0.003792297
nz16,0.6129279,0.6486091,0.03922883,0.24057,0.9335975,0.006437317
nz50,0.9805776,0.8022391,0.07579402,1.141337,0.9411985,0.02445878
nz43,0.4634675,0.446516,-0.00103967,-0.1422768,0.6525848,0.01886544
nz07,0.9663721,0.9729247,0.004077016,2.48933,0.9305667,0.01101259
nz34,0.7416071,0.6558286,0.02476277,0.7611259,0.7039746,0.003725727
nz24,0.9895753,0.9114524,0.004926671,0.8368645,0.907883,0.003578945
nz16,0.4651796,0.6478341,0.046255,1.389763,0.8967431,0.006952458
nz50,0.9783241,0.8072511,0.07505133,1.16794,0.9224509,0.02534035
nz43,0.5148601,0.5746518,0.001041121,0.9406316,0.6560772,0.01830434
nz07,0.9590263,0.9716639,0.003853002,2.330905,0.9238995,0.01131378
nz34,0.5279103,0.6103264,0.01578734,0.5648982,0.6474118,0.003242545
nz24,0.9803004,0.898142,0.005354505,0.9991984,0.803247,0.003959902
nz16,0.5980406,0.6288179,0.03506548,0.1000785,0.9181423,0.005763989
nz43,0.6612242,0.5633362,0.002075818,0.8162941,0.6887627,0.01776277
nz07,0.9570057,0.9662526,0.00358665,2.05609,0.9283253,0.01114807
nz50,0.975236,0.8013234,0.07135881,1.077763,0.940472,0.02600137
nz34,0.6680528,0.6430004,0.02317946,0.5844841,0.7196652,0.003452612
nz24,0.9767452,0.8900219,0.004702963,0.6725042,0.8940798,0.003342847
nz07,0.9769303,0.9658632,0.003806118,2.215274,0.9348634,0.01137548
nz43,0.4004393,0.5085826,0.0003348731,0.8883194,0.6609826,0.01690112
nz16,0.6857569,0.6989234,0.05049952,0.4325434,0.9532319,0.006489792
nz34,0.6568557,0.6431847,0.02047431,0.7151934,0.7321999,0.005025247
nz50,0.9493144,0.8153761,0.0779482,1.087829,0.9463831,0.02487859
nz24,0.8031243,0.7779192,0.004549938,0.8788483,0.9061746,0.004119144
nz07,0.9694187,0.9761177,0.003672116,2.743111,0.9302302,0.01116532
nz34,0.7760851,0.6448442,0.01822717,0.7947945,0.6764987,0.002754893
nz43,0.3870277,0.4649596,-0.001121246,0.8483061,0.6711434,0.01783843
nz16,0.3459877,0.6200196,0.03758188,0.2883252,0.9240415,0.00670804
nz50,0.946768,0.7968709,0.07148912,1.096375,0.9358503,0.02399771
nz24,0.9564694,0.8590494,0.00536016,0.7824875,0.8263223,0.003850776
nz07,0.9502671,0.971926,0.00376137,2.366893,0.9418736,0.01122491
nz34,0.893637,0.6698831,0.0222914,0.5182665,0.7495033,0.005317579
nz43,0.3381925,0.4749363,-0.0002271571,-0.3137137,0.6596184,0.01818836
nz24,0.9740278,0.8836156,0.004439999,0.9914392,NaN,0.003502951
nz16,0.8647739,0.7324036,0.062534,0.7077678,0.9388234,0.007897113
nz50,0.960161,0.8072628,0.07666117,1.121357,0.9390898,0.02525931
nz34,0.7382753,0.6642234,0.02333316,0.7706383,0.7660906,0.005453496
nz07,0.9540485,0.9839606,0.003886584,2.42213,0.93051,0.01081083
nz43,0.5577855,0.5950488,0.0007433904,1.146718,0.6651853,0.01791085
nz24,0.9769048,0.8924537,0.005168078,1.476245,0.8006277,0.003031839
nz16,0.6263445,0.6449731,0.031865,0.0804675,0.9790221,0.00705448
nz50,0.9662605,0.8124954,0.0748437,0.9953629,0.9459403,0.02605014
nz34,0.5851014,0.6228799,0.02069176,0.6206295,0.709077,0.005223863
nz07,0.9616937,0.9585976,0.003426482,1.949771,0.9388622,0.01142668
nz43,0.3960799,0.4507058,-0.0008723919,-0.08326536,0.6700424,0.01719962
nz24,0.9182532,0.8585188,0.004896024,0.969012,0.7434885,0.001966913
nz34,0.8988616,0.6909786,0.02723586,1.231111,0.6438748,0.003348388
nz50,0.9639301,0.7975835,0.07639562,1.177304,0.920412,0.02605813
nz07,0.9690488,0.967097,0.003756374,2.152538,0.9469496,0.01112692
nz16,0.8732699,0.7384467,0.06785009,0.8498945,0.9528042,0.006968875
nz43,0.2671786,0.5021849,-8.046789e-05,-0.01858228,0.6720377,0.01600925
nz24,0.9878357,0.8994653,0.005506904,0.8793902,0.870945,0.004509417
nz35,0.9198022,0.8538143,0.5412409,1.273556,0.8246337,0.003484603
nz17,0.9662467,0.8209401,0.3997777,1.068925,0.8087794,0.01350793
nz07,0.9484389,0.9571729,0.003713754,2.342285,0.9359974,0.01100609
nz50,0.9734383,0.8150585,0.07476539,1.113158,0.9397343,0.0251634
nz24,0.9526582,0.8811167,0.004780132,1.109556,0.8470354,0.003921297
nz43,0.1916091,0.4126606,-0.002345427,-0.3669741,0.6662371,0.01837512
nz35,0.941159,0.8652629,0.5706894,0.7817056,0.9365542,0.004049708
nz17,0.9533691,0.8173052,0.4136436,1.273803,0.8213362,0.01444214
nz07,0.9732045,0.9744574,0.004493079,2.541028,0.9324603,0.01112309
nz24,0.9656075,0.8962257,0.005415482,0.9634029,0.9117011,0.003732492
nz50,0.9643234,0.7998185,0.07499193,1.020858,0.9318854,0.02541651
nz43,0.3509702,0.5870645,0.001153687,1.6992,0.6756239,0.01807924
nz35,0.9463276,0.8645348,0.5672171,0.8677419,0.9107656,0.003593073
nz17,0.9726034,0.8242255,0.412791,1.145104,0.8147036,0.01522147
nz07,0.9776416,0.9613217,0.003754967,2.228252,0.9323588,0.01103324
nz24,0.8628254,0.8631624,0.005804289,1.037659,0.9186858,0.003503258
nz43,0.5485356,0.4608628,-0.0009060382,-0.07472166,0.6231665,0.01823661
nz50,0.9625912,0.8109495,0.07356981,1.098312,0.9304627,0.02410666
nz35,0.960295,0.8692865,0.5752976,1.03947,0.9084633,0.004163215
nz17,0.9694621,0.8232977,0.3963233,0.9759285,0.8279259,0.01354115
nz07,0.9127269,0.965189,0.003503543,2.365724,0.9192856,0.01107013
nz24,0.9679929,0.8847043,0.006797838,0.6567929,0.963858,0.004564483
nz43,0.2769708,0.3749983,-0.002338211,-0.3353967,0.6411817,0.0173841
nz35,0.9559269,0.8698311,0.5745486,0.8793623,0.8918306,0.003767185
nz50,0.9016339,0.7856782,0.06418962,0.9625985,0.9426075,0.02432026
nz17,0.9289146,0.8054789,0.3814127,0.847878,0.8549539,0.01595748
nz07,0.9351535,0.9581515,0.003500955,2.273398,0.9350193,0.0111921
nz24,0.9824154,0.867442,0.005612037,0.863466,0.8327673,0.003362356
nz43,0.6818665,0.6023431,0.0009845274,1.757961,0.6548444,0.01800074
nz35,0.9695762,0.8727232,0.5758728,1.078851,0.8902908,0.003814189
nz17,0.9836056,0.8307523,0.4165105,1.031428,0.8183629,0.01275948
nz07,0.9369252,0.9391306,0.002798488,2.08138,0.920716,0.0107918
nz50,0.9753383,0.8088244,0.0738602,1.022829,0.9621118,0.0278347
nz24,0.9266277,0.886804,0.005261908,0.8033156,0.8796787,0.003293694
nz35,0.9189532,0.8634345,0.5674201,1.031654,0.9031854,0.003847947
nz44,0.980974,0.8806262,0.2414166,0.984953,0.8919062,0.01089883
nz17,0.9727459,0.8250148,0.4134048,1.138603,0.8094942,0.01457637
nz08,0.9543244,0.8277728,0.1380132,1.039276,0.9483437,0.02437525
nz50,0.9661461,0.8184567,0.07829216,1.087909,0.9158634,0.02524415
nz24,0.8360082,0.8640706,0.004703025,0.4336606,0.9784017,0.004920088
nz35,0.9375622,0.8632851,0.5607614,0.8203361,0.9259199,0.003700451
nz44,0.981875,0.8839876,0.2593309,1.173145,0.83596,0.009073485
nz17,0.9677918,0.8242255,0.397339,1.221213,0.8086561,0.01516717
nz08,0.976097,0.8318939,0.1423482,1.128915,0.9500502,0.02550218
nz50,0.9822472,0.8089776,0.07488056,1.058664,0.9456844,0.02735222
nz35,0.8570928,0.8385959,0.5123632,0.7285217,0.9210179,0.003842738
nz25,0.9773066,0.9161839,0.0525481,1.049077,0.9549479,0.02108727
nz44,0.9816178,0.8832732,0.243423,0.9880351,0.8859,0.01075259
nz17,0.9721382,0.8289389,0.4110169,0.8519521,0.8315314,0.01509489
nz35,0.8945233,0.8497514,0.5449111,0.970169,0.9155641,0.003912143
nz44,0.9698212,0.8791682,0.2487262,0.9581806,0.8736265,0.01119375
nz25,0.9660282,0.9092359,0.05504997,1.028326,0.9511776,0.02312353
nz50,0.9891822,0.8098793,0.07634824,1.091503,0.9220198,0.02494264
nz08,0.9818065,0.8330589,0.1394343,1.022895,0.9595741,0.02486393
nz17,0.9635013,0.8216504,0.4014064,0.875957,0.8552485,0.01692785
nz35,0.964469,0.8709641,0.5815867,1.297154,0.8181171,0.003778376
nz44,0.9738132,0.8762746,0.245908,0.9343137,0.8892516,0.0109318
nz17,0.9821763,0.8359936,0.4106394,1.347357,0.7773596,0.01312875
nz25,0.9655606,0.919736,0.05334698,1.262385,0.9525373,0.02338853
nz50,0.9325897,0.7973159,0.0694056,0.9755463,0.9504265,0.02674431
nz08,0.9577913,0.8215153,0.1376085,0.9669571,0.9574092,0.02490796
nz35,0.9274933,0.8612676,0.5521059,0.9658771,0.9199208,0.003801853
nz44,0.979588,0.8838503,0.2561657,1.197693,0.8659259,0.0105731
nz17,0.9833298,0.8335992,0.4127182,1.059673,0.8299775,0.01395375
nz25,0.9597525,0.927524,0.04999778,1.170954,0.9489984,0.02172472
nz08,0.9515954,0.8149538,0.1416855,0.9818723,0.9658022,0.02509488
nz50,0.9604852,0.8060747,0.07537191,0.9545907,0.9447483,0.02534822
nz35,0.9228706,0.870562,0.5849779,0.9427002,0.9064008,0.003668441
nz44,0.9566682,0.8789754,0.255854,1.146371,0.8628944,0.01059116
nz17,0.962647,0.8273531,0.4108655,0.9488629,0.8519295,0.01529985
nz25,0.9919063,0.9224864,0.05048762,1.202486,0.9491325,0.02201852
nz35,0.9706775,0.8731571,0.5750703,1.170927,0.873457,0.003757948
nz50,0.9736365,0.8083628,0.07467495,1.053229,0.9238955,0.02497689
nz08,0.9491928,0.8231961,0.1371218,0.961532,0.9598797,0.02590091
nz17,0.9586426,0.8262412,0.3960155,1.116463,0.8261087,0.01490618
nz44,0.9788624,0.888335,0.2530319,0.9940237,0.8664101,0.01021843
nz25,0.9326544,0.9145208,0.04704725,1.124382,0.9511984,0.02073051
nz35,0.9305004,0.8542814,0.5378351,1.008122,0.9028532,0.003756363
nz50,0.957574,0.8025083,0.0774077,0.9861878,0.9480718,0.02516768
nz08,0.9597667,0.8250975,0.1441041,0.9283996,0.9571292,0.0236386
nz17,0.9565672,0.8239981,0.4090772,0.9888452,0.8552213,0.01530426
nz44,0.9565113,0.8706188,0.2368636,0.9550646,0.8836988,0.01015846
nz35,0.9599617,0.8716482,0.5827338,0.9914768,0.883473,0.003952814
nz25,0.9825096,0.9203728,0.05253194,1.156563,0.9566568,0.0216581
nz17,0.9558729,0.8206031,0.3962154,1.025759,0.7890224,0.01320588
nz50,0.947951,0.8043937,0.0767441,1.150381,0.933056,0.0257645
nz44,0.9306435,0.8677647,0.2343502,0.9718637,0.8959196,0.01038504
nz08,0.9671461,0.8345816,0.1434514,1.247213,0.9465487,0.02490291
nz35,0.8210616,0.8539735,0.5685989,0.955599,0.8912806,0.003983536
nz25,0.9750109,0.9132376,0.04905584,1.10965,0.9544879,0.02264252
nz17,0.9375777,0.8110791,0.3868589,0.8470858,0.8378569,0.01574355
nz44,0.9686558,0.8769558,0.2464032,1.063257,0.8905278,0.01076383
nz50,0.9792218,0.8067985,0.07117903,1.00949,0.9413247,0.02661078
nz08,0.9732008,0.8285614,0.1453309,0.9292125,0.9605487,0.02509932
nz35,0.9094248,0.8558829,0.5471714,0.8844237,0.8523117,0.00350761
nz25,0.976955,0.909946,0.04910177,1.048917,0.9531096,0.02086428
nz17,0.9153926,0.8110268,0.3755935,0.8977105,0.8363577,0.01639276
nz44,0.9661934,0.8872312,0.2501836,0.8914096,0.9025798,0.01042649
nz51,0.982222,0.8530559,0.04768069,0.7917329,0.8531592,0.006462049
nz35,0.9286929,0.8737673,0.5925005,1.035437,0.9012381,0.00380169
nz08,0.9663205,0.8150639,0.1333775,0.9208671,0.958707,0.02471034
nz17,0.9817164,0.8223996,0.3955342,0.9377374,0.8554025,0.01604662
nz25,0.9760124,0.9077609,0.05539772,0.8806437,0.9496091,0.02109171
nz44,0.9413337,0.8701669,0.2285161,0.9026205,0.8723124,0.01047558
nz51,0.9718572,0.843088,0.04662354,0.5881504,0.9303809,0.006360941
nz35,0.9510421,0.8681604,0.5737826,1.1799,0.8673003,0.003824498
nz08,0.9655677,0.8238945,0.1361579,1.117076,0.9578116,0.02613727
nz17,0.9726607,0.8302037,0.4108816,1.181973,0.8129893,0.01480374
nz44,0.9797577,0.885893,0.2523466,1.121697,0.8747583,0.01097612
nz25,0.9832031,0.9202305,0.05254507,1.194037,0.9368413,0.02219918
nz51,0.9198493,0.8573094,0.05697535,1.048606,0.8600662,0.006447877
nz35,0.9772668,0.8721949,0.5747778,0.8993899,0.8268857,0.004158463
nz17,0.9682665,0.8297976,0.4059042,0.8800709,0.8605798,0.0158024
nz08,0.9627622,0.8384354,0.1458702,0.961267,0.9584636,0.02447874
nz44,0.957093,0.873744,0.2415627,1.085244,0.839302,0.01053541
nz51,0.9322201,0.8524003,0.05097122,0.9720387,0.8495614,0.00568224
nz25,0.984892,0.9084114,0.05187921,1.238474,0.9539015,0.0229784
nz35,0.946941,0.8714821,0.5789849,1.022028,0.8692074,0.003484757
nz17,0.9771012,0.8273373,0.3978231,1.163304,0.8290109,0.01557305
nz44,0.9688217,0.8795349,0.2519312,1.213692,0.8548098,0.009457882
nz08,0.9385256,0.8180036,0.1366207,1.020268,0.956878,0.02470803
nz51,0.9604475,0.8689088,0.05354363,0.9120819,0.8263985,0.005994699
nz35,0.9586197,0.8747458,0.5859176,0.9009064,0.8942002,0.003926315
nz25,0.9759145,0.9111278,0.05433097,1.057477,0.9534426,0.02275665
nz17,0.973415,0.8282238,0.4178966,0.9725083,0.8282747,0.01542891
nz44,0.9795631,0.8844119,0.2570856,1.184448,0.867985,0.01074653
nz51,0.9480889,0.8637821,0.05288477,1.027183,0.8462061,0.006861281
nz35,0.9343033,0.8547724,0.5397225,1.007259,0.8358536,0.003546016
nz08,0.972269,0.8222487,0.1378377,0.828382,0.9683144,0.02366293
nz25,0.9801137,0.9238174,0.04993686,1.274517,0.9514408,0.02160889
nz17,0.8732021,0.807379,0.3821877,0.8733348,0.8175983,0.01540111
nz44,0.9509741,0.8725088,0.235076,1.066459,0.87909,0.01006899
nz35,0.9174297,0.8543384,0.555394,0.8484178,0.9004787,0.004116658
nz51,0.9536383,0.848567,0.05348067,1.019404,0.8289584,0.005723303
nz08,0.9401491,0.8186938,0.139991,0.974112,0.9366033,0.02397691
nz25,0.971941,0.9136924,0.0539812,1.195618,0.9459035,0.02281113
nz17,0.9652895,0.8272446,0.4172776,1.04586,0.8347684,0.01483096
nz44,0.9523778,0.8863892,0.2563841,0.9930535,0.8675362,0.01024867
nz35,0.8715028,0.8414286,0.535224,1.054798,0.8811708,0.004127932
nz51,0.9741518,0.8550062,0.04998277,0.8369665,0.8550661,0.006604571
nz25,0.9821719,0.9137542,0.04946541,1.005727,0.9600052,0.02132272
nz17,0.9676941,0.8195381,0.3968628,1.07188,0.8067234,0.01388693
nz08,0.9774909,0.8264067,0.1371175,0.8498997,0.9697363,0.02540207
nz44,0.9578904,0.8750798,0.2323582,1.25372,0.840119,0.01018265
nz35,0.9500532,0.8736836,0.5810211,0.8896659,0.9134621,0.003737567
nz51,0.8635246,0.8537028,0.05533706,0.8394355,0.8917926,0.006217007
nz17,0.887408,0.8012038,0.3812143,0.7684918,0.8437145,0.01528672
nz25,0.9796158,0.9165071,0.04912888,1.105931,0.9547845,0.02157118
nz44,0.9632054,0.8737679,0.2548313,1.26976,0.8484597,0.009207713
nz08,0.9858978,0.83258,0.1438748,0.9182998,0.9595629,0.02529797
nz35,0.9387764,0.8690095,0.5821415,0.9720694,0.9098305,0.00402816
nz51,0.9567167,0.8532393,0.05107272,1.089252,0.8113006,0.004765885
nz17,0.9753391,0.8375008,0.4158192,0.825251,0.8585522,0.01618569
nz25,0.9802331,0.9149776,0.05310109,1.174456,0.9487797,0.02203811
nz35,0.8539296,0.8528805,0.5613644,1.129416,0.8640521,0.004075248
nz44,0.9813925,0.8796587,0.2421784,1.009655,0.8955952,0.01046316
nz08,0.983494,0.8311821,0.1434185,0.9446677,0.961088,0.02529835
nz51,0.9821891,0.8744026,0.05114435,1.11812,0.7916844,0.005296414
nz17,0.9272201,0.8106667,0.3869053,1.231747,0.8201068,0.01538893
nz35,0.9198344,0.8549755,0.5696909,1.035281,0.870116,0.003559545
nz44,0.9887747,0.8875781,0.2510602,1.039257,0.8870361,0.01135449
nz25,0.9841857,0.9176339,0.05567429,1.111264,0.9472922,0.02191131
nz51,0.9797618,0.8639163,0.05128421,0.8365591,0.8264841,0.005107515
nz08,0.9776445,0.8260148,0.1441292,0.913938,0.9631015,0.02520565
nz17,0.975394,0.8315306,0.4149313,0.7786634,0.8794238,0.01576014
nz35,0.9128891,0.853369,0.5437255,0.8587354,0.848926,0.003621022
nz44,0.979802,0.8793149,0.2461274,0.9741898,0.8914066,0.01018963
nz51,0.9699564,0.8633861,0.04979894,0.8581826,0.8488879,0.005649956
nz25,0.9874301,0.9114267,0.04775634,1.281128,0.9407659,0.02358055
nz08,0.9611485,0.8287411,0.1396167,0.9935376,0.9527384,0.02350653
nz17,0.9758345,0.8286304,0.4114392,1.015066,0.8260191,0.01420001
nz35,0.9488606,0.8704963,0.5864381,1.243111,0.8572785,0.003739035
nz44,0.9810604,0.8827831,0.2414226,1.049873,0.8980968,0.01105997
nz51,0.9396227,0.8566354,0.05202691,0.9388441,0.8049391,0.004978074
nz25,0.9779998,0.9149633,0.04691938,1.294563,0.9442792,0.02255252
nz17,0.9762703,0.8373213,0.4147155,1.037777,0.8183743,0.01377312
nz08,0.983717,0.8283114,0.1377864,0.9540328,0.9536364,0.02453703
nz35,0.9432634,0.8619042,0.5538187,1.113602,0.8790435,0.004081558
nz44,0.9652466,0.8721601,0.2429355,0.9183223,0.8909603,0.01111449
nz51,0.9788407,0.8641638,0.04963027,0.8835955,0.8623186,0.005921692
nz25,0.9837007,0.9138893,0.05619798,1.198181,0.9524138,0.02280483
nz17,0.9838665,0.8313019,0.4147341,1.013087,0.8369296,0.01547936
nz35,0.9670952,0.8725531,0.58848,1.147081,0.8638251,0.004166575
nz08,0.9442554,0.8051777,0.1322586,0.8789556,0.9668585,0.02626333
nz44,0.9687577,0.8789728,0.2483441,1.129248,0.8757494,0.01018626
nz51,0.965227,0.8382568,0.04753633,0.7127085,0.8741014,0.005969201
nz17,0.9583938,0.811092,0.3809483,0.8976686,0.8565406,0.01557184
nz35,0.9327442,0.8553262,0.527983,1.00568,0.8721828,0.003839089
nz25,0.9620792,0.9137238,0.05092815,1.260117,0.9505222,0.02111895
nz44,0.9712685,0.8739702,0.2399523,0.9807036,0.8781781,0.01068912
nz51,0.9545786,0.8522144,0.04732067,1.068753,0.8560414,0.00566857
nz08,0.9651435,0.8196765,0.1471396,0.9904004,0.9536525,0.0242055
nz35,0.8740646,0.850315,0.5614265,1.059958,0.8967242,0.003628382
nz17,0.9611088,0.8240758,0.4078343,1.028764,0.807141,0.01351046
nz25,0.9774766,0.9126325,0.05065594,1.211881,0.9387354,0.02149254
nz44,0.9656132,0.8712135,0.2471163,0.8967953,0.8793315,0.009965135
nz51,0.9781504,0.8649892,0.04886574,0.9487295,0.8488185,0.00593952
nz08,0.9669038,0.8183697,0.1396915,0.8252597,0.9641694,0.02479236
nz35,0.9230222,0.8607692,0.5634512,0.7436836,0.9158352,0.003819933
nz17,0.9275679,0.8237467,0.390072,1.36683,0.801667,0.01510797
nz25,0.9558837,0.9107253,0.05471337,1.056449,0.9507425,0.02185495
nz44,0.8969548,0.8618186,0.2488077,1.031641,0.8933331,0.0103445
nz51,0.9671046,0.8519694,0.04806651,0.8106251,0.8491141,0.00625774
nz35,0.9096319,0.8500853,0.5240431,0.7750483,0.8906201,0.003822118
nz17,0.9654023,0.8190802,0.398935,1.035284,0.8225037,0.01495028
nz08,0.9724806,0.827862,0.1377459,0.9786681,0.951298,0.02487465
nz44,0.9711292,0.8756763,0.2443339,0.9827426,0.8824206,0.01035502
nz25,0.9752006,0.9144975,0.05239904,1.241065,0.954277,0.02241554
nz51,0.9871322,0.8561578,0.05106188,1.000273,0.872439,0.007198792
nz35,0.7907144,0.8127887,0.500428,0.9608952,0.850495,0.00380399
nz17,0.9734255,0.8340245,0.4150658,0.9333323,0.8292091,0.0146408
nz08,0.9876728,0.8320975,0.1401992,0.9682663,0.9568926,0.02350689
nz44,0.9454859,0.8740483,0.2400073,1.002953,0.9008445,0.010751
nz51,0.9801267,0.8558788,0.04943897,0.8617436,0.7911511,0.005806697
nz25,0.9318955,0.9052017,0.0518642,1.165616,0.949015,0.0221783
nz35,0.9539485,0.8719553,0.5885818,1.077839,0.8978885,0.003712632
nz17,0.9655386,0.8190094,0.3961554,0.9760388,0.8283937,0.01329652
nz08,0.9711782,0.8296302,0.1381603,0.9402882,0.9573883,0.02500363
nz44,0.9832058,0.884182,0.2396738,1.134524,0.8539752,0.01036768
nz51,0.9643062,0.8533299,0.05094786,1.311434,0.8064628,0.005253426
nz25,0.9891494,0.9195786,0.05095328,1.27135,0.9380224,0.02128518
nz35,0.8172297,0.8290539,0.5144317,0.9571914,0.8587872,0.003601403
nz17,0.9666108,0.8215358,0.3916568,1.010227,0.8386044,0.01562546
nz44,0.9508753,0.8736456,0.2354594,1.105423,0.8446248,0.01058704
nz51,0.9519716,0.8569181,0.05245405,1.092275,0.8514795,0.00731268
nz08,0.9504246,0.8220823,0.1381658,1.042567,0.9468855,0.02351541
nz35,0.958831,0.8738955,0.5836481,0.8457055,0.8556483,0.003789232
nz17,0.9571823,0.824655,0.409196,0.9985191,0.8088066,0.01364294
nz25,0.9851234,0.9133315,0.04871115,1.172979,0.9519833,0.02300742
nz44,0.9854042,0.8845991,0.253078,1.009691,0.8685824,0.0105113
nz51,0.933083,0.8587615,0.05335269,0.9518299,0.839832,0.006555201
nz35,0.9422706,0.8675434,0.5697661,0.9644814,0.8520643,0.003820608
nz08,0.9787361,0.8335704,0.1389009,1.008457,0.9454157,0.02428719
nz17,0.9208456,0.8037969,0.3728997,0.9080943,0.8449728,0.01525774
nz25,0.9835871,0.9176711,0.04724271,1.044398,0.9514141,0.02263136
nz44,0.9735217,0.8721111,0.2427915,0.8459218,0.9001174,0.01085262
nz51,0.9526687,0.8465459,0.04478747,0.9997576,0.8600146,0.006745009
nz35,0.7998291,0.8266022,0.5201229,0.9868821,0.8071265,0.00361249
nz17,0.9086506,0.8020471,0.3753183,0.9031816,0.7982866,0.01465912
nz08,0.9838584,0.8282883,0.1436966,0.8667023,0.9548388,0.02639988
nz25,0.9862964,0.902403,0.05158177,1.127269,0.9580519,0.02215973
nz44,0.9642131,0.8745136,0.2415172,0.9378886,0.9168313,0.01118142
nz35,0.9584716,0.8734742,0.5850364,0.7749361,0.8866466,0.003316497
nz51,0.9279354,0.8408313,0.05418631,0.8828988,0.8533712,0.006022317
nz17,0.98317,0.8257025,0.4033893,0.8373817,0.8501608,0.01600568
nz08,0.9765089,0.8384124,0.1502516,1.153879,0.943638,0.02440771
nz25,0.9723722,0.9160417,0.04934306,1.004685,0.9626373,0.02040274
nz44,0.9497874,0.870324,0.2348236,0.8104798,0.9086549,0.01096911
nz35,0.8727831,0.8436626,0.5396163,0.8845531,0.9175597,0.003883606
nz51,0.8793672,0.8517646,0.05282248,1.030055,0.7968402,0.005635315
nz17,0.9898977,0.8398626,0.4131981,1.089311,0.831772,0.0145097
nz44,0.9123077,0.8683774,0.2493955,0.9233359,0.869948,0.01048733
nz25,0.9762872,0.906996,0.04939001,1.157876,0.9583818,0.02204959
nz35,0.9396646,0.86503,0.5634571,1.316653,0.7161559,0.002863127
nz08,0.9795254,0.8302753,0.1432422,1.042401,0.9554616,0.02477614
nz51,0.9666702,0.8420912,0.04904908,0.7424942,0.860452,0.005711207
nz17,0.9675748,0.8262329,0.3977849,1.037788,0.7958435,0.01401546
nz44,0.9799232,0.8851344,0.2452683,1.238794,0.8714932,0.0112938
nz35,0.966386,0.8765598,0.5867476,0.9497273,0.877935,0.003935379
nz51,0.9888529,0.8673236,0.04606619,0.886254,0.8792974,0.006452246
nz25,0.9828851,0.9152911,0.05503592,1.076933,0.9597605,0.02332038
nz08,0.9754029,0.8296442,0.1431791,0.9783654,0.9627209,0.02449546
nz17,0.9483973,0.815063,0.3873646,0.9230487,0.8146102,0.01462266
nz44,0.9608585,0.8729809,0.2437584,1.240951,0.8218888,0.01005092
nz35,0.9646745,0.8776022,0.5824046,0.6474484,0.9494437,0.004017617
nz51,0.9899938,0.8550259,0.04977568,0.8981972,0.8389521,0.005333768
nz17,0.943802,0.8145992,0.3814711,0.8924557,0.8301505,0.01573312
nz25,0.9856001,0.9144319,0.04879874,1.053782,0.9569386,0.02148439
nz08,0.9466407,0.8193528,0.1488842,0.961787,0.9621895,0.02736176
nz44,0.9385735,0.8695252,0.2343894,0.8793633,0.882756,0.010639
nz35,0.878236,0.8490934,0.5342749,0.909056,0.8972747,0.003818249
nz51,0.9818173,0.8574836,0.05022946,0.9228105,0.7742743,0.005662925
nz17,0.9720361,0.834249,0.4104647,0.9435279,0.83918,0.01449252
nz25,0.9745433,0.910224,0.04842917,1.103438,0.9526629,0.02247468
nz08,0.9744092,0.8293565,0.142613,0.9848861,0.9496523,0.02469124
nz44,0.9800065,0.882653,0.2557788,1.191975,0.8835515,0.0110125
nz36,0.7396876,0.5989273,0.1302432,0.7836924,0.601745,0.01134644
nz51,0.9868635,0.8651799,0.04976003,0.9346161,0.8946188,0.006308656
nz25,0.982023,0.9113819,0.05041659,1.019411,0.9510835,0.02382636
nz44,0.972779,0.8806056,0.2413229,1.177318,0.8765654,0.01142082
nz08,0.9861095,0.8310282,0.147716,0.7670985,0.9709597,0.02579723
nz51,0.9481285,0.8507231,0.05026522,0.8173166,0.802495,0.004728795
nz25,0.9556176,0.9046954,0.05115705,1.152701,0.9519007,0.02087372
nz44,0.9668042,0.8706439,0.2361639,0.8895864,0.8834596,0.01098442
nz51,0.9263468,0.8336422,0.04972644,0.9502906,0.8620906,0.005358852
nz08,0.9862525,0.8339273,0.1476732,0.8758936,0.9563463,0.02436498
nz44,0.9675247,0.8749256,0.2408972,0.962368,0.8736759,0.01066894
nz25,0.9883126,0.9190431,0.05213021,1.122069,0.9524145,0.02338163
nz51,0.9897949,0.871402,0.05014355,0.9028758,0.8460415,0.006103676
nz08,0.9694954,0.8411477,0.1419606,1.231796,0.9314342,0.02461683
nz44,0.9603177,0.8777864,0.2452926,1.091297,0.8821576,0.01174358
nz25,0.9454267,0.9206878,0.05421341,1.061143,0.9571011,0.02153623
nz51,0.9606175,0.8544183,0.04739998,0.6491306,0.8862189,0.005993245
nz08,0.9553996,0.8279236,0.1440909,1.054383,0.9551468,0.02456085
nz44,0.9859963,0.8890855,0.248925,1.084396,0.8701592,0.01067972
nz25,0.9798705,0.9026306,0.05069267,1.25417,0.9510733,0.02401032
nz51,0.9785599,0.8673626,0.05026739,0.9417244,0.7714727,0.005541734
nz08,0.9860535,0.8343297,0.1443478,1.096832,0.9488769,0.02313722
nz44,0.9322182,0.8661662,0.2313123,0.9945751,0.8727471,0.01055419
nz51,0.9719101,0.8408216,0.04696271,0.9065007,0.7694905,0.004871506
nz25,0.9672035,0.9201414,0.05272391,1.193592,0.9449938,0.02182569
nz44,0.9640732,0.8710497,0.2394689,1.115784,0.8837904,0.01072079
nz08,0.9426005,0.8162995,0.1424098,0.970592,0.9443921,0.0233709
nz51,0.952104,0.8620193,0.05072498,0.9215232,0.8449143,0.006646562
nz25,0.9647333,0.9152105,0.05391156,1.104677,0.957038,0.0217179
nz45,0.978849,0.9047959,0.02733449,1.050823,0.7872479,0.003223068
nz51,0.9868573,0.8546833,0.05135374,0.7408141,0.8904306,0.007351972
nz08,0.9741082,0.8260287,0.1398272,0.9583914,0.9630219,0.02567108
nz25,0.9768639,0.9188175,0.05433259,1.103654,0.9540044,0.0212686
nz51,0.9658669,0.8677436,0.04844558,0.9529313,0.8268778,0.007218169
nz08,0.9562007,0.8195785,0.1328343,1.002572,0.9470369,0.02363196
nz25,0.9685038,0.9099723,0.05027313,1.166756,0.9457241,0.02219443
nz51,0.9479747,0.8567569,0.04674542,0.9211431,0.8717825,0.006445343
nz25,0.9915829,0.9205421,0.05229673,1.254683,0.9487561,0.02325392
nz08,0.9670133,0.8316406,0.1421309,0.8574689,0.960081,0.0256478
nz51,0.9838085,0.8618839,0.04761095,1.086872,0.7820891,0.004653486
nz25,0.9876761,0.917422,0.05142866,1.186558,0.9556716,0.02230546
nz08,0.9292303,0.8066895,0.1317123,0.8954325,0.9682975,0.02624545
nz51,0.9739968,0.8575949,0.0485104,0.7887868,0.8475075,0.006075635
nz25,0.9859438,0.9093965,0.0498834,1.148079,0.9490915,0.0201786
nz08,0.9761836,0.822594,0.1423387,1.070867,0.9391811,0.02518156
nz51,0.9774041,0.8580064,0.05272761,1.075048,0.7874804,0.004830444
nz51,0.9721618,0.869318,0.05011817,0.7866086,0.8597039,0.007261705
nz25,0.9801135,0.9221844,0.052617,1.229734,0.9481399,0.0205523
nz08,0.9682479,0.834661,0.147051,0.9431471,0.9614205,0.02636118
nz51,0.9645816,0.8463474,0.04707971,0.9869152,0.7960598,0.005600158
nz25,0.9896294,0.9191812,0.05087273,1.018609,0.9604911,0.02299103
nz08,0.9838051,0.8334077,0.1443495,0.915555,0.9548363,0.02318037
nz51,0.9585169,0.8484104,0.04998592,0.6157389,0.8958873,0.006146617
nz08,0.9946604,0.8404107,0.1412062,1.058552,0.9521871,0.0241135
nz51,0.9802567,0.8665893,0.05381407,0.7185581,0.8619558,0.006539367
nz51,0.9608097,0.8707001,0.05138273,0.7775334,0.8625285,0.006544179
nz52,0.9833435,0.9287063,0.05733977,1.266601,0.9757737,0.03239451
nz52,0.9980068,0.9400112,0.0572593,1.448007,0.9763555,0.03204301
nz52,0.9940192,0.9382802,0.06015623,1.335576,0.9811733,0.03152745
nz52,0.9870449,0.9368744,0.05864896,1.292691,0.9812505,0.03294689
nz52,0.9875244,0.9367199,0.05395628,1.397123,0.9789202,0.03403171
nz52,0.9832646,0.9369353,0.05573586,1.240732,0.9827799,0.03319798
nz52,0.9701452,0.9273642,0.05713502,1.232825,0.9814335,0.03237868
nz52,0.9868247,0.9332509,0.05533843,1.256116,0.9829992,0.03317394
nz52,0.9819583,0.9302994,0.05384677,1.418855,0.9823922,0.03260122
nz52,0.9852598,0.9300453,0.05692909,1.379634,0.9767788,0.03211931
nz52,0.9774665,0.9336713,0.05673999,1.461926,0.971716,0.03216664
nz52,0.9892226,0.9317247,0.05815823,1.237946,0.9857751,0.0318286
nz52,0.9804287,0.9299165,0.05740532,1.301771,0.9788119,0.03083645
nz52,0.9914555,0.9385641,0.05713781,1.377004,0.9760634,0.0330442
nz52,0.9891367,0.9389802,0.0561844,1.338711,0.9754512,0.03229436
nz52,0.9866081,0.9300967,0.05415907,1.262315,0.9827387,0.03422406
nz52,0.9837554,0.9389696,0.0547825,1.182166,0.9824637,0.03257768
nz52,0.9907588,0.9330791,0.05640395,1.169632,0.9833233,0.0316622
nz52,0.97462,0.9214808,0.057016,1.258402,0.9776781,0.03172133
nz52,0.9900514,0.9366974,0.05342607,1.423955,0.9787388,0.03176688
nz52,0.9863011,0.9290413,0.0544052,1.195846,0.980137,0.03234033
nz52,0.9844309,0.9287229,0.05560224,1.327821,0.9821937,0.03163337
nz52,0.9937619,0.9335251,0.0573175,1.325083,0.9785815,0.03153005
nz52,0.9906176,0.9330003,0.05769675,1.361283,0.9817384,0.0321847
nz52,0.9817745,0.9319864,0.05328411,1.341457,0.9834254,0.03337315
nz52,0.9913468,0.9315508,0.05820932,1.309121,0.9808376,0.03263211
nz52,0.9863167,0.9253388,0.05589358,1.260352,0.9793952,0.03267555
nz52,0.9940287,0.9347505,0.05353293,1.366163,0.9763917,0.03241367
nz52,0.9898855,0.9435822,0.057056,1.216339,0.9841443,0.03314431
nz52,0.99167,0.9422424,0.05659788,1.366008,0.9802632,0.0327584
nz52,0.9818099,0.9273308,0.05654154,1.342546,0.9776956,0.03367314
nz52,0.9903738,0.9314579,0.05536646,1.430443,0.9763163,0.03153475
nz52,0.9900848,0.9319308,0.05449327,1.338706,0.9771101,0.03290567
nz52,0.9917848,0.9345017,0.05472682,1.267584,0.9804795,0.03248753
nz52,0.9871102,0.9207495,0.05700371,1.178438,0.9879605,0.03179421
nz52,0.9841316,0.9385422,0.05346198,1.306543,0.9820451,0.0328939
nz52,0.9842848,0.9402508,0.05256968,1.386689,0.9790284,0.03297338
nz52,0.9920621,0.9341745,0.05604192,1.319094,0.9832932,0.03144649
nz52,0.9775763,0.9299868,0.05175426,1.349638,0.9779305,0.03203859
nz52,0.9939001,0.9424905,0.05893784,1.365527,0.9803704,0.03130155
nz52,0.9905253,0.9354641,0.05664568,1.441165,0.9762426,0.03261717
nz52,0.986573,0.9342594,0.05535191,1.37246,0.9796871,0.03190008
nz52,0.9815155,0.9301608,0.05808797,1.218381,0.978621,0.03163985
nz52,0.9861959,0.9332231,0.05982809,1.298603,0.9803312,0.03284245
nz52,0.9959552,0.9424914,0.05562406,1.392269,0.9776286,0.03198059
nz52,0.987267,0.9365919,0.05642669,1.383166,0.9770623,0.03208971
nz52,0.9825582,0.9378586,0.05847513,1.401722,0.9762536,0.03284024
nz52,0.9873477,0.9282779,0.05600767,1.300079,0.9808968,0.03187578
nz52,0.9846957,0.9295272,0.05823897,1.356674,0.9831892,0.0318238
nz52,0.98436,0.9269794,0.05437064,1.21895,0.9824991,0.03144402
nsw31,0.5512663,0.580792,0.1245357,0.2397876,0.6513244,0.00303791
nsw49,0.8639879,0.7286186,0.1840977,0.7884567,0.8156593,0.01895013
nsw01,0.9438785,0.9092027,0.3865598,1.313192,0.8263582,0.004286995
nsw21,0.7673499,0.8916202,0.04615925,0.602466,0.9674495,0.00672275
nsw14,0.9684961,0.8840844,0.4072131,1.232955,0.9016442,0.06093966
nsw08,0.8339931,0.8923754,0.05509424,1.06364,0.9382962,0.02226607
nsw31,0.7947934,0.6112365,0.2048958,0.4236469,0.4711649,0.0004280639
nsw49,0.9528532,0.7576968,0.1801114,1.296636,0.7332676,0.01371575
nsw01,0.8752083,0.8774953,0.3188558,1.093953,0.8351185,0.004362875
nsw21,0.9151881,0.9487161,0.05942422,1.028423,0.9320529,0.006036309
nsw14,0.9658588,0.8864483,0.3630359,1.257784,0.9073014,0.06045274
nsw08,0.9464615,0.9428219,0.05162823,1.092832,0.9329361,0.02249101
nsw31,0.5091681,0.53025,0.02953458,0.3103903,0.491919,9.669902e-05
nsw01,0.9085718,0.9194869,0.3624935,1.42738,0.8591712,0.005070481
nsw49,0.8943006,0.7411624,0.224719,1.00306,0.732043,0.0144446
nsw21,0.6788143,0.881958,0.04330321,0.5253182,0.9671795,0.006750782
nsw14,0.9605342,0.8839535,0.3675323,1.055925,0.9147827,0.06435309
nsw08,0.8949371,0.9036712,0.05013713,1.125397,0.9289095,0.02272292
nsw31,0.7218272,0.5756295,0.1497107,0.2973676,0.4774193,-4.303099e-05
nsw01,0.9399364,0.8907222,0.4176083,1.365481,0.8614716,0.004879799
nsw49,0.9057311,0.7584311,0.1994179,0.8509202,0.8045269,0.01802887
nsw21,0.8481459,0.9199343,0.04568328,1.022201,0.9344566,0.006202548
nsw14,0.9418037,0.8881018,0.3983078,1.375111,0.9031691,0.05774936
nsw31,0.6193998,0.5899011,0.1694442,0.3020714,0.4483575,5.946499e-05
nsw08,0.9545875,0.9250683,0.07323727,1.046725,0.925281,0.02274832
nsw01,0.9044981,0.8897469,0.3768361,1.460647,0.8660235,0.004551725
nsw49,0.87112,0.7648801,0.2191529,0.6864633,0.7945926,0.01793651
nsw21,0.9228256,0.9465379,0.0598357,0.8528231,0.9674733,0.007109165
nsw31,0.7642801,0.6017945,0.1388292,0.3210506,0.5872291,0.001556064
nsw14,0.9504957,0.8724722,0.4516031,1.18753,0.9049851,0.06266911
nsw01,0.8786129,0.8729691,0.3531718,1.061711,0.8879902,0.005470584
nsw08,0.9088147,0.9399733,0.06196969,1.036686,0.9439476,0.02372388
nsw49,0.9526327,0.7558794,0.1841026,1.173784,0.749338,0.0137943
nsw21,0.7290487,0.9045033,0.04903171,0.5752835,0.981431,0.006952354
nsw31,0.7489578,0.5886373,0.1259429,0.3262108,0.6313161,0.000564792
nsw14,0.9496081,0.899737,0.3959435,1.300612,0.9112346,0.06062534
nsw01,0.873394,0.8835454,0.36182,1.05571,0.8794307,0.004731061
nsw49,0.9678021,0.7599926,0.1955133,1.112944,0.7413592,0.01534731
nsw08,0.8082015,0.9250212,0.05262942,0.9383774,0.9556403,0.02243593
nsw21,0.8908728,0.9187836,0.05377144,0.7446518,0.9565171,0.006563599
nsw31,0.1863922,0.5474415,0.0546219,0.1673226,0.5723625,0.0003355051
nsw01,0.8722121,0.8804874,0.336346,0.985399,0.878786,0.004765508
nsw14,0.9494156,0.8828283,0.4312324,1.217787,0.9099887,0.05685082
nsw49,0.8823825,0.7408968,0.2125092,0.9770225,0.7636817,0.0159669
nsw08,0.9428297,0.9309139,0.05965697,1.009218,0.9438429,0.02341116
nsw31,0.2582231,0.5551768,0.07620101,0.2688314,0.5211447,-0.000283475
nsw21,0.9078199,0.9342015,0.05641814,0.9205238,0.966549,0.006421264
nsw01,0.9366827,0.8933113,0.3468297,1.139396,0.8480948,0.004702945
nsw49,0.8096334,0.7400584,0.1833494,0.638322,0.7948992,0.01873031
nsw14,0.9482295,0.877897,0.3756264,1.237511,0.9081447,0.06336641
nsw31,0.2369331,0.5270362,0.02982612,0.1844756,0.5674883,0.0008428049
nsw08,0.9463604,0.9272059,0.0617956,1.212346,0.9127684,0.02317902
nsw21,0.7410958,0.9112376,0.05050082,0.5767776,0.9784508,0.006282808
nsw01,0.9192521,0.9056281,0.3580866,1.282174,0.8663326,0.004589543
nsw49,0.8834358,0.7567141,0.2279722,0.8720067,0.8043538,0.01644279
nsw14,0.9579087,0.8972404,0.4363549,1.268434,0.904056,0.06385442
nsw31,0.5921119,0.5698265,0.114353,0.3590183,0.4966514,0.001035495
nsw21,0.6391154,0.8702947,0.04869083,0.6417273,0.9447816,0.006627483
nsw08,0.9713191,0.9485055,0.04958461,1.053012,0.9406438,0.02227395
nsw01,0.8998187,0.8967461,0.3870392,1.028987,0.8959955,0.0048987
nsw49,0.8994269,0.7479424,0.2430215,0.8071206,0.80478,0.0179134
nsw31,0.7251547,0.5999407,0.1700777,0.3462382,0.5248332,0.000295891
nsw14,0.9742641,0.8780209,0.3778688,1.313791,0.896992,0.06227603
nsw21,0.7003668,0.8897173,0.0510496,0.6216534,0.9434019,0.006457285
nsw09,0.7827048,0.7043704,0.10522,0.9817917,0.7096532,0.04483371
nsw01,0.9332467,0.9164071,0.4111815,1.018445,0.83394,0.005020011
nsw49,0.886352,0.7463663,0.1961068,0.7951639,0.7842878,0.0171222
nsw31,0.2146675,0.5436137,0.08384479,0.05756658,0.6897204,0.002235918
nsw14,0.9568353,0.8768524,0.3540327,1.346372,0.9043962,0.06062104
nsw21,0.7832812,0.896952,0.05515831,0.5729766,0.9871665,0.006895005
nsw01,0.9090413,0.885984,0.3359406,1.342612,0.8659355,0.004892989
nsw09,0.5893045,0.6783165,0.1041211,0.7847288,0.6942906,0.04003388
nsw49,0.9212222,0.7366891,0.2170097,1.134876,0.7676135,0.01560746
nsw31,0.2226442,0.5342434,0.0316359,0.1557036,0.4731151,-0.001100113
nsw01,0.9265893,0.8735786,0.3810422,1.159305,0.8776837,0.005026496
nsw14,0.9664073,0.8859538,0.3690333,1.269639,0.9021288,0.06400584
nsw21,0.8897634,0.9179901,0.06159556,1.050971,0.9372045,0.0073297
nsw09,0.9000653,0.7423775,0.1305247,1.060485,0.7284488,0.0465132
nsw49,0.8502792,0.6960301,0.1975382,0.9088229,0.7644786,0.01635392
nsw31,0.5453817,0.5433839,0.05469624,0.2456983,0.4918821,-0.0005370434
nsw01,0.9147892,0.8943906,0.3940713,1.100364,0.8542947,0.005548441
nsw14,0.9453719,0.8615912,0.3678892,1.18493,0.9163495,0.06342212
nsw21,0.8783121,0.9212378,0.06096153,0.9434569,0.9748961,0.007540345
nsw09,0.8938968,0.7390237,0.1193849,0.9494597,0.7135361,0.04570746
nsw49,0.9014759,0.7473915,0.1900352,0.9824139,0.742075,0.01384924
nsw31,0.6727467,0.572323,0.1142796,0.3172821,0.6647718,0.002651903
nsw01,0.6641501,0.7830921,0.2462382,0.5812028,0.9075114,0.005091101
nsw14,0.9599649,0.8785475,0.3891748,1.261173,0.9006728,0.05985974
nsw21,0.778755,0.8908673,0.05897579,0.6038208,0.9741654,0.006467977
nsw31,0.6513073,0.6102158,0.1531943,0.3094734,0.6115582,0.001324115
nsw49,0.9080743,0.7721782,0.2063681,0.8809784,0.7724022,0.01643735
nsw09,0.7362685,0.7214473,0.1246162,1.013219,0.7376565,0.0477127
nsw01,0.9135056,0.8663011,0.3934633,1.110238,0.8584254,0.005003003
nsw31,0.7388594,0.5850865,0.1312711,0.3556797,0.6167903,0.001345396
nsw21,0.8517859,0.9111786,0.04989441,0.8753571,0.9702006,0.007476538
nsw14,0.9647993,0.884261,0.3712137,1.249034,0.9083205,0.06602827
nsw49,0.8928312,0.7463533,0.1996766,0.9192417,0.8212425,0.01721027
nsw09,0.7805313,0.7522933,0.1216571,0.9422006,0.7186954,0.04467356
nsw01,0.8804626,0.8711481,0.3048929,1.249061,0.8294075,0.004396418
nsw31,0.2898127,0.5613696,0.074326,0.1709169,0.6183758,0.001718469
nsw21,0.897707,0.9126496,0.03809583,0.6303784,0.9628171,0.006609386
nsw49,0.8969457,0.7306112,0.1696397,1.118646,0.7459291,0.01509297
nsw14,0.9637768,0.8909595,0.3835959,1.221118,0.9128819,0.06114086
nsw09,0.7192966,0.6491184,0.07828027,1.075565,0.729362,0.04593251
nsw01,0.9295329,0.9126432,0.4074786,1.032616,0.8861893,0.004994108
nsw31,0.5572583,0.5833769,0.1477251,0.2107798,0.741898,0.002611294
nsw49,0.9139357,0.7385915,0.1861081,0.9412683,0.7651546,0.01625056
nsw21,0.9274129,0.933829,0.04444236,0.9383856,0.9657156,0.007176976
nsw14,0.9554281,0.8871903,0.4044645,1.421534,0.8999184,0.06357229
nsw09,0.831966,0.7087924,0.1010425,1.063968,0.7117693,0.04235695
nsw01,0.9003885,0.8962187,0.3720689,1.307924,0.8510284,0.004640773
nsw31,0.7172612,0.5988072,0.1666598,0.4117383,0.6458354,0.002327895
nsw49,0.8062518,0.7211239,0.1608595,0.6447761,0.791842,0.01594912
nsw21,0.9146594,0.9358018,0.06105901,0.9004302,0.9813371,0.007515162
nsw15,0.9533909,0.9051507,0.2804923,1.375362,0.9209943,0.04343704
nsw09,0.7893573,0.7343031,0.1285492,1.088831,0.7079331,0.04345367
nsw01,0.8690543,0.8734631,0.3421075,0.9948876,0.9067427,0.004906999
nsw31,0.5271078,0.5531822,0.07614875,0.3273873,0.4530894,-0.001472654
nsw21,0.8433416,0.9387356,0.04314268,0.9316939,0.9721964,0.006701882
nsw15,0.9283838,0.868469,0.2678794,1.335059,0.9267039,0.04483171
nsw09,0.8650536,0.6917796,0.1084707,1.14881,0.7117233,0.04194503
nsw01,0.6983149,0.824322,0.2828727,0.6265351,0.8758373,0.004408321
nsw31,0.7756852,0.6403229,0.2231267,0.4773473,0.4415733,-0.00179659
nsw21,0.8860748,0.9265339,0.05753762,0.9807612,0.9757054,0.007264778
nsw49,0.8753241,0.7361084,0.1898134,0.7847453,0.7950301,0.01697453
nsw01,0.9057985,0.9038654,0.4132182,1.011886,0.8779377,0.005330472
nsw31,0.6830364,0.5702246,0.07630048,0.3136763,0.4561436,-0.001439122
nsw09,0.7010788,0.6992208,0.09440921,0.9930416,0.7088167,0.0467209
nsw15,0.9177369,0.8699468,0.2826524,1.209542,0.9216031,0.04308546
nsw21,0.8582213,0.9283017,0.05275696,0.8435068,0.9697782,0.006820002
nsw49,0.9536932,0.7714539,0.2453672,0.971092,0.7557479,0.01563805
nsw31,0.1761689,0.5483537,0.052684,0.08944466,0.6627013,0.001927866
nsw01,0.8587329,0.8745609,0.3278758,1.010219,0.8982523,0.004886962
nsw09,0.7214451,0.7270646,0.08964103,1.164979,0.6967501,0.0436754
nsw15,0.9209778,0.8643543,0.3006382,1.182311,0.9412876,0.04631514
nsw49,0.9401686,0.7449415,0.2059719,1.094727,0.7743839,0.0163464
nsw21,0.7077499,0.9086364,0.06666454,0.5854725,0.979036,0.006374093
nsw31,0.6178629,0.5927901,0.1399284,0.3019005,0.4593581,-0.0003919855
nsw01,0.6844629,0.8307057,0.2559598,0.5850364,0.9007106,0.005246215
nsw09,0.7099487,0.68724,0.1096183,1.167393,0.7169276,0.0430063
nsw15,0.9441976,0.8818865,0.30931,1.334227,0.9284891,0.04329587
nsw49,0.7818496,0.6809375,0.1214091,0.676697,0.7838729,0.01649506
nsw21,0.8878281,0.9306266,0.06241549,0.9156409,0.9554092,0.007003066
nsw31,0.7501071,0.6106619,0.1480032,0.3434761,0.6685468,0.001649359
nsw01,0.9432908,0.9125822,0.4024056,1.341702,0.8243125,0.004999624
nsw09,0.8636442,0.6879357,0.1430046,0.9929984,0.7335577,0.04498828
nsw15,0.9462516,0.8826556,0.290458,1.423444,0.9252427,0.04485958
nsw49,0.8707107,0.7455936,0.2095323,0.7311436,0.8170639,0.01789489
nsw31,0.3845202,0.5889194,0.1523106,0.1017591,0.6554565,0.00286855
nsw21,0.7387513,0.8655217,0.05079241,0.5497074,0.9878222,0.006682633
nsw01,0.8760909,0.8477985,0.3137916,1.429672,0.8393948,0.004082774
nsw09,0.7311975,0.7086449,0.07999681,0.7402805,0.728775,0.04474214
nsw15,0.9375235,0.8749116,0.2556085,1.530489,0.9181862,0.04318797
nsw31,0.7077831,0.6090202,0.1760782,0.3927317,0.6185966,0.002325055
nsw49,0.9300959,0.7452903,0.1817871,0.9080732,0.7833922,0.01595519
nsw23,0.9622557,0.849619,0.3695793,0.9950742,0.8396031,0.009885948
nsw01,0.8676995,0.8910605,0.4154079,0.9828849,0.8847709,0.004448022
nsw09,0.8510949,0.7303107,0.1169942,1.043499,0.6909485,0.03903132
nsw31,0.6702087,0.5914078,0.1146486,0.3206252,0.5546803,0.0006478183
nsw49,0.8893057,0.709398,0.1809377,0.9410114,0.7747371,0.01696789
nsw23,0.96738,0.8538541,0.3674462,0.9928997,0.8413728,0.009742841
nsw15,0.9538617,0.8778889,0.3150847,1.417616,0.9280385,0.04518019
nsw01,0.9083609,0.8970929,0.3772427,1.069914,0.8517921,0.005000822
nsw31,0.5645602,0.5853444,0.1161069,0.3144961,0.5587801,0.002061867
nsw09,0.841108,0.7202401,0.11202,1.162992,0.6881926,0.03673651
nsw49,0.9267195,0.7231209,0.2030775,1.036137,0.7417187,0.01533668
nsw23,0.9252027,0.8121499,0.31464,0.7490733,0.8842641,0.01116904
nsw01,0.9333989,0.8998238,0.38618,1.097055,NaN,0.005074113
nsw15,0.9350501,0.8562281,0.2850415,1.376464,0.9172033,0.04271021
nsw31,0.7454026,0.5824709,0.09358138,0.3815627,0.4513711,-0.0001805043
nsw23,0.949146,0.8263881,0.3601973,0.7713048,0.8770832,0.009840365
nsw49,0.8209251,0.7215036,0.2068097,0.700003,0.8314043,0.01919755
nsw09,0.7629207,0.7033686,0.1230461,0.9815982,0.7184864,0.04591784
nsw01,0.8235357,0.8579345,0.3949423,0.814076,0.897202,0.00469242
nsw15,0.9029176,0.8506817,0.2768629,1.370835,0.9286552,0.04394957
nsw31,0.6951043,0.5868599,0.1363342,0.3319457,0.440865,0.0003001048
nsw23,0.9523399,0.8348697,0.3470562,0.8804922,0.8364793,0.0101739
nsw01,0.9175112,0.8994171,0.3714195,1.307292,0.8557384,0.004503196
nsw49,0.9411703,0.7477785,0.1909774,0.8617028,0.7793003,0.01702227
nsw09,0.6816173,0.6563916,0.08555694,1.054329,0.6956868,0.04336765
nsw15,0.95754,0.8796695,0.242899,1.490017,0.9220988,0.0441676
nsw32,0.8350452,0.7391091,0.008092167,0.8598509,0.9132029,0.005433902
nsw23,0.9719023,0.8411994,0.3684261,0.8036392,0.8680771,0.0100074
nsw01,0.8589376,0.8576325,0.3426347,0.893219,0.9242059,0.005228343
nsw49,0.9430247,0.7651427,0.2074555,0.8687619,0.7833994,0.01793476
nsw09,0.8853329,0.7090094,0.1223318,1.046452,0.730373,0.0483492
nsw15,0.951866,0.8877259,0.3106767,1.351437,0.9261664,0.0440288
nsw32,0.8276312,0.7142756,0.00738942,0.8421173,0.9016726,0.005466361
nsw23,0.9722351,0.8477805,0.3727909,0.8266187,0.8872222,0.01057448
nsw01,0.8813973,0.9078548,0.4195283,1.054139,0.8904677,0.004881578
nsw49,0.8551292,0.7154529,0.1815974,0.7928742,0.7790371,0.0166452
nsw09,0.9016175,0.7558749,0.1093876,0.9985935,0.7175573,0.04277251
nsw15,0.9488183,0.8895634,0.3273629,1.271421,0.9325182,0.0450776
nsw32,0.8349202,0.8629456,0.02335644,0.9483438,0.8751257,0.005751578
nsw23,0.9608368,0.8469669,0.349267,0.7641831,0.8461136,0.01012621
nsw01,0.9118603,0.8902162,0.3429643,1.298801,0.8555236,0.004978546
nsw49,0.9305663,0.7576021,0.1814721,0.9421731,0.7741054,0.01765909
nsw09,0.8420844,0.718213,0.09936019,1.118451,0.7034892,0.04273406
nsw32,0.8714592,0.8676719,0.02418138,1.632421,0.8232032,0.005503037
nsw23,0.972383,0.8416625,0.3485916,0.8286188,0.8382455,0.009610354
nsw15,0.9306073,0.8523891,0.2528832,1.25138,0.9325885,0.04429185
nsw01,0.924245,0.8879614,0.3851184,1.153159,0.8381904,0.004347217
nsw49,0.9017824,0.752199,0.2285096,0.8531322,0.7870646,0.01557408
nsw09,0.8765894,0.7158846,0.1305091,0.9957387,0.7124899,0.04223528
nsw32,0.6628322,0.8790695,0.02783373,1.088383,0.9046875,0.005286375
nsw23,0.9106629,0.8072845,0.3421011,0.6994584,0.8615051,0.01010585
nsw01,0.8807766,0.8870088,0.3782714,1.194597,0.8582968,0.004592911
nsw15,0.9406349,0.8824101,0.3041492,1.419612,0.9234217,0.04349598
nsw49,0.9531272,0.7662772,0.2124456,0.8033848,0.7861123,0.01622582
nsw09,0.7337388,0.6743598,0.08144505,1.032565,0.7332588,0.04889931
nsw23,0.9716925,0.8417035,0.3692092,0.7855638,0.8610241,0.01032516
nsw32,0.836837,0.8401883,0.02825746,1.719485,0.8361861,0.005626342
nsw01,0.8825505,0.8606085,0.3695499,1.041433,0.910729,0.004731453
nsw49,0.9231342,0.7325871,0.2129778,0.9795691,0.7596865,0.01581281
nsw15,0.9537913,0.8850484,0.2734912,1.380244,0.9176379,0.04295299
nsw23,0.9431466,0.8474843,0.3408843,0.7029156,0.8406949,0.01068081
nsw32,0.8929541,0.8860722,0.03081468,1.617453,0.856452,0.005583097
nsw09,0.8516659,0.7573666,0.1291095,0.7440625,0.7349994,0.04819338
nsw01,0.8672687,0.8758025,0.3438986,1.188901,0.890674,0.004875292
nsw49,0.8638711,0.7328823,0.1922873,0.7214165,0.8138225,0.01995893
nsw15,0.9379876,0.8780175,0.3115357,1.277344,0.9277346,0.04390541
nsw23,0.9179901,0.8264467,0.3605756,0.7976007,0.8732868,0.01080231
nsw32,0.8708029,0.8418154,0.01807809,0.9214317,0.8925759,0.005506586
nsw01,0.8930784,0.865193,0.3622754,1.222424,0.8389329,0.004905381
nsw09,0.7679517,0.7316245,0.1123268,1.062191,0.7105993,0.04163902
nsw49,0.8416855,0.7323641,0.1912527,0.7326236,0.8260461,0.01815252
nsw15,0.9335911,0.879352,0.3194975,1.380752,0.9334744,0.04549194
nsw23,0.9581509,0.8303435,0.3597217,0.8571955,0.8642676,0.01034968
nsw32,0.90623,0.8323276,0.03007915,0.9972893,0.8553742,0.00544865
nsw01,0.6320803,0.815828,0.2263859,0.5901008,0.8675096,0.005041822
nsw09,0.8541318,0.776933,0.1207424,1.151482,0.7103412,0.0434881
nsw49,0.9091081,0.7351057,0.1994475,0.914208,0.8129306,0.01892212
nsw15,0.9252458,0.8488001,0.2848886,1.329974,0.924572,0.04290885
nsw23,0.9693084,0.8486329,0.3617009,0.8576518,0.8557234,0.01105383
nsw01,0.8992519,0.8898165,0.3324252,1.31799,0.8066744,0.004838926
nsw32,0.775643,0.8205499,0.01462341,0.9223462,0.9133647,0.005464449
nsw49,0.9141546,0.7492036,0.2373828,0.8357637,0.7859537,0.01782276
nsw09,0.7114989,0.7233722,0.1204233,0.8469849,0.7092012,0.0412057
nsw23,0.9614615,0.8320295,0.3703767,0.7394572,0.8556002,0.0109641
nsw15,0.9329406,0.8923338,0.2697306,1.317456,0.9325477,0.0446109
nsw01,0.9061119,0.8899084,0.4115752,0.9006436,0.8984381,0.004798793
nsw32,0.8460703,0.9266441,0.02581869,1.290811,0.86935,0.005556011
nsw49,0.9104429,0.7456089,0.1922803,0.9610397,0.7952682,0.01921901
nsw09,0.8913813,0.7507928,0.166221,0.9714738,0.7034716,0.03985542
nsw23,0.9615355,0.8411525,0.399104,0.9475792,0.8235918,0.01074239
nsw01,0.9284191,0.9095866,0.3768827,1.256391,0.92057,0.005274433
nsw15,0.9333736,0.8658466,0.2897698,1.45748,0.9259264,0.04400147
nsw32,0.8184904,0.7538556,0.0201877,1.143581,0.9046693,0.005396894
nsw50,0.5460522,0.8540719,0.04560132,0.4685117,0.8681226,0.008818493
nsw09,0.827705,0.7744623,0.158418,1.106279,0.7190435,0.04499559
nsw23,0.9714909,0.847857,0.3509715,0.8915623,0.8541552,0.01011829
nsw01,0.7974038,0.8057522,0.2972108,0.8908547,0.8871841,0.005083134
nsw32,0.9343313,0.8477752,0.03152838,1.601627,0.8568796,0.005548902
nsw15,0.9472852,0.8797036,0.307173,1.347172,0.9310853,0.04460961
nsw50,0.6322197,0.8901322,0.04496172,0.5263678,0.9566617,0.009739887
nsw23,0.9461034,0.8333006,0.3698455,0.9999286,0.8190574,0.009512056
nsw09,0.7974888,0.6885748,0.1044433,1.173476,0.7041204,0.04326753
nsw01,0.8261018,0.838339,0.343347,0.9141987,0.8534571,0.004468981
nsw32,0.8820865,0.8305298,0.01627267,1.20702,0.8483324,0.005536108
nsw15,0.9517086,0.8733671,0.2703608,1.445124,0.919779,0.04354463
nsw50,0.6503064,0.8423843,0.03667345,0.6219473,0.8976699,0.007302795
nsw23,0.9757102,0.8412296,0.3632439,0.8196163,0.8655378,0.01048495
nsw09,0.8810349,0.7250537,0.1448252,1.100833,0.7073528,0.0419584
nsw32,0.8250789,0.7633082,0.01178138,1.103892,0.8832435,0.005638234
nsw01,0.927706,0.9005848,0.4139211,0.9841125,0.9042111,0.005221414
nsw15,0.9421833,0.877273,0.3027998,1.4477,0.9267063,0.04385798
nsw50,0.1585049,0.7099918,0.0213522,0.5978976,0.9193976,0.008012318
nsw23,0.9369679,0.844962,0.3612896,0.7070472,0.8640559,0.01017272
nsw32,0.8371395,0.8162393,0.01003143,1.246221,0.8527713,0.005511032
nsw09,0.8566344,0.7338513,0.1314413,1.027437,0.7325621,0.04935559
nsw01,0.9144921,0.8958704,0.4179349,0.9967045,0.9094848,0.004928877
nsw15,0.9473787,0.8776879,0.2593054,1.335802,0.9293634,0.04354146
nsw23,0.9636025,0.8343771,0.3529622,0.690413,0.8960581,0.01031938
nsw50,0.2238605,0.8096203,0.02339422,0.5545293,0.9210785,0.009989946
nsw32,0.885722,0.7414114,0.0198147,0.9235796,0.8756309,0.005571282
nsw01,0.8395573,0.8694269,0.3296772,0.9996879,0.9010817,0.004788352
nsw09,0.8404034,0.7220777,0.1520601,0.7545243,0.7185991,0.04268217
nsw23,0.9324854,0.8200777,0.3293939,0.7791841,0.8674719,0.01063868
nsw50,0.7263279,0.900957,0.0430879,0.8869124,0.894153,0.006888375
nsw15,0.9635875,0.8797613,0.2623611,1.277839,0.9216193,0.04445624
nsw32,0.7822576,0.8698444,0.02235838,1.319081,0.8230894,0.005618171
nsw01,0.6787758,0.7836515,0.2218993,0.6076477,0.9008067,0.005042473
nsw09,0.7978648,0.7519518,0.1100961,1.149526,0.6924907,0.04225039
nsw23,0.9333463,0.8246066,0.3315262,0.7483775,0.887133,0.01084644
nsw50,0.3286222,0.7145974,0.0256424,0.4286432,0.9133951,0.007980354
nsw32,0.9168259,0.8998368,0.01878886,1.272346,0.8851369,0.005538756
nsw15,0.919904,0.8452798,0.2822109,1.391964,0.9303524,0.044013
nsw04,0.532723,0.9343323,0.03571146,3.74052,0.8840669,0.01023153
nsw09,0.8220436,0.7389522,0.09788126,1.040753,0.7195759,0.04438313
nsw23,0.9564496,0.835242,0.369814,0.7712575,0.8641009,0.01015543
nsw50,0.3125765,0.7763664,0.02669398,0.6736306,0.9290507,0.008275994
nsw32,0.8780938,0.8763009,0.01681298,1.624316,0.889064,0.005560109
nsw04,0.4935874,0.8549134,0.03550044,2.137339,0.8052517,0.008160147
nsw15,0.9397717,0.8782198,0.2843967,1.489041,0.9227426,0.04225346
nsw09,0.8571521,0.7150794,0.1027955,0.9307136,0.7218994,0.04416029
nsw23,0.9559271,0.8391598,0.3343212,0.7513592,0.8659589,0.01131686
nsw32,0.9274879,0.8908201,0.02025231,1.411204,NaN,0.005462936
nsw50,0.8462384,0.9198092,0.034349,0.9316989,0.9001848,0.007427223
nsw04,0.6903708,0.7403446,0.02534942,1.078192,0.8204761,0.01070407
nsw15,0.9251454,0.881613,0.2838653,1.440872,0.9279022,0.04441761
nsw23,0.9755144,0.8395175,0.3507134,1.125669,0.7927121,0.009937045
nsw09,0.7794649,0.7074365,0.1124024,0.9697684,0.7144681,0.04239028
nsw32,0.8739976,0.8785407,0.02612542,1.292181,0.8656545,0.005238901
nsw50,0.6592514,0.852656,0.03672505,0.7746847,0.8931267,0.007390979
nsw04,0.7896925,0.8664286,0.02270637,1.594074,0.8861746,0.01033936
nsw15,0.9479416,0.8834442,0.3299634,1.414611,0.919127,0.04392002
nsw23,0.9034569,0.8415372,0.3677915,1.074793,0.8197705,0.009834009
nsw09,0.8092275,0.7211654,0.09471575,0.911051,0.7433012,0.0485759
nsw32,0.8923554,0.8210708,0.01666892,1.392374,0.8801385,0.005534366
nsw04,0.7598383,0.8897947,0.05607238,1.746776,0.8365913,0.007987288
nsw50,0.6932713,0.8872838,0.04681426,0.6485863,0.8790573,0.007631752
nsw15,0.8900657,0.850315,0.2491729,1.166365,0.9288299,0.04506256
nsw23,0.9235265,0.8233658,0.3373971,1.015798,0.8358243,0.01074124
nsw32,0.9265188,0.8615759,0.02536634,0.966405,0.8997249,0.005516788
nsw09,0.8831037,0.7304523,0.1244985,1.170214,0.6863058,0.03813385
nsw50,0.5567805,0.9104358,0.02923296,0.5197676,0.9064052,0.00981801
nsw04,0.5405352,0.8877866,0.02988844,2.036249,0.8994475,0.009293465
nsw23,0.9870152,0.848386,0.3745402,0.8837637,0.8327811,0.009656797
nsw15,0.9389772,0.8479316,0.2632243,1.36826,0.9251958,0.04316138
nsw32,0.692252,0.8195838,0.01432472,1.066441,0.8754354,0.00567366
nsw50,0.5365196,0.8215193,0.03363955,0.7028848,0.8847134,0.007203927
nsw09,0.7599538,0.6721666,0.1044696,1.178247,0.6835222,0.03919797
nsw04,0.6911182,0.8260155,0.02811686,1.033175,0.8579753,0.009008223
nsw23,0.8861367,0.8083501,0.3105365,0.7444315,0.8677087,0.01107944
nsw15,0.9382735,0.881166,0.2742302,1.373075,0.926575,0.04360376
nsw32,0.8731247,0.7507806,0.02931563,1.471177,0.8473714,0.005625976
nsw50,0.360542,0.7787737,0.02519728,0.6728406,0.8763488,0.007990907
nsw09,0.7965069,0.7179674,0.1064829,0.9364689,0.7275862,0.04546505
nsw04,0.5952532,0.7752382,0.01959646,0.7687783,0.8698778,0.009286657
nsw23,0.9587274,0.8375847,0.3510931,1.144599,0.8169226,0.009421538
nsw32,0.8862273,0.8170393,0.02887346,1.75359,0.8451195,0.005565142
nsw50,0.3616308,0.8120766,0.04070518,0.5431246,0.9047732,0.01024675
nsw15,0.9442008,0.8754988,0.2590607,1.316278,0.9234599,0.04228373
nsw09,0.8487968,0.7368044,0.1205255,0.9156271,0.7353606,0.04927333
nsw04,0.8846074,0.9273581,0.03903657,3.192454,0.8399816,0.009280319
nsw23,0.9241426,0.8282725,0.3537657,1.026238,0.8258066,0.01062118
nsw32,0.862641,0.8135047,0.01455463,1.385575,0.9036742,0.005533782
nsw50,0.7435638,0.9003778,0.03249342,0.8097172,0.8758667,0.007174013
nsw15,0.94249,0.8839846,0.2947484,1.308149,0.9264509,0.04399933
nsw04,0.7702525,0.9611319,0.03293166,3.78525,0.8410716,0.009695647
nsw09,0.6994769,0.6764132,0.07749118,1.111301,0.7110978,0.04597902
nsw23,0.9635304,0.8277547,0.3242718,0.8478189,0.886186,0.009867764
nsw32,0.8931978,0.8574961,0.01646211,0.9348357,0.8480696,0.0055941
nsw50,0.4826875,0.8548583,0.03798849,0.4596748,0.8808873,0.00902896
nsw15,0.921984,0.8687194,0.2466186,1.297244,0.9193447,0.04412444
nsw23,0.9559371,0.8284501,0.3301728,0.9153927,0.8480549,0.01051414
nsw09,0.9155547,0.7606379,0.1298774,1.015336,0.7086608,0.04080158
nsw04,0.3989173,0.7174432,0.02493796,0.70169,0.8584233,0.008984721
nsw32,0.9244445,0.8661543,0.01853701,1.321297,0.8934134,0.005457542
nsw50,-0.008625952,0.7730776,0.02981152,0.5894982,0.8662211,0.007731067
nsw15,0.9581633,0.8942039,0.3093125,1.511784,0.9175257,0.0426413
nsw23,0.9543738,0.8387488,0.3629638,0.7632921,0.8876959,0.01065046
nsw04,0.498318,0.6999406,0.01317391,1.032813,0.8809983,0.009723514
nsw09,0.7892745,0.7095412,0.1256759,1.09125,0.7156497,0.04143311
nsw32,0.756524,0.8917143,0.02587946,1.339688,0.8604415,0.005580619
nsw50,0.6281007,0.8283389,0.03599794,0.5928732,0.8758351,0.007563509
nsw23,0.9537781,0.8366673,0.3440959,0.7867982,0.8632536,0.01050429
nsw15,0.9333976,0.8792169,0.2765609,1.352941,0.9298138,0.04511824
nsw04,0.7801391,0.9389457,0.02461301,2.74173,0.8368832,0.009628039
nsw09,0.8756378,0.6937143,0.107966,1.202463,0.712257,0.04113658
nsw32,0.8097657,0.8737192,0.02642842,1.586265,0.8575741,0.005181391
nsw50,0.5012844,0.7985719,0.03736799,0.4359032,0.9188499,0.007589394
nsw23,0.9112707,0.8369257,0.3549485,1.020945,0.8457719,0.01016726
nsw04,0.7266167,0.7847098,0.01962282,1.494233,0.8426472,0.009072406
nsw15,0.9435268,0.863621,0.251372,1.48343,0.9124448,0.04229023
nsw32,0.8375037,0.8964117,0.02162774,1.634603,0.8622681,0.005591513
nsw09,0.9267653,0.7953354,0.1225471,0.9654898,0.7149618,0.04532181
nsw50,0.7742738,0.9196308,0.04659981,0.8396887,0.8700301,0.00802385
nsw23,0.9487467,0.8407487,0.3617264,0.7088563,0.8736038,0.01086834
nsw04,0.5086223,0.8003597,0.03856468,1.381653,0.8439161,0.009384897
nsw15,0.944885,0.8881031,0.2976662,1.457407,0.9257863,0.04332957
nsw32,0.8325124,0.8832561,0.01617778,1.335785,0.8894512,0.005511965
nsw09,0.8400973,0.7076002,0.1118834,1.178091,0.7011954,0.04237503
nsw50,0.1902766,0.7452959,0.0210207,0.4469213,0.9071803,0.00992261
nsw23,0.9717868,0.8341524,0.3640627,0.8662446,0.8560271,0.01164469
nsw32,0.7660284,0.7827101,0.01363034,1.012391,0.8919362,0.005414053
nsw15,0.9240342,0.8732006,0.2723433,1.452708,0.9115184,0.04291909
nsw04,0.448324,0.8764934,0.02493796,1.513354,0.8725178,0.0089452
nsw09,0.8549224,0.7311031,0.1125466,0.9818026,0.7111172,0.0398441
nsw50,0.2059552,0.8138177,0.02730018,0.2661778,0.9048437,0.009785922
nsw23,0.973687,0.8354165,0.3635315,0.8413436,0.8659312,0.01062865
nsw32,0.880871,0.8288832,0.02232228,1.043829,0.8846371,0.005571381
nsw10,0.6352309,0.9146968,0.01917596,2.356525,0.8376795,0.01154823
nsw15,0.9418292,0.864511,0.2726062,1.495016,0.9255931,0.04328197
nsw04,0.3642829,0.7091892,0.04098075,1.026687,0.8635857,0.009461377
nsw50,0.3926393,0.8038955,0.02852066,0.78309,0.8973557,0.007749672
nsw23,0.9421857,0.8389158,0.3492311,0.6877984,0.8963514,0.01056987
nsw32,0.8888617,0.8799181,0.02274692,1.523114,0.8370225,0.005566104
nsw10,0.676786,0.965368,0.02556613,2.512827,0.8196907,0.01296194
nsw04,0.7865957,0.8476786,0.02856879,1.585173,0.8303355,0.007985994
nsw15,0.9574412,0.8811492,0.2791108,1.479591,0.9195616,0.04275749
nsw50,0.6049386,0.823064,0.03328994,0.3632059,0.9058032,0.00779337
nsw23,0.9542405,0.8264013,0.350915,0.6627672,0.8865893,0.01088742
nsw32,0.9103916,0.8687742,0.02070009,1.28318,0.9011229,0.005525853
nsw10,0.1672944,0.9344556,0.01261645,1.576946,0.8267667,0.01266866
nsw04,0.8780126,0.8513393,0.02731957,1.16339,0.8576505,0.01028662
nsw15,0.954534,0.8859757,0.296196,1.46806,0.9173927,0.04266258
nsw50,0.5914571,0.8087839,0.04572356,0.6709876,0.9029299,0.007911231
nsw23,0.962267,0.8301253,0.3453873,0.7242981,0.8541074,0.01026951
nsw32,0.887492,0.8311245,0.02038428,1.082653,0.8761532,0.005632143
nsw10,0.2847157,0.9259684,0.0160238,1.073237,0.8182748,0.01174199
nsw04,0.5432596,0.8828891,0.03590881,2.677401,0.8527301,0.009167493
nsw50,0.4190268,0.7319404,0.02338123,0.5679497,0.9001163,0.007289136
nsw23,0.9468758,0.8389225,0.3471438,0.8646323,0.8738713,0.01031385
nsw15,0.9234381,0.8888304,0.2965642,1.300619,0.9359674,0.04429493
nsw32,0.8806785,0.835919,0.02316445,1.118997,0.8519973,0.005608229
nsw10,0.8730872,0.9763618,0.02040617,2.562478,0.8384076,0.01149612
nsw04,0.8245651,0.9293087,0.06268403,3.269814,0.8461859,0.009960482
nsw50,0.5873742,0.9176341,0.0410691,0.4888983,0.9191791,0.009935524
nsw23,0.9472699,0.8480712,0.3793105,0.7362581,0.8719304,0.01081142
nsw15,0.9353053,0.8628277,0.2839107,1.436691,0.9200515,0.04385918
nsw32,0.8402781,0.7981608,0.0148414,1.029919,0.8357397,0.00559497
nsw10,0.565253,0.9790531,0.01262395,3.130003,0.8406031,0.01153717
nsw04,0.4586653,0.8882143,0.0263822,2.339469,0.8463492,0.008749167
nsw23,0.9539149,0.8358317,0.3550708,0.7451794,0.8762748,0.0103348
nsw50,0.87746,0.9318031,0.04422862,0.7738699,0.8804775,0.007279013
nsw32,0.8962157,0.8463319,0.01084354,1.005552,0.8976577,0.005567998
nsw15,0.9527517,0.8950458,0.2922167,1.401426,0.930054,0.04380614
nsw10,0.6980085,0.9583931,0.01470391,1.085384,0.8461987,0.01126222
nsw04,0.7178219,0.7171763,0.02477509,0.808501,0.8526917,0.009970006
nsw23,0.9105771,0.8108066,0.3203278,0.7799983,0.8903001,0.01128522
nsw50,0.5185575,0.8356169,0.04385031,0.4808874,0.9329278,0.009990697
nsw32,0.7491132,0.8923297,0.0229441,1.462594,0.8455739,0.005619955
nsw10,0.6016452,0.9245317,0.02088549,1.082221,0.8157081,0.01030757
nsw15,0.9311954,0.8633513,0.3169276,1.420843,0.9222309,0.04392666
nsw04,0.7764408,0.7779314,0.02580817,0.9221473,0.8690568,0.009654999
nsw23,0.9086282,0.8264484,0.3345138,0.7792746,0.9205925,0.01140222
nsw50,0.25698,0.822026,0.03436856,0.5707225,0.909461,0.01006333
nsw32,0.9088321,0.902525,0.02780247,1.537682,0.8513934,0.005445854
nsw10,0.5594777,0.9591691,0.01142655,1.799327,0.8227631,0.01184274
nsw15,0.9301587,0.8701323,0.3025878,1.375463,0.9322121,0.04305627
nsw23,0.9456988,0.8301916,0.3890263,0.8213866,0.8254763,0.009823611
nsw04,0.3924926,0.8061466,0.01538143,1.408474,0.870694,0.009307887
nsw50,0.4381591,0.8116723,0.03011148,0.3988016,0.9548191,0.007721911
nsw32,0.8164216,0.8510631,0.02788083,1.231434,0.892887,0.005616579
nsw10,0.6027234,0.9418103,0.01499765,1.497652,0.8300066,0.0105285
nsw15,0.9506991,0.8735091,0.3050733,1.454814,0.9159318,0.04334842
nsw24,0.9280451,0.802153,0.1198704,0.9228159,0.852069,0.01231679
nsw04,0.7839787,0.8005526,0.03389561,1.377956,0.8333324,0.0102397
nsw50,0.5258152,0.8467217,0.03728663,0.4924656,0.8946722,0.007624317
nsw32,0.8405508,0.7897211,0.02232465,0.85034,0.9164009,0.00547699
nsw10,0.8029096,0.795027,0.02559268,0.7449589,0.8096519,0.01197544
nsw24,0.906938,0.7628954,0.117535,0.7753444,0.8333686,0.01160904
nsw16,0.8910822,0.7103287,0.1228751,1.088422,0.850157,0.02339982
nsw04,0.5357325,0.8971429,0.02808718,1.21709,0.8580117,0.009934944
nsw50,0.3925367,0.7457351,0.02452578,0.4727625,0.8965331,0.006996359
nsw32,0.8902631,0.9069026,0.01348704,1.268982,0.8881651,0.005564245
nsw10,0.7824265,0.9351506,0.01432463,1.180305,0.8229689,0.01231421
nsw24,0.9335397,0.8027615,0.1200685,0.8940262,0.8136549,0.01161414
nsw04,0.836153,0.8919643,0.02816632,2.520286,0.8237855,0.008225119
nsw16,0.8734596,0.7340235,0.1342535,0.8750693,0.8647222,0.02287182
nsw50,0.7018237,0.8882197,0.04734629,0.8160537,0.8956683,0.007842554
nsw32,0.8601118,0.8383258,0.02043302,1.118525,0.8522375,0.005646322
nsw10,0.6729974,0.9555237,0.01416227,1.959367,0.8147787,0.01183876
nsw24,0.9179067,0.7955177,0.1286682,0.7953693,0.869682,0.0130503
nsw04,0.6713007,0.7530204,0.02438737,1.158267,0.8521774,0.009943884
nsw32,0.8675785,0.8581781,0.0177547,1.069967,0.8575985,0.005553871
nsw50,0.4839295,0.7904657,0.0313733,0.6730138,0.9129238,0.007575806
nsw16,0.8721518,0.7024561,0.119487,0.982079,0.8605221,0.02344645
nsw10,0.3176245,0.9885222,0.01381006,3.052261,0.8618692,0.01276457
nsw24,0.8840028,0.7989294,0.1478333,0.7471852,0.847099,0.01030865
nsw04,0.09791598,0.7122202,0.01139842,0.918425,0.863273,0.01012435
nsw50,0.5060701,0.8389676,0.04409498,0.4847123,0.8923573,0.008911755
nsw32,0.6187396,0.8196262,0.02237094,1.426035,0.8102859,0.005187315
nsw16,0.8872294,0.7315147,0.12882,1.034299,0.8372303,0.02373835
nsw10,0.580168,0.9882663,0.01630221,2.180946,0.8257004,0.01208459
nsw24,0.9471315,0.8037393,0.1296898,1.041395,0.8329958,0.01147156
nsw04,0.1895521,0.6659992,0.0283387,0.8025131,0.875173,0.008354148
nsw43,0.7565881,0.7508618,0.2581331,0.8947079,0.8272623,0.0081631
nsw50,0.3387226,0.7878554,0.0250889,0.4098644,0.9120006,0.01009304
nsw10,0.338265,0.9730273,0.01424299,1.969173,0.8469005,0.01312442
nsw16,0.9134312,0.7067099,0.1287348,1.19192,0.8508985,0.02362814
nsw24,0.9460721,0.8144796,0.1239724,1.011682,0.817445,0.01028614
nsw04,0.713132,0.9069149,0.01764455,2.106153,0.8581634,0.008450433
nsw43,0.8337048,0.7457216,0.26698,0.7789187,0.8370026,0.007168108
nsw50,0.6943821,0.9100449,0.03481413,0.7896826,0.9203555,0.008160462
nsw10,0.5259593,0.9604196,0.008593983,1.136403,0.8288152,0.01218242
nsw16,0.8969196,0.723719,0.1352851,1.022519,0.8546706,0.02322656
nsw24,0.9289701,0.8093334,0.1262048,0.8776554,0.8219829,0.01142016
nsw04,0.6207631,0.6611607,0.0166683,0.3442052,0.8838726,0.01015425
nsw43,0.8122032,0.735243,0.2336605,0.6689946,0.8510961,0.008192614
nsw50,0.2293526,0.7313176,0.02315717,0.5505596,0.9135539,0.007909133
nsw10,0.5241106,0.9642343,0.0243038,2.075989,0.8274415,0.01094239
nsw24,0.9713706,0.8124317,0.144242,0.9559132,0.8303364,0.01109733
nsw16,0.9131272,0.7344954,0.1181527,1.017396,0.8697083,0.02350069
nsw04,0.752247,0.8471296,0.03323019,1.094978,0.8651631,0.00924718
nsw43,0.8503085,0.7166951,0.2162068,0.7482866,0.8247436,0.006589057
nsw50,0.3883708,0.7432562,0.03393274,0.4508394,0.904618,0.007823444
nsw10,0.5024612,0.9746037,0.02056327,3.309276,0.7793981,0.01147923
nsw24,0.9556573,0.8000022,0.1483659,0.7857356,0.8520662,0.01123486
nsw16,0.8768732,0.7173281,0.1150159,1.042131,0.8698603,0.02353379
nsw04,0.8063228,0.8606546,0.03219454,1.292678,0.8719854,0.008036529
nsw43,0.7152361,0.6751455,0.1779357,0.4653995,0.8260722,0.006294027
nsw50,0.7213817,0.9020601,0.04015081,0.5548749,0.9167386,0.009805653
nsw10,0.5511261,0.9618364,0.01420251,1.985905,0.8436371,0.01266915
nsw24,0.8816431,0.747516,0.1098577,0.915078,0.7556038,0.01039801
nsw04,0.8213979,0.8866482,0.03160658,2.262007,0.8469609,0.009039388
nsw16,0.909238,0.7182567,0.1190731,1.071664,0.8466413,0.02349982
nsw43,0.8823264,0.750811,0.2403501,0.6817966,0.8635358,0.007257963
nsw10,0.703675,0.9564121,0.02305273,1.71613,0.8587747,0.01367656
nsw50,0.4681884,0.8374222,0.03247619,0.6693108,0.8882343,0.007162665
nsw24,0.9403917,0.7820389,0.1083205,1.242661,0.7472542,0.008611675
nsw04,0.5042366,0.8773895,0.03428307,2.883954,0.8662606,0.009280932
nsw43,0.8736402,0.7207914,0.2390996,0.7250477,0.823564,0.006874144
nsw16,0.8716987,0.6822349,0.09471077,0.9039252,0.8565588,0.02315328
nsw10,0.5069475,0.9171456,0.01558217,2.509656,0.8277067,0.01116646
nsw50,0.5658095,0.846395,0.0326837,0.5449843,0.9211268,0.01012283
nsw24,0.9676067,0.824141,0.1231012,0.9432149,0.8369289,0.0110666
nsw04,0.6412211,0.7205387,0.02903001,0.8214669,0.8291272,0.0101049
nsw43,0.7823844,0.733535,0.2588841,0.8305246,0.7840199,0.006473896
nsw10,0.5705629,0.7744957,0.02387863,1.009634,0.8100424,0.01214048
nsw16,0.8996147,0.6963762,0.1335082,1.028718,0.8482876,0.0233089
nsw50,0.4031084,0.8236842,0.02460455,0.5249027,0.8776377,0.007358952
nsw24,0.9401489,0.7951197,0.1274898,1.042946,0.8347479,0.01373443
nsw04,0.5235468,0.7227004,0.04011197,1.049038,0.8548649,0.009914596
nsw43,0.9132293,0.729593,0.2401959,0.6263016,0.8785019,0.007632186
nsw10,0.3470039,0.8653295,0.0106645,0.7566724,0.8714786,0.0112425
nsw50,0.3378147,0.8051113,0.02471096,0.4950881,0.9170714,0.009930452
nsw16,0.8855903,0.7108822,0.1301029,0.9558501,0.849849,0.02355943
nsw24,0.9129599,0.7784095,0.1212424,0.8132839,0.8672686,0.01169354
nsw04,0.6018896,0.6994643,0.0290672,0.8216846,0.8251047,0.00861106
nsw43,0.8429877,0.7683032,0.287291,0.711681,0.8575813,0.008516146
nsw10,0.4848065,0.9461459,0.02011292,0.9389236,0.8513231,0.01162854
nsw50,0.5054193,0.8482507,0.04397085,0.8658204,0.8819204,0.007739477
nsw16,0.9098201,0.7428995,0.1663722,1.136953,0.8378503,0.02313414
nsw24,0.9346997,0.7980471,0.126774,1.143023,0.8279597,0.01249831
nsw04,0.7776393,0.9426523,0.03478002,3.674307,0.8421591,0.009815707
nsw43,0.7974368,0.7297893,0.2460268,0.6577999,0.8500833,0.008023353
nsw10,0.2497,0.9245337,0.0143658,1.10106,0.8748067,0.01263095
nsw50,0.3598791,0.7778905,0.03419681,0.5547746,0.8945736,0.007563432
nsw24,0.8971497,0.8014989,0.1276565,0.9294139,0.8321037,0.01133728
nsw16,0.8743948,0.7094689,0.1164657,0.9924363,0.8375173,0.02371505
nsw04,0.6908161,0.8517718,0.04450786,1.016501,0.8745618,0.01001631
nsw43,0.7568553,0.7182005,0.2281204,0.6559614,0.8260322,0.00770277
nsw10,0.6852782,0.9366046,0.01152538,1.269985,0.8666433,0.01188468
nsw50,0.1617435,0.8173059,0.03300103,0.5159184,0.9122478,0.01002788
nsw24,0.9010607,0.8197655,0.1116732,0.8817718,0.8394111,0.01149146
nsw16,0.9254054,0.7731432,0.1676398,1.038715,0.8539207,0.023515
nsw04,0.5880911,0.8591641,0.03206741,2.225678,0.8303075,0.008757394
nsw43,0.8910142,0.7286289,0.2441589,0.6830065,0.8332217,0.007328579
nsw10,0.5113437,0.964851,0.02127467,2.246729,0.8349073,0.01196694
nsw50,0.5962458,0.8499494,0.03816578,0.7438558,0.8991132,0.007808242
nsw24,0.9316594,0.7762255,0.1307939,0.9727072,0.8195477,0.01168554
nsw04,0.8159967,0.9494643,0.03105355,1.386721,0.8626211,0.01058397
nsw16,0.8852876,0.7181785,0.1042279,0.9393361,0.865015,0.02359612
nsw43,0.7085888,0.7452234,0.2437839,0.6957463,0.8557172,0.008101514
nsw10,0.3831288,0.933238,0.00840131,1.453839,0.8561402,0.01129685
nsw24,0.9337578,0.7769258,0.1285651,0.7509083,0.8527972,0.01173887
nsw51,0.8490534,0.7869261,0.005111962,0.9736115,0.8933524,0.01240656
nsw04,0.7528848,0.9145759,0.03478002,2.284528,0.8528171,0.01035081
nsw16,0.8912714,0.7167038,0.1344571,1.058222,0.840098,0.02374916
nsw10,0.7829233,0.9767192,0.01117112,1.7657,0.816973,0.0106637
nsw43,0.7973272,0.7300118,0.2166251,0.7186661,0.8622093,0.008233706
nsw24,0.9087993,0.7707911,0.1287595,0.9542881,0.847155,0.01175142
nsw51,0.477915,0.6511976,0.001007288,0.8692003,0.8399788,0.01235678
nsw04,0.5703205,0.9508549,0.05321853,2.382769,0.8708886,0.009477356
nsw10,0.150275,0.8137733,0.01322532,0.7510883,0.8548165,0.01125682
nsw43,0.893746,0.7456383,0.2836368,0.9117029,0.8229209,0.006305523
nsw16,0.8757423,0.7276912,0.117048,0.8329745,0.8848094,0.02336985
nsw24,0.9428981,0.7917829,0.1429462,1.139026,0.8300111,0.01180904
nsw51,0.2325985,0.7978066,0.008180754,0.772666,0.8935652,0.01240654
nsw04,0.7322259,0.8582143,0.02212025,1.592918,0.8603295,0.009505793
nsw10,0.2644466,0.9837616,0.01933491,2.484755,0.8040046,0.01126439
nsw43,0.8254905,0.7184167,0.225932,0.7949528,0.8312959,0.007843266
nsw16,0.9034589,0.7416386,0.1461601,0.9992062,0.8515231,0.02355048
nsw24,0.8973609,0.7876949,0.1231635,0.9963469,0.8308567,0.01116616
nsw51,0.8253748,0.7746174,0.004778175,0.8843633,0.8500324,0.01239619
nsw04,0.7342849,0.8551786,0.0282459,0.9909546,0.8640946,0.009103879
nsw10,0.3394338,0.8898253,0.01876459,2.422902,0.8558511,0.01222203
nsw43,0.7663651,0.7196244,0.2374173,0.7944145,0.7831399,0.006441337
nsw24,0.9355605,0.7969642,0.1292102,0.7981192,0.8679234,0.01284065
nsw51,-0.1319787,0.5831673,0.002402936,0.6843618,0.9048759,0.01254219
nsw16,0.9161845,0.7394913,0.1604926,0.9309266,0.8668549,0.02350236
nsw43,0.8149166,0.7166946,0.2297004,0.6027232,0.8577575,0.007786798
nsw10,0.6792513,0.8058739,0.01183237,0.9567342,0.8202384,0.01221584
nsw04,0.5210938,0.9078231,0.04896587,3.089692,0.8436543,0.009012472
nsw24,0.9538592,0.8053327,0.1200158,0.9567752,0.8347283,0.01067738
nsw51,0.2546286,0.7271372,0.002991043,1.109536,0.8608306,0.01238595
nsw16,0.8908965,0.7253075,0.1215855,1.487759,0.8104142,0.0238498
nsw43,0.8469355,0.7221053,0.2140777,0.6982381,0.8479828,0.007319453
nsw10,0.8827265,0.974026,0.02662524,1.700411,0.8452191,0.01151415
nsw04,0.777891,0.7995996,0.02332107,0.9727805,0.8489661,0.009662502
nsw24,0.898554,0.8146254,0.123232,0.9077428,0.8414667,0.01138714
nsw51,0.8079716,0.66575,0.01162474,1.14459,0.8360373,0.01254209
nsw16,0.8698258,0.7318425,0.13015,0.8872439,0.8743124,0.02322775
nsw43,0.7880691,0.7283062,0.2454504,0.683572,0.8064639,0.007364605
nsw10,-0.006630185,0.7431556,0.01627008,0.9556433,0.8254314,0.01125241
nsw05,0.7263069,0.7116246,0.05990079,0.314221,0.8853453,0.004415526
nsw24,0.9383348,0.7889789,0.1000972,0.9962243,0.8483433,0.01257166
nsw51,0.7576716,0.835625,0.01170991,1.053718,0.8470375,0.01189313
nsw16,0.8260837,0.6898524,0.1213652,0.7305967,0.8862704,0.02337895
nsw43,0.7981448,0.7115199,0.209572,0.5183548,0.8446522,0.006771653
nsw10,0.1613321,0.9624042,0.01685187,1.671157,0.8710263,0.01177699
nsw05,0.4480543,0.7144237,0.065392,0.5583538,0.8288771,0.003555121
nsw24,0.933091,0.8008891,0.1236794,0.9198533,0.8320513,0.01126239
nsw51,0.2989281,0.7081526,0.008419663,0.9440754,0.8839039,0.01242491
nsw43,0.8864509,0.7483752,0.2357449,0.9282533,0.798428,0.007185938
nsw10,0.8293556,0.9753228,0.01381006,2.671912,0.8365303,0.01222954
nsw16,0.8985577,0.7098927,0.1055657,1.009549,0.8530714,0.02346227
nsw05,0.5456264,0.6248515,0.04721667,0.3169109,0.8641135,0.004467247
nsw24,0.9366255,0.781256,0.1307932,0.9139487,0.8410214,0.01184617
nsw51,0.2477846,0.7038883,0.003649758,0.7798082,0.8981929,0.01197036
nsw43,0.7192128,0.6697712,0.1954112,0.6045291,0.7959778,0.005702207
nsw10,0.7755129,0.9920977,0.01817989,3.98389,0.7969033,0.01179502
nsw05,0.5074104,0.6392817,0.01907525,0.297819,0.8173284,0.004540416
nsw24,0.9457733,0.8005799,0.1271025,0.835598,0.8349573,0.0110589
nsw16,0.8731334,0.701567,0.129174,0.9711823,0.8606335,0.02323583
nsw51,0.6342145,0.8131263,0.01535814,1.043489,0.8574919,0.01224734
nsw10,0.6154386,0.9756844,0.02161947,2.388136,0.835419,0.01310807
nsw43,0.7909918,0.707581,0.2081413,0.7126362,0.818816,0.00741006
nsw05,0.6949389,0.6333333,0.04736538,0.3142103,0.8313444,0.004018743
nsw24,0.8436617,0.7652538,0.1233994,0.7844316,0.8401034,0.01127721
nsw51,0.6655127,0.8630478,0.006407621,0.881614,0.8829783,0.01209543
nsw16,0.8861427,0.7373743,0.1182385,0.9202564,0.881453,0.02361586
nsw10,0.6907111,0.9710175,0.01917596,1.50582,0.8571552,0.01283152
nsw43,0.7672568,0.6967893,0.2012844,0.6291501,0.8224622,0.007117081
nsw05,0.4046531,0.5667446,0.0190061,0.6169511,0.7957032,0.003748707
nsw24,0.9605961,0.8216517,0.1297547,0.9714449,0.8330546,0.01031158
nsw51,0.449387,0.9402985,0.004843928,0.9262673,0.8774106,0.01195428
nsw16,0.8887507,0.714736,0.1226479,0.9890072,0.8664655,0.02338089
nsw10,0.4144471,0.9246152,0.03254238,1.204522,0.8728376,0.01212935
nsw43,0.8155466,0.7384274,0.2411729,0.6865832,0.8522254,0.007194231
nsw05,0.6594717,0.7137919,0.08480594,0.2545981,0.8232855,0.00372154
nsw24,0.9448195,0.8043756,0.1509552,0.9434445,0.78165,0.009886523
nsw51,0.2204599,0.8666667,0.004744147,0.8975829,0.9005574,0.01188429
nsw16,0.873842,0.7450801,0.1447216,0.9342297,0.8457691,0.02346434
nsw10,0.573324,0.9165468,0.02017089,1.621284,0.8141505,0.01292735
nsw43,0.8192946,0.7738318,0.2552093,0.7282112,0.822909,0.00626745
nsw05,0.2750093,0.6205975,0.03683911,0.4963235,0.8296996,0.004414357
nsw24,0.9412912,0.786658,0.1158853,0.7924122,0.8340947,0.01090723
nsw51,0.8420629,0.8336989,0.007809749,0.9376751,0.8969518,0.0123192
nsw10,0.5578171,0.8931141,0.01971625,1.140113,0.8450572,0.01192289
nsw16,0.9191403,0.7474898,0.127231,1.050305,0.8674788,0.02356496
nsw43,0.8349808,0.7209191,0.2466083,0.4898195,0.888359,0.007812356
nsw05,0.776519,0.7508713,0.07188875,0.5510121,0.8402414,0.004376312
nsw24,0.9236743,0.7915549,0.1331197,0.9624585,0.8363762,0.01129502
nsw51,0.5914979,0.835125,0.01195516,0.9460151,0.8694029,0.01237904
nsw10,0.2489317,0.9017644,0.008520705,1.869484,0.818836,0.01313287
nsw43,0.8782252,0.771942,0.2857729,0.7447453,0.8282007,0.007064635
nsw16,0.9065132,0.7145179,0.117658,0.9884235,0.8518075,0.02350793
nsw05,0.4997852,0.5890602,0.02450789,0.6097548,0.8487067,0.003863258
nsw24,0.8802642,0.8008434,0.1354598,0.9034724,0.8197246,0.01149568
nsw51,0.03487442,0.7930348,0.004782036,0.9299012,0.8785395,0.01233148
nsw10,0.3715158,0.8112464,0.005566826,0.5442567,0.8534909,0.01220659
nsw43,0.8320151,0.7166049,0.2238934,0.7611417,0.8128995,0.007083375
nsw05,0.7627442,0.6775959,0.06861025,0.2977936,0.8924783,0.004383182
nsw24,0.903371,0.7897246,0.1443654,0.7257232,0.8550108,0.01102485
nsw16,0.8458409,0.6619931,0.08720861,0.9710147,0.8568275,0.02319006
nsw51,0.159862,0.775673,0.007883728,0.9180413,0.8517909,0.01246389
nsw10,0.4967655,0.9253854,0.01994098,1.159539,0.8186098,0.01089247
nsw43,0.7469933,0.6929679,0.1946332,0.6626316,0.7597594,0.006943164
nsw05,0.1796923,0.631611,0.03972757,0.5857317,0.7878934,0.004288417
nsw24,0.9186681,0.8002035,0.1207645,1.018459,0.8177523,0.01116687
nsw51,0.7985453,0.814614,0.01100356,0.971038,0.8642781,0.0125022
nsw16,0.8980419,0.7123718,0.1382454,1.080306,0.8629183,0.02302605
nsw10,0.6083476,0.7086314,0.008744382,1.021901,0.867143,0.01207416
nsw43,0.7753777,0.7335036,0.2140578,0.8549188,0.8251925,0.006505749
nsw05,0.2999073,0.5971182,0.02630208,0.2750701,0.7918216,0.004474097
nsw24,0.9595863,0.8202324,0.1402538,0.9640394,0.8177669,0.01020235
nsw51,0.257671,0.8503486,0.005836287,0.8143233,0.844396,0.01243815
nsw16,0.9098226,0.6919644,0.1129237,1.108578,0.8278879,0.02334751
nsw10,0.2337113,0.8602261,0.02089357,1.20277,0.8266474,0.01238369
nsw43,0.7942334,0.699372,0.2073596,0.836809,0.7908958,0.006060616
nsw05,0.3349793,0.6614815,0.05183482,0.4702909,0.7780246,0.004339961
nsw24,0.8838564,0.7705478,0.1303729,0.7915152,0.8704317,0.01330655
nsw51,0.5859151,0.7110668,0.007946453,0.9402696,0.863917,0.01237666
nsw10,0.5918843,0.9804913,0.02793087,2.856713,0.8442108,0.01270836
nsw16,0.8840565,0.7187099,0.1244363,0.9708839,0.8560885,0.02334767
nsw05,0.5507489,0.66488,0.05220515,0.7420611,0.7326243,0.002683927
nsw43,0.8507053,0.7780359,0.2646717,0.8219318,0.8375499,0.007077529
nsw24,0.9496377,0.8066015,0.1599607,0.8329862,0.8433936,0.01150978
nsw51,0.7688734,0.7452906,0.01154864,0.7769064,0.8999622,0.01234529
nsw11,0.7386444,0.8608307,0.05148831,0.4417743,0.9638759,0.009600608
nsw16,0.9027328,0.736927,0.1413584,1.022893,0.8634381,0.02327611
nsw05,0.3732569,0.5882011,0.04832619,0.1918529,0.7766143,0.003186448
nsw43,0.8699886,0.7319969,0.2220968,0.6680301,0.8587056,0.007546126
nsw24,0.9518356,0.7754207,0.1152445,0.9951169,0.80698,0.010598
nsw51,0.1610278,0.6241276,0.003888746,0.7734942,0.8925778,0.01231542
nsw11,0.6541403,0.9618978,0.04166466,1.173334,0.950294,0.00957956
nsw05,0.5246141,0.6367831,0.04460919,0.3068764,0.8477785,0.004464093
nsw43,0.7427681,0.7130589,0.1996218,0.5957462,0.8322266,0.007773059
nsw16,0.8867714,0.7610588,0.1372164,1.109008,0.8455925,0.02354596
nsw24,0.8829083,0.8151488,0.1128993,1.07936,0.8359631,0.01156905
nsw51,0.6360658,0.4711003,-0.001841228,0.5160323,0.8606851,0.01238485
nsw11,0.832404,0.955108,0.05865706,1.316755,0.9449006,0.00957479
nsw05,0.6258743,0.6882993,0.05216971,0.2423219,0.8909325,0.004493004
nsw43,0.8018698,0.7065185,0.2232773,0.4580898,0.8824663,0.008427988
nsw24,0.9040354,0.7810661,0.1108407,0.9103682,0.8336548,0.01070726
nsw16,0.9049748,0.7363511,0.1399854,1.030807,0.8514082,0.02337482
nsw51,0.3834794,0.7902293,0.007821982,0.8018053,0.8809917,0.01254194
nsw11,0.7761106,0.9181287,0.04891085,0.8948051,0.9578165,0.009496823
nsw05,0.6938122,0.7211251,0.08253687,0.5345785,0.8279883,0.003993073
nsw43,0.9019969,0.7552575,0.2374415,0.7358664,0.8365996,0.007679106
nsw24,0.9527763,0.7894063,0.1190565,0.8889691,0.844772,0.01134232
nsw16,0.8958814,0.7448985,0.1737587,0.8761103,0.8826525,0.02330044
nsw51,0.8423255,0.9169993,0.009833517,0.9628579,0.8588948,0.01278439
nsw11,0.9144822,0.9609548,0.09677205,0.9859269,0.9552419,0.009871629
nsw05,0.5950553,0.6728538,0.0648528,0.6259118,0.7575199,0.003785025
nsw43,0.866924,0.7326797,0.2546469,0.902852,0.8298025,0.007065164
nsw24,0.9391804,0.7917714,0.1286265,0.9038813,0.8035548,0.01067061
nsw51,-0.09438415,0.4194831,-0.0008847658,1.012256,0.8487721,0.01238725
nsw16,0.855557,0.7058897,0.1317338,0.8127596,0.8810639,0.02338448
nsw11,0.7899874,0.9514799,0.04464085,1.147453,0.9292476,0.009886334
nsw05,0.5740931,0.6183261,0.05110272,0.3769407,0.9163678,0.004527585
nsw24,0.940703,0.7781089,0.1363322,0.8164797,0.8815666,0.01279306
nsw43,0.7555504,0.7327575,0.2429917,0.5813627,0.8236213,0.00656677
nsw51,0.4259156,0.8849722,0.0107005,0.8779776,0.8867025,0.01242614
nsw16,0.8311001,0.6888321,0.1277971,0.7887947,0.8752375,0.02339907
nsw11,0.7866342,0.9209961,0.04670113,0.7941835,0.9599575,0.009073931
nsw05,0.5509283,0.6250415,0.05844732,0.3619229,0.8553958,0.004005514
nsw24,0.9073253,0.7974163,0.1222212,1.094295,0.8254596,0.01093701
nsw43,0.6445732,0.7047633,0.2080915,0.5833719,0.8300427,0.008203392
nsw51,0.06270817,0.5906375,-0.002062188,0.9047614,0.8950518,0.0120119
nsw11,0.8237382,0.9244808,0.06481282,1.346318,0.942954,0.009445487
nsw16,0.8882859,0.7517692,0.1627625,0.9149126,0.89578,0.02315152
nsw05,0.5766367,0.6728361,0.05701497,0.3035333,0.8764823,0.004429605
nsw24,0.9417933,0.7880748,0.1190338,0.8481826,0.8320899,0.01108019
nsw43,0.8549987,0.7098868,0.2277652,0.7850204,0.7723729,0.005687207
nsw51,0.6593182,0.8283433,0.005661868,0.9157366,0.8973756,0.01220839
nsw05,0.5134797,0.6570661,0.05233567,0.3808562,0.9106639,0.004404523
nsw24,0.9659942,0.818077,0.135883,0.9179452,0.8398177,0.01150136
nsw16,0.9177589,0.7371566,0.1228584,1.038923,0.856548,0.0235721
nsw11,0.7013407,0.8851815,0.05262942,0.5139727,0.9659383,0.009440509
nsw43,0.8639644,0.7354907,0.2210677,0.7055102,0.8406656,0.006797503
nsw51,0.781313,0.8709862,0.01049178,0.9100644,0.8425065,0.01221495
nsw05,0.5281826,0.6937618,0.05696011,0.3037307,0.7890223,0.004043632
nsw25,0.6689065,0.756741,0.05359832,0.6236076,0.7068362,0.002375574
nsw11,0.7492174,0.9532249,0.05412895,0.8403504,0.9537067,0.009629081
nsw43,0.7152132,0.7157091,0.2051427,0.5622595,0.858228,0.007354699
nsw16,0.8905775,0.6763465,0.1372984,0.8320213,0.8493294,0.02320946
nsw51,0.3265462,0.7622012,0.00633646,0.8465908,0.8703377,0.01210708
nsw25,0.8413149,0.7794439,0.05713994,1.019553,0.7932612,0.003031853
nsw05,0.6950607,0.7600587,0.04746393,0.3425853,0.836846,0.004454423
nsw43,0.8378859,0.7345436,0.244468,0.6815041,0.8275689,0.006234695
nsw11,0.8092791,0.9458272,0.05121072,0.8382557,0.9498975,0.009561499
nsw16,0.8920424,0.7185485,0.1464925,0.9876618,0.8664769,0.02303351
nsw51,0.7226007,0.8343313,0.009199608,0.9358352,0.8591989,0.01238376
nsw05,0.6384335,0.7006631,0.07506226,0.3106358,0.7939826,0.004450557
nsw25,0.7953284,0.7561413,0.06510437,0.692602,0.6307798,0.00233668
nsw43,0.8551349,0.7523919,0.2355675,0.8327373,0.8375106,0.006913122
nsw11,0.7673297,0.9233138,0.05494287,0.9254295,0.9480545,0.009488592
nsw16,0.9241583,0.763562,0.1385964,1.358547,0.8179225,0.02314264
nsw51,0.1857044,0.4492032,-0.003466387,1.074891,0.8603419,0.01235242
nsw05,0.6432491,0.6439817,0.03371825,0.2585482,NaN,0.004505086
nsw25,0.6555435,0.7275066,0.04501737,0.7813692,NaN,0.002848306
nsw43,0.7980682,0.720012,0.2399271,0.6449576,0.81883,0.007245196
nsw11,0.7936882,0.9365079,0.06541858,0.9896551,0.9477407,0.009125746
nsw51,0.5436642,0.9437687,0.008101136,0.9031507,0.8812376,0.012418
nsw16,0.8720515,0.7090123,0.1251201,0.986461,0.8662098,0.02318894
nsw05,0.517601,0.6207596,0.02947291,0.3991012,0.7865061,0.003940505
nsw25,0.7664495,0.7692673,0.05939014,0.5874487,0.733461,0.00320801
nsw43,0.8206698,0.7238399,0.2479015,0.7298378,0.8421405,0.006707861
nsw11,0.6473791,0.8387291,0.03759181,0.51644,0.9488896,0.00971435
nsw51,0.5021348,0.6777667,0.003131709,0.9039053,0.8998172,0.01219615
nsw16,0.8994285,0.7185012,0.1519661,0.9154071,0.8766189,0.02318148
nsw05,0.4513141,0.6119952,0.03982346,0.410008,0.8598054,0.003211705
nsw25,0.6519687,0.7138836,0.04832013,0.5784636,0.7734081,0.002965692
nsw43,0.8070291,0.7139063,0.1990019,0.6639114,0.8418781,0.007702763
nsw11,0.7701607,0.9362411,0.04944838,1.129644,0.9486155,0.009483876
nsw51,0.4135901,0.9130608,0.007642401,0.9295897,0.8822791,0.01230792
nsw16,0.9114415,0.739403,0.1473882,0.9855501,0.8778277,0.02307482
nsw25,0.8429041,0.8007588,0.06048522,0.8826915,0.6498807,0.001732428
nsw05,0.6595166,0.6939097,0.06390395,0.2593128,0.8813631,0.004486241
nsw45,0.9330242,0.8941767,0.2900783,0.7516815,0.9788272,0.004777171
nsw11,0.7400832,0.9291157,0.0790359,0.9715684,0.9581165,0.009745197
nsw51,0.6301123,0.9264207,0.008603476,0.970321,0.878803,0.01206249
nsw25,0.6648753,0.7163007,0.04808171,0.6841256,0.6830292,0.002189527
nsw05,0.5862576,0.6592902,0.03077807,0.2811104,0.8347379,0.004518194
nsw16,0.8768484,0.7152529,0.1251864,0.9023426,0.8542296,0.02331109
nsw45,0.9406162,0.8706064,0.2570871,0.485322,0.9679261,0.005041908
nsw11,0.7336348,0.8965237,0.04904413,0.9157854,0.9413171,0.01003759
nsw51,0.2088765,0.7503327,0.009033201,0.9318401,0.8548919,0.01250431
nsw25,0.5412799,0.7068747,0.04845155,0.5978315,0.6901361,0.001966241
nsw05,0.7621407,0.6695687,0.06453856,0.388643,0.7934629,0.004428588
nsw16,0.864641,0.6979475,0.1198196,0.9474507,0.8484789,0.02340853
nsw45,0.9469731,0.8926793,0.3003607,0.7293946,0.9739401,0.004590267
nsw11,0.8345166,0.9286875,0.05624804,1.024985,0.9566118,0.009396537
nsw51,0.6475488,0.7361914,0.007959118,0.9856091,0.8737655,0.01238237
nsw25,0.7721476,0.7834575,0.05758588,0.6794317,0.7365068,0.00339542
nsw05,0.8188315,0.7127029,0.07290055,0.4795038,0.9029145,0.004285106
nsw17,0.8153624,0.7906473,0.2043102,0.9436306,0.9053033,0.02730848
nsw11,0.7994154,0.9292171,0.07042037,0.6455148,0.9379426,0.009836693
nsw45,0.9600473,0.8818136,0.2953066,0.7540667,0.9844761,0.004536841
nsw51,0.4297983,0.8935323,0.00477441,0.8539975,0.8840913,0.01254813
nsw25,0.6671843,0.7273215,0.04612831,0.6284447,0.8548951,0.00318158
nsw05,0.5243121,0.6410933,0.01642797,0.274042,0.8339013,0.004478167
nsw11,0.7451363,0.9153671,0.04958461,0.9757765,0.9583277,0.009392034
nsw17,0.7488046,0.7561544,0.1517854,0.665117,0.918546,0.0273343
nsw45,0.920313,0.8833952,0.2493052,1.016379,0.923434,0.003607137
nsw51,0.6958777,0.7948391,0.01765385,0.7493273,0.875644,0.01221739
nsw25,0.7798013,0.794576,0.06434463,1.195334,0.7365885,0.00334149
nsw05,0.340059,0.569367,-0.001125639,0.1866809,0.7717565,0.004083093
nsw11,0.7802991,0.8970624,0.07361761,0.9689995,0.9465668,0.009848051
nsw45,0.9637674,0.9041073,0.2663681,0.6133273,0.9826043,0.004580536
nsw17,0.6237556,0.765808,0.1381622,1.092168,0.9024499,0.02635401
nsw51,0.3711653,0.6985045,0.003096646,1.103886,0.8492942,0.01222367
nsw25,0.822459,0.75983,0.05116546,0.7935966,0.7071896,0.002320806
nsw05,0.6176067,0.665737,0.06777413,0.331081,0.8453391,0.004370466
nsw11,0.6924219,0.9479864,0.04586959,0.8664412,0.957993,0.009614755
nsw45,0.8249157,0.8409368,0.272144,0.3554831,0.9601783,0.004582458
nsw51,0.2665816,0.7588157,0.009551472,0.7393764,0.902785,0.01194378
nsw17,0.8730946,0.76314,0.1455856,0.7123492,0.9165721,0.02857294
nsw25,0.7676202,0.7890777,0.06862942,0.7258214,0.7618955,0.003603685
nsw05,0.4898334,0.6580334,0.05301879,0.3561576,0.8583557,0.004358332
nsw11,0.7797238,0.9069648,0.05570815,0.8539776,0.9531305,0.009850288
nsw51,0.3770311,0.774625,0.007070818,0.983953,0.8493821,0.01247622
nsw45,0.9553782,0.8969646,0.275515,0.6084012,0.9698052,0.004458178
nsw25,0.7326047,0.7618815,0.06357509,0.4791691,0.8341075,0.004057045
nsw17,0.878021,0.7998443,0.1757338,1.120376,0.9140042,0.02692048
nsw05,0.5755605,0.6666509,0.0616857,0.3495877,0.8315127,0.004390551
nsw11,0.6898397,0.8940433,0.05523048,0.9565491,0.9589005,0.009540973
nsw51,0.01991053,0.5757877,0.0009145415,0.7385206,0.8837718,0.01202779
nsw45,0.9552755,0.899655,0.2334006,0.748802,0.954495,0.004853339
nsw17,0.8740082,0.7683545,0.1678977,1.172124,0.9003662,0.02624239
nsw05,0.1136232,0.503018,-0.0202721,0.2165646,0.7122994,0.004467135
nsw11,0.7679933,0.9214255,0.04657317,1.059375,0.9474308,0.009650445
nsw51,0.5810215,0.8528415,0.007493285,0.9271925,0.8779518,0.01181423
nsw45,0.8716934,0.8786475,0.2470128,0.5938553,0.9698237,0.004810878
nsw05,0.6573562,0.7171696,0.0615949,0.2731168,0.7892248,0.004558306
nsw17,0.8268007,0.7592187,0.1517726,0.7292581,0.9001584,0.02690628
nsw51,0.3879659,0.9558872,0.004204151,1.213894,0.8338853,0.0122974
nsw11,0.6122485,0.8535871,0.04620196,0.4499429,0.9593964,0.009538783
nsw45,0.7036729,0.8180136,0.2166262,0.3963758,0.9769514,0.00450046
nsw05,-0.0389107,0.4637291,-0.003626722,0.1362793,0.7996751,0.003922738
nsw17,0.7992723,0.7724718,0.1892023,1.002079,0.9001692,0.0251599
nsw51,0.5144348,0.8376869,0.008372743,0.8480526,0.9011978,0.0124557
nsw11,0.8263092,0.9465241,0.06626302,1.064491,0.9603178,0.009452151
nsw45,0.9509815,0.9052976,0.2757463,0.7189214,0.9767924,0.004715691
nsw05,0.6055152,0.6931725,0.07267833,0.4730992,0.8157369,0.004087647
nsw17,0.8810928,0.7606641,0.1483586,0.920041,0.9296538,0.02711867
nsw51,0.3655017,0.8715,0.01322062,0.8336597,0.8624386,0.01245092
nsw11,0.71342,0.9244135,0.05381335,1.09712,0.951771,0.00977685
nsw05,0.008140164,0.4832404,-0.04011568,0.1251799,NaN,0.004044854
nsw45,0.877611,0.85862,0.2332739,0.979809,0.9457617,0.004152278
nsw17,0.8373624,0.7748967,0.1537273,0.9946798,0.9021733,0.02684949
nsw52,0.9110898,0.8320516,0.2562083,0.9942152,0.8523492,0.03033759
nsw11,0.7588238,0.8613569,0.06096274,0.5201772,0.956235,0.009946784
nsw05,0.8493741,0.7631352,0.1108278,0.5180297,0.845046,0.004396543
nsw45,0.8793234,0.8636708,0.2710497,0.6310923,0.9775383,0.003979794
nsw17,0.8760761,0.7755326,0.1534587,1.009134,0.888735,0.02643264
nsw11,0.8897288,0.953678,0.06924988,1.194527,0.9427936,0.009504239
nsw52,0.8903641,0.8348685,0.2219329,0.9206696,0.8862798,0.03362773
nsw05,0.2822414,0.6617647,0.0506749,0.31451,0.8821066,0.003960681
nsw45,0.9549229,0.8882981,0.2548941,0.8194483,0.9410405,0.004294925
nsw17,0.8903673,0.7832964,0.157787,1.028906,0.8988767,0.02587556
nsw11,0.7031947,0.8867302,0.04938958,0.4961027,0.9435394,0.009783718
nsw52,0.9417639,0.8308817,0.2670219,1.018044,0.8490913,0.02997235
nsw05,0.6278477,0.6529947,0.05112728,0.2550746,0.8225637,0.004459701
nsw45,0.9515488,0.8930222,0.2884178,0.8071614,0.9835343,0.004837098
nsw17,0.7927581,0.8023454,0.1905957,0.9560719,0.9084801,0.02648703
nsw11,0.8085375,0.9628005,0.05262952,1.077572,0.9606758,0.009436213
nsw05,0.6609805,0.6225012,0.05135157,0.339696,0.9108974,0.004506729
nsw52,0.8919229,0.8335795,0.2247391,1.052983,0.8706388,0.0316256
nsw45,0.9434407,0.887021,0.2883841,0.8453493,0.9734662,0.00460598
nsw11,0.648683,0.8950374,0.03022184,0.7315423,0.9392,0.009887919
nsw17,0.879808,0.7567014,0.1552523,0.9299618,0.8970485,0.02570541
nsw05,0.2183007,0.5449149,0.009243406,0.2730167,0.8358093,0.004504534
nsw52,0.9491026,0.8543283,0.2688307,1.060341,0.8727566,0.03215379
nsw45,0.9763903,0.8911108,0.3174023,0.6715676,0.9916244,0.004778508
nsw11,0.6217963,0.9028768,0.04999796,1.099158,0.9495723,0.009654086
nsw05,0.1868923,0.6243758,0.04599455,0.6850162,0.8342713,0.004236772
nsw17,0.8877131,0.7925314,0.1789989,0.9942542,0.8945861,0.02692373
nsw52,0.9643782,0.8213791,0.2294434,1.145813,0.8481353,0.02946071
nsw25,0.6957018,0.7324339,0.05928451,0.6194217,0.7103858,0.002439363
nsw45,0.9325797,0.862901,0.2580695,0.653457,0.9814386,0.004941237
nsw06,0.1610897,0.5752475,0.04121783,0.1073855,0.5773225,0.001314418
nsw11,0.7817023,0.8978006,0.05304814,0.7640401,0.9559865,0.009548479
nsw17,0.9187235,0.7910734,0.1846976,0.9960777,0.8983001,0.02690432
nsw25,0.7376259,0.7052546,0.04192249,0.640185,0.6670081,0.002133544
nsw52,0.8813097,0.8021921,0.2321402,0.9698636,0.8765521,0.033576
nsw45,0.95872,0.8797017,0.257076,0.7626216,0.9906202,0.004742799
nsw06,0.2559903,0.5503274,0.05605949,0.105926,0.5985161,0.001921372
nsw11,0.8339177,0.9529977,0.03542018,0.7864997,0.9580084,0.009377728
nsw17,0.7274377,0.7269826,0.1113536,0.7016601,0.9145054,0.02719942
nsw25,0.7840288,0.7914206,0.05332621,0.6487611,0.7615094,0.002833235
nsw52,0.943518,0.8334694,0.272358,1.030473,0.8484709,0.03102769
nsw45,0.9541053,0.8784786,0.2397388,0.878373,0.9420396,0.004334295
nsw06,0.5977681,0.5948667,0.115312,0.5526955,0.622856,0.002949966
nsw11,0.8568218,0.9315982,0.05361707,0.7059886,0.952403,0.009466754
nsw25,0.7765373,0.802646,0.05163508,0.804198,0.8075904,0.003478074
nsw17,0.8028299,0.7932031,0.1931205,1.046639,0.9167991,0.02662506
nsw52,0.9685174,0.8540419,0.2284655,1.055427,0.8649278,0.03337384
nsw06,0.6289111,0.6420612,0.1831526,0.4097014,0.7013883,0.004472797
nsw45,0.9106937,0.8530601,0.2798344,0.5598443,0.9830701,0.004671297
nsw11,0.5588262,0.8799517,0.03260653,0.5060492,0.9653653,0.009966607
nsw25,0.7805124,0.7272911,0.05539209,0.7261129,0.756321,0.002574432
nsw17,0.8732554,0.7469293,0.1678144,1.079045,0.9050201,0.02562703
nsw06,0.4547653,0.6291886,0.1170243,0.1673567,0.6492214,0.004511179
nsw45,0.980694,0.8964779,0.2808743,0.6772849,0.9788193,0.00534359
nsw52,0.911386,0.8177771,0.2364367,1.019895,0.8696815,0.03252042
nsw11,0.6628499,0.9744601,0.03773366,1.427038,0.9472785,0.009206178
nsw25,0.660398,0.7620967,0.04762507,0.6115432,0.7606793,0.001971076
nsw17,0.7367541,0.7146992,0.1136208,0.6192901,0.9097314,0.02774626
nsw06,0.2749514,0.5654277,0.1063137,0.1833225,0.6291369,0.003253782
nsw45,0.9065734,0.8921714,0.261769,0.4692029,0.9775962,0.00527275
nsw11,0.833369,0.9363636,0.06010709,0.9544174,0.9546989,0.009507461
nsw52,0.9420753,0.8207009,0.2445497,1.044264,0.863463,0.03165263
nsw25,0.6901506,0.7235482,0.04589837,0.6079479,0.7762501,0.003431846
nsw06,0.2269399,0.6173485,0.04098764,0.1264838,0.5303935,0.0006432655
nsw17,0.9185097,0.8139705,0.1926034,0.9312229,0.8978544,0.02666549
nsw45,0.9305106,0.888293,0.2565249,0.6884814,0.9294806,0.004582035
nsw11,0.7879519,0.9382289,0.05128014,1.094621,0.9473008,0.009478605
nsw25,0.7353469,0.7650704,0.0757611,0.6852333,0.7209926,0.00242525
nsw52,0.9061142,0.8134733,0.2480647,0.9979893,0.8718007,0.03262941
nsw06,0.3315722,0.551084,0.07579727,0.356393,0.6553289,0.004178858
nsw17,0.7700147,0.7813724,0.1820776,1.057371,0.9175532,0.02649305
nsw11,0.805608,0.912924,0.04619346,0.7819467,0.945089,0.00959331
nsw45,0.8719282,0.9014184,0.257809,0.9157896,0.934068,0.004487891
nsw25,0.5647677,0.7363898,0.05402517,0.98959,0.6456258,0.001908365
nsw52,0.9145961,0.8463015,0.2272993,1.045518,0.8664375,0.03141475
nsw06,0.6875719,0.6369193,0.2062141,0.4951414,0.6349763,0.003161916
nsw17,0.8385244,0.7670606,0.1721332,0.988315,0.9016082,0.02698691
nsw11,0.7444633,0.9258612,0.04237078,0.9452133,0.9381652,0.009701953
nsw25,0.7628168,0.7943668,0.06147266,0.8970793,0.6888798,0.001911815
nsw45,0.9680753,0.8894796,0.2720389,0.7515878,0.9677243,0.004813079
nsw52,0.8996511,0.8040142,0.2352652,0.9602022,0.8715043,0.03349624
nsw06,0.2793074,0.539368,0.03237671,0.09735601,0.5750297,0.0013283
nsw17,0.8329386,0.7668156,0.188725,0.9039844,0.9231516,0.0268521
nsw25,0.7616944,0.7265253,0.04907303,0.9298558,0.6135058,0.003313508
nsw11,0.8528041,0.9310429,0.04825515,0.7455849,0.95892,0.009766696
nsw45,0.887071,0.8898148,0.2657747,0.585604,0.9758736,0.004200218
nsw06,0.4348269,0.5948417,0.1567061,0.4394635,0.6157962,0.003372558
nsw52,0.9666368,0.8419592,0.2363147,1.091815,0.8491609,0.03007048
nsw25,0.6434587,0.7102501,0.03450526,0.7066913,0.7367202,0.002653826
nsw11,0.6838392,0.8992853,0.05172205,0.8346585,0.9509495,0.009659883
nsw17,0.8345048,0.7809849,0.1354924,0.8094689,0.9124761,0.02780608
nsw45,0.9763532,0.8838871,0.2795257,0.7278896,0.956664,0.004623095
nsw06,0.1951357,0.5748547,0.05328875,0.1045807,0.5482065,0.001338132
nsw52,0.9445815,0.8498493,0.2587361,1.009321,0.8802591,0.03278174
nsw25,0.7464599,0.7562213,0.06306281,0.7085187,0.7135831,0.002574269
nsw11,0.9124997,0.9521035,0.06990678,0.6770212,0.9588722,0.009694704
nsw17,0.8322489,0.7664049,0.1849667,1.225885,0.8995751,0.02670898
nsw45,0.6338431,0.8028256,0.1834702,0.373185,0.9474866,0.004276967
nsw06,0.3635825,0.6084141,0.1210498,0.1785782,0.6103997,0.003905952
nsw52,0.9043852,0.8263579,0.2295594,0.9504051,0.8894249,0.03400543
nsw25,0.8456765,0.773201,0.08207065,0.9166012,0.571632,0.001122798
nsw11,0.8021608,0.9130131,0.05737485,0.801913,0.9623976,0.009546504
nsw06,0.6522467,0.5987631,0.09929501,0.386126,0.6242154,0.003161162
nsw45,0.9642778,0.9150482,0.2732913,0.7904116,0.9575577,0.004549608
nsw17,0.7842505,0.7345655,0.1360347,1.079963,0.901439,0.02612516
nsw25,0.8124993,0.7604715,0.06724227,0.6258849,0.7286291,0.003757523
nsw52,0.8730923,0.8352039,0.268477,1.001424,0.8830929,0.03333094
nsw11,0.833284,0.9433886,0.05202104,0.7750675,0.9615223,0.009880664
nsw06,0.4776922,0.5966076,0.1232629,0.2148885,0.716738,0.005078041
nsw45,0.8703487,0.8567997,0.2299592,0.5800661,0.9722693,0.004363347
nsw17,0.8520514,0.7849854,0.1690858,0.9358617,0.9118423,0.0273227
nsw25,0.7893748,0.7786877,0.07120782,1.001094,0.6619025,0.001993623
nsw52,0.9355906,0.8304893,0.2348172,0.9881055,0.8591202,0.03129077
nsw11,0.7709244,0.9123542,0.04456611,0.9777849,0.9496839,0.009834487
nsw06,0.3519192,0.5820157,0.1122593,0.1171706,0.5568309,0.0012318
nsw45,0.8840563,0.8902861,0.264842,0.8545558,0.9398689,0.004842741
nsw17,0.7037796,0.7245875,0.08880214,0.7035797,0.9098286,0.02748863
nsw25,0.6676531,0.7766247,0.06348037,0.7255848,0.8127684,0.004057373
nsw06,0.394443,0.5576123,0.05031923,0.3235735,0.5739998,0.001056574
nsw11,0.7158172,0.9287687,0.04917814,0.853987,0.95332,0.009744151
nsw52,0.9155003,0.8209004,0.2357171,0.9689144,0.858194,0.0327527
nsw45,0.9622761,0.8730494,0.2662718,0.6236264,0.9760012,0.004968462
nsw17,0.8321387,0.7548554,0.135787,1.135033,0.9055371,0.02648584
nsw25,0.7859455,0.7903973,0.05366852,0.798723,0.7293376,0.002106093
nsw06,0.6916898,0.5787827,0.1110979,0.5042972,0.588055,0.002155836
nsw52,0.9247192,0.813218,0.246664,1.098104,0.8536208,0.03132331
nsw12,0.7365654,0.8861607,0.07492442,1.01967,0.9271216,0.02858786
nsw45,0.8342987,0.8602494,0.2635623,0.3866127,0.9764289,0.00442038
nsw25,0.8684259,0.8117657,0.05929846,1.297033,0.5974629,0.00132096
nsw17,0.8912034,0.796639,0.1646518,1.072648,0.8979848,0.02636885
nsw06,0.5039814,0.5965778,0.1361243,0.3572331,0.5506305,0.002252562
nsw52,0.9198951,0.8100938,0.2489632,1.095529,0.8489251,0.03149887
nsw12,0.6066681,0.7629536,0.0417224,1.018033,0.9203762,0.02783039
nsw25,0.64644,0.7678498,0.04592298,0.6249979,0.691954,0.002410843
nsw45,0.9013292,0.8928053,0.29512,0.9643611,0.8957513,0.003336252
nsw17,0.7876061,0.7547312,0.1357357,0.9553147,0.9136131,0.0266351
nsw06,0.4542444,0.5808946,0.08666445,0.392173,0.6813071,0.004342508
nsw25,0.7349374,0.7499718,0.0513577,0.5132267,0.818281,0.003690867
nsw52,0.9030671,0.8143391,0.230098,0.9573857,0.8819103,0.03472388
nsw12,0.4957842,0.866647,0.06053016,1.175829,0.921291,0.02743038
nsw45,0.9294601,0.8649916,0.2760625,0.7082063,0.9766803,0.004308898
nsw06,0.6837877,0.603545,0.1268193,0.6318407,0.569226,0.001392015
nsw17,0.5832759,0.7628282,0.1315488,0.8015756,0.9117719,0.0272
nsw25,0.8665686,0.8216165,0.06834768,1.153399,0.5963208,0.001604613
nsw52,0.9241922,0.8304634,0.2526329,1.021661,0.8743583,0.03307043
nsw45,0.7861837,0.8447607,0.20821,0.7198525,0.9596338,0.004217001
nsw06,0.2339899,0.5793836,0.05076973,0.1345619,0.6247377,0.002413076
nsw12,0.857077,0.8814292,0.06195719,1.135813,0.9261318,0.02728946
nsw17,0.7473034,0.7227634,0.1123191,0.8894886,0.9203933,0.02684879
nsw25,0.6538297,0.7146398,0.03800983,0.5993115,0.7724074,0.002982473
nsw06,0.5729674,0.6328256,0.1583686,0.5418726,0.5710092,0.002284364
nsw52,0.929768,0.8475589,0.2416151,0.9686376,0.8832654,0.03377361
nsw45,0.9493211,0.8867356,0.2606665,0.7809382,0.9692329,0.004594494
nsw12,0.7835685,0.8428589,0.06185332,1.085808,0.9381944,0.02846631
nsw17,0.808381,0.7616887,0.1600642,1.07435,0.9176772,0.0272155
nsw25,0.6997679,0.7142987,0.03436375,0.7425224,0.8005936,0.003388059
nsw06,0.4016595,0.5863019,0.09592313,0.330114,0.6777739,0.005514686
nsw45,0.8798178,0.8927022,0.2678467,0.6275491,0.9705112,0.004714111
nsw52,0.9452322,0.832352,0.2520823,1.065761,0.8647468,0.03100844
nsw17,0.7872149,0.7614495,0.124593,0.7070376,0.9281046,0.02787078
nsw12,0.6062128,0.8614879,0.06602327,1.194656,0.9268649,0.02731268
nsw25,0.8453195,0.8099936,0.07296822,0.7502437,0.6819959,0.002560457
nsw06,0.3629969,0.5965633,0.1224313,0.1665835,0.6686645,0.003046762
nsw45,0.9679379,0.9032417,0.2623375,0.6938569,0.9818122,0.005226511
nsw52,0.9142187,0.8209618,0.2564724,1.01752,0.8702506,0.03265624
nsw25,0.598672,0.7165417,0.05006898,0.5468777,0.8226364,0.002914452
nsw17,0.8359784,0.8037403,0.1854579,1.015513,0.9139903,0.02749813
nsw12,0.8386172,0.8994592,0.06837393,0.9729756,0.9291329,0.02662209
nsw06,0.3305289,0.5547229,0.05654254,0.3475816,0.6270355,0.003071513
nsw45,0.9178918,0.8875751,0.2531419,0.8280457,0.972726,0.004227731
nsw52,0.9572777,0.8426251,0.2501048,0.9945115,0.8757005,0.03339874
nsw25,0.7379758,0.7632468,0.04263519,0.9903031,0.6103593,0.0009668994
nsw17,0.8605163,0.7641619,0.1392811,1.076862,0.9120033,0.02650534
nsw06,0.343166,0.587792,0.08614783,0.135935,0.6539125,0.003456049
nsw12,0.8057856,0.820056,0.05785438,1.187559,0.9245551,0.02656457
nsw45,0.8896799,0.9082879,0.304515,0.9018791,0.9541048,0.004363358
nsw52,0.9077789,0.8336471,0.2245343,1.018441,0.8612126,0.0341397
nsw25,0.6719532,0.7353289,0.04755408,0.6517238,0.7294463,0.002946553
nsw06,0.5792968,0.6156644,0.1320778,0.5799841,0.558613,0.0006511667
nsw17,0.9178812,0.7870865,0.1660495,0.9738682,0.9222163,0.0263999
nsw12,0.8847836,0.8842797,0.05810047,1.202742,0.9317135,0.0264852
nsw45,0.9433757,0.8817115,0.2569211,0.5572997,0.9844826,0.004917
nsw25,0.660293,0.7551141,0.05574088,0.9447399,0.6967469,0.002742272
nsw52,0.8961749,0.7975556,0.2235695,1.002207,0.8783077,0.03205984
nsw06,0.3147526,0.5710019,0.07272455,0.152178,0.7161404,0.004857045
nsw17,0.7930675,0.7261609,0.1291541,1.006718,0.9116329,0.02705252
nsw12,0.7578895,0.8556693,0.04985934,0.9864875,0.9284047,0.02740389
nsw45,0.7208926,0.8061133,0.2650163,0.3784623,NaN,0.005091404
nsw25,0.5291647,0.7608367,0.04537764,0.314716,0.8109213,0.003886389
nsw06,0.2141247,0.5454709,0.08073186,0.2758322,0.499325,0.0001367529
nsw52,0.9033663,0.8289866,0.2490189,1.073879,0.86383,0.03065393
nsw17,0.9145879,0.8034839,0.1964349,0.9395893,0.9172798,0.02697203
nsw12,0.9045626,0.9160448,0.08888666,1.024421,0.9373866,0.02670681
nsw45,0.8712864,0.8694566,0.2772617,0.6883653,0.9786955,0.004590018
nsw25,0.6161801,0.7635335,0.05762445,0.3327015,0.7433731,0.002556813
nsw06,0.3904784,0.5880357,0.116712,0.4031427,0.6311736,0.002006664
nsw52,0.919294,0.8123331,0.260704,0.9733132,0.8745084,0.03217778
nsw17,0.7200331,0.7589197,0.1297663,0.752246,0.9210938,0.02716893
nsw45,0.7864812,0.8763519,0.223386,1.036469,0.9737683,0.004550861
nsw25,0.8321074,0.8179855,0.07092169,0.8644098,0.6325105,0.001670913
nsw06,0.6721823,0.6319574,0.1787475,0.4832613,0.5004427,-0.0001371114
nsw12,0.7326213,0.8605995,0.04692679,1.02088,0.9355189,0.02807908
nsw52,0.9269492,0.8333962,0.2767507,0.9753386,0.8766267,0.032691
nsw17,0.7986538,0.7752433,0.1537441,0.7762913,0.9208896,0.02790461
nsw25,0.8373042,0.7851417,0.05441072,0.6430615,0.8206425,0.003350562
nsw45,0.9453448,0.8905493,0.2540246,0.8156425,0.9556344,0.004418205
nsw06,0.5290082,0.6422576,0.1950025,0.2500055,0.7068034,0.004169726
nsw12,0.8422555,0.882777,0.06354726,0.9762572,0.9369324,0.02839947
nsw52,0.9469539,0.8603678,0.2894099,1.014565,0.8775557,0.03347617
nsw17,0.8375355,0.7866131,0.1586304,0.9462611,0.9207433,0.02720759
nsw25,0.8817694,0.8545687,0.06322577,0.8940679,0.7746542,0.003091343
nsw06,0.3777235,0.5910519,0.1230948,0.1135813,0.6489966,0.004206457
nsw45,0.8467234,0.8918882,0.2633526,1.075038,0.8967633,0.003507593
nsw12,0.7245172,0.835096,0.05273385,1.061068,0.9279573,0.02766374
nsw52,0.9541861,0.8324008,0.2522357,1.131436,0.8348846,0.03091239
nsw25,0.6456649,0.6845968,0.04847511,0.7292438,0.6988427,0.002270659
nsw17,0.7784377,0.7372497,0.1455245,0.8201752,0.9149703,0.02743379
nsw06,0.4422033,0.6030773,0.1544682,0.1958003,0.7286568,0.005067095
nsw45,0.964316,0.8894953,0.2965378,0.4727933,0.9922051,0.005251094
nsw12,0.8776548,0.8530097,0.05638498,1.197129,0.9223988,0.02612708
nsw27,0.2045698,0.5366812,0.08292355,0.1142392,0.4711941,0.0008802046
nsw52,0.9577992,0.8504655,0.2493928,1.203034,0.8515119,0.03110857
nsw06,0.6705374,0.6165192,0.1348967,0.4839588,0.605601,0.00244241
nsw47,0.8392255,0.6028995,0.04855883,0.4150334,0.8946354,0.01401896
nsw17,0.8182014,0.7499347,0.155293,0.8546789,0.90782,0.02760128
nsw27,0.3799501,0.5586691,0.119532,0.2247206,0.514928,0.0003364874
nsw12,0.6069539,0.8687984,0.04791814,1.205757,0.9170257,0.02711074
nsw06,0.3401103,0.5795429,0.04167293,0.1954107,0.6896615,0.004496897
nsw47,0.8471659,0.8275807,0.05755162,0.9454812,0.8712059,0.01398104
nsw52,0.9181543,0.8330268,0.2399122,1.049996,0.8609819,0.03127599
nsw17,0.8533487,0.7499219,0.1539153,1.015945,0.9052597,0.02697375
nsw27,0.4919144,0.5718053,0.102516,0.2134526,0.5173025,-5.693587e-05
nsw06,0.3379729,0.6067082,0.1474561,0.1984987,0.5427544,0.001868037
nsw12,0.7929819,0.8722121,0.06499756,1.159514,0.923794,0.02713329
nsw47,0.9052736,0.789741,0.05385763,0.978342,0.8746863,0.01416856
nsw52,0.9509591,0.8465244,0.2961648,1.062741,0.854594,0.03278056
nsw17,0.8865224,0.758219,0.1444103,1.08232,0.8997204,0.02585837
nsw27,0.5757085,0.6268519,0.1755069,0.4645156,0.6373119,0.002230421
nsw06,0.2949384,0.5795735,0.08557949,0.475783,0.5683645,0.001876575
nsw47,0.8973102,0.7727558,0.04684454,0.6710074,0.9006504,0.01391625
nsw12,0.7584257,0.7977548,0.04767684,1.140975,0.9315446,0.02755812
nsw52,0.9479334,0.8437885,0.2755956,1.040345,0.8805999,0.03279062
nsw17,0.8364888,0.7799703,0.1716649,0.9408748,0.9146982,0.02819293
nsw27,0.5466127,0.5800836,0.1025878,0.3122349,0.5241804,0.0001015103
nsw06,0.2099598,0.5557659,0.05991814,0.1542233,0.6141813,0.002497017
nsw47,0.8588638,0.747164,0.04129033,0.6472107,0.9155518,0.01392164
nsw12,0.6535224,0.826173,0.04337818,1.083369,0.9279997,0.02788667
nsw27,0.2902407,0.5060283,-0.03143928,0.2400101,0.4095994,-0.0005447452
nsw52,0.9324642,0.8127029,0.250637,1.113144,0.8430141,0.03106255
nsw17,0.8564818,0.8095255,0.1622722,0.7646184,0.9123021,0.0271051
nsw06,0.4609182,0.6332885,0.1343845,0.1483888,0.6677841,0.002507871
nsw47,0.856918,0.7793315,0.05224993,0.7574512,0.8972804,0.01408111
nsw27,0.06564618,0.519364,0.01282372,0.1286469,0.598253,8.794425e-05
nsw12,0.6956285,0.8570778,0.06944323,0.9220796,0.9325516,0.02830433
nsw18,0.9582923,0.8548472,0.3501734,0.8968622,0.8662661,0.01330236
nsw06,0.4520297,0.6086333,0.1016659,0.1915044,0.6781688,0.00534186
nsw52,0.9399425,0.8417895,0.2507003,0.9580911,0.8738635,0.03291869
nsw47,0.8597508,0.8095292,0.04855883,1.088676,0.8662244,0.01416799
nsw27,0.5089982,0.6241625,0.1358739,0.2386641,NaN,-0.0002014442
nsw18,0.9337066,0.8555586,0.3466543,0.7544155,0.8872159,0.01297176
nsw06,0.3748525,0.5837754,0.1247964,0.1381877,0.7066991,0.004254979
nsw12,0.8479667,0.8956927,0.07199772,0.969783,0.9322384,0.02760935
nsw52,0.9455588,0.8498771,0.2676113,1.031487,0.86275,0.03309081
nsw47,0.7748101,0.651916,0.05551243,0.2692159,0.9064406,0.0120521
nsw27,0.5757739,0.6087512,0.1355642,0.3617042,0.4247549,-0.001726485
nsw18,0.9208943,0.8676581,0.3641289,0.9222012,0.8588252,0.01280644
nsw06,0.2736971,0.5573179,0.0878738,0.4312747,0.5375796,0.0006003426
nsw12,0.4651722,0.8621546,0.08394585,1.042167,0.913781,0.02657366
nsw52,0.9100665,0.8103046,0.2068524,1.003907,0.8815944,0.03331315
nsw47,0.9326386,0.8066497,0.05575306,0.9437008,0.8849825,0.01399227
nsw06,0.5473755,0.6102008,0.1622581,0.4550875,0.5834256,0.0008027416
nsw18,0.9385958,0.8581416,0.355096,0.962894,0.8867699,0.0136031
nsw47,0.879122,0.7531378,0.05755162,0.6151181,0.8941763,0.01335093
nsw52,0.9458836,0.8453839,0.2559512,1.125903,0.8491981,0.03011337
nsw12,0.6576271,0.8386826,0.05569969,0.8972967,0.9329064,0.02784178
nsw06,0.559458,0.6013722,0.1156942,0.4076552,0.6293618,0.002245374
nsw18,0.9492141,0.8661841,0.3761714,1.107737,0.8312254,0.01150589
nsw47,0.8316924,0.8489115,0.04496172,1.316642,0.8877055,0.01395242
nsw52,0.9652319,0.8483769,0.2789088,1.117472,0.860895,0.03303499
nsw12,0.5697474,0.8709729,0.06829016,1.063478,0.9329987,0.02719775
nsw06,0.4376297,0.6194635,0.1359898,0.1540331,0.637172,0.00154606
nsw18,0.9589681,0.8692631,0.3700535,1.105785,0.8382484,0.01175456
nsw47,0.7689113,0.8244799,0.04855883,1.451992,0.893887,0.01414239
nsw52,0.9296177,0.8603861,0.2727973,1.037368,0.8485481,0.0306323
nsw06,0.463858,0.6029128,0.1543837,0.4045039,0.7166909,0.005338227
nsw12,0.6180328,0.8643234,0.07037323,1.060568,0.934405,0.02726147
nsw18,0.9577479,0.8740403,0.3889878,0.8638298,0.8720042,0.01154032
nsw47,0.7695262,0.6121565,0.03057325,0.2768869,0.8817863,0.01537902
nsw06,0.4736559,0.5774728,0.1132496,0.460075,0.6188158,0.003458916
nsw52,0.9469967,0.8159949,0.2139218,1.040008,0.8664003,0.03258581
nsw18,0.9813788,0.8787515,0.3682372,1.072455,0.867853,0.01331234
nsw12,0.414239,0.8128944,0.04425257,1.060549,0.9255961,0.02701168
nsw47,0.792615,0.6758977,0.04285482,0.4580848,0.9097356,0.01421896
nsw06,0.3063449,0.6020725,0.1101092,0.1785943,0.6082951,0.001524352
nsw18,0.9684837,0.86664,0.3607595,1.064204,0.8549867,0.01319464
nsw52,0.9120169,0.8248549,0.2604067,0.9479259,0.8729027,0.03087944
nsw47,0.8995819,0.8113338,0.04653151,0.9785133,0.9163823,0.01377003
nsw12,0.6132133,0.8819447,0.0853633,1.094521,0.9285153,0.02741625
nsw07,0.6669255,0.801374,0.1270775,0.4863471,0.9398091,0.005089931
nsw18,0.9626863,0.8771571,0.3807665,1.119392,0.8292593,0.01232477
nsw52,0.9225232,0.830454,0.2504437,0.9852677,0.8603713,0.03051572
nsw47,0.9075366,0.7208064,0.04855883,0.6182295,0.9045821,0.01372262
nsw12,0.4089718,0.8451166,0.03902192,0.9982917,0.9397519,0.02830271
nsw07,0.9403216,0.8922692,0.1697569,1.059963,0.9132571,0.005595486
nsw18,0.8913988,0.8563951,0.3273236,0.9081557,0.8595093,0.01339676
nsw27,0.4221855,0.5795094,0.1162442,0.2693834,0.6022333,0.001779685
nsw47,0.9507567,0.8192327,0.04316316,2.087954,0.9008783,0.01368512
nsw52,0.8949814,0.8359469,0.2620424,0.9550104,0.8795922,0.03182084
nsw12,0.839673,0.89736,0.07103603,1.033942,0.9294813,0.02767383
nsw07,0.9342736,0.8768561,0.178705,0.9278546,0.9063733,0.005316139
nsw18,0.912388,0.8548731,0.3698642,1.002546,0.8401144,0.01184966
nsw27,0.5631579,0.5944379,0.1146506,0.3141869,0.502982,0.0006621642
nsw47,0.8916194,0.7806737,0.05755162,0.7377859,0.8729405,0.01406988
nsw53,0.8457854,0.8113882,0.03532738,1.380978,0.8289749,0.006607776
nsw12,0.8260624,0.8544037,0.06493855,1.048587,0.9110667,0.0273433
nsw07,0.9127533,0.8754509,0.1292977,1.264111,0.8691541,0.005044365
nsw27,0.6407058,0.6143293,0.1676014,0.3660913,0.5211654,-0.0001574544
nsw18,0.9830377,0.8797044,0.3906794,0.7483043,0.8979387,0.01436399
nsw47,0.8167648,0.782195,0.04855883,0.7322611,0.8953561,0.01391963
nsw53,0.9011558,0.8716934,0.05246625,1.601175,0.8421494,0.006964177
nsw07,0.9346111,0.8618648,0.1253138,1.233467,0.8645028,0.005468716
nsw27,0.5457261,0.5887906,0.1064766,0.314765,0.5716629,0.001460915
nsw12,0.7818349,0.871767,0.0837156,1.056238,0.9361161,0.02727021
nsw18,0.9747034,0.8717624,0.4021403,0.9354114,0.8473253,0.01142826
nsw47,0.8468617,0.6521132,0.05014162,0.3799116,0.9096875,0.01387659
nsw53,0.7942046,0.8023394,0.03599095,1.003906,0.8312846,0.00667854
nsw07,0.8782809,0.8238075,0.07911831,0.9464933,0.8878768,0.005484471
nsw18,0.9357268,0.8612808,0.3612018,0.8208039,0.8966361,0.013377
nsw12,0.528311,0.8624576,0.04436772,1.158509,0.9216455,0.02653733
nsw47,0.9276156,0.8155036,0.04480055,0.908245,0.8959179,0.01400206
nsw53,0.7672559,0.8656419,0.03450026,0.9820618,0.8766882,0.007215559
nsw07,0.6878529,0.7933363,0.08599072,0.5482712,0.9043102,0.005561672
nsw18,0.9807623,0.8727992,0.3909756,0.9095119,0.8974107,0.01288973
nsw47,0.8541064,0.8303179,0.03776749,0.9078533,0.8789395,0.01418042
nsw12,0.6159892,0.8800869,0.06853883,1.191108,0.9260572,0.02571187
nsw53,0.7521904,0.8782312,0.04545215,1.029425,0.8709471,0.00648326
nsw07,0.8858976,0.8768961,0.1308383,0.8428908,0.9214373,0.005463234
nsw18,0.9677618,0.862591,0.3884868,1.004471,0.839346,0.0126133
nsw47,0.8086471,0.6160381,0.04855883,0.4876232,0.8782032,0.01433563
nsw53,0.781534,0.8528963,0.03594982,1.081826,0.8569711,0.007045938
nsw12,0.8615687,0.8174412,0.05806643,1.234694,0.9199639,0.02789981
nsw07,0.9311954,0.878236,0.1408198,0.9046561,0.8988777,0.005443944
nsw18,0.9431591,0.855485,0.3645741,0.7903959,0.8671229,0.01402731
nsw47,0.9079087,0.6930947,0.04855883,0.5899471,0.8641144,0.01414278
nsw53,0.8214439,0.8774308,0.05519214,1.03775,0.8909292,0.006799003
nsw12,0.8323894,0.8256714,0.05218593,1.079191,0.941047,0.02847048
nsw07,0.9309203,0.8915369,0.1223507,1.185453,0.8793186,0.005520514
nsw18,0.9723447,0.8845848,0.4114859,0.8773713,0.8793648,0.01324289
nsw47,0.8908764,0.7192195,0.05575306,1.176958,0.9216377,0.0142801
nsw27,0.7626783,0.6058172,0.1340781,0.3654245,0.5125359,0.0006579052
nsw53,0.7709425,0.8270773,0.03903039,1.388892,0.8405376,0.006733041
nsw12,0.7229489,0.8051081,0.06615487,0.9302699,0.932124,0.0275905
nsw07,0.7064533,0.8484656,0.1449725,0.5060664,0.9296647,0.005410327
nsw18,0.9604635,0.8668011,0.3844125,0.9066452,0.8954094,0.01336416
nsw47,0.4758761,0.7367617,0.04676028,0.6803679,0.9206619,0.01328483
nsw27,0.5422547,0.568785,0.05683098,0.2722418,0.4928697,-0.0008966998
nsw53,0.8371598,0.8545149,0.02479085,1.080337,0.8786086,0.006868412
nsw07,0.8586136,0.8411346,0.127879,0.9434769,0.8813495,0.004753899
nsw18,0.9603782,0.8641999,0.3709442,0.8330402,0.9010295,0.01229525
nsw27,0.4428707,0.5745318,0.08730776,0.2394749,0.5846403,0.00100574
nsw47,0.9088864,0.687486,0.03237181,0.5544741,0.8953099,0.01398758
nsw12,0.890456,0.8829483,0.06862495,1.167684,0.923578,0.02693647
nsw53,0.6419613,0.8019939,0.04104831,1.163284,0.8931204,0.007292867
nsw07,0.9048279,0.8202777,0.1412234,1.252771,0.8717233,0.00547944
nsw18,0.9736287,0.8771635,0.3682423,0.9042747,0.889809,0.01347323
nsw27,0.4779131,0.6128948,0.1258188,0.4058067,0.5556432,0.0008584536
nsw47,0.9286683,0.7471007,0.04496172,0.800099,0.8990299,0.01409804
nsw12,0.6835973,0.9036737,0.07098536,1.169018,0.9212521,0.02665008
nsw53,0.7753042,0.8728516,0.05076634,1.169409,0.8273365,0.006309696
nsw07,0.8638705,0.8495251,0.1171011,1.126241,0.9247797,0.005422031
nsw18,0.9401367,0.8596973,0.3551654,0.8628711,0.8834014,0.01291011
nsw47,0.8923227,0.775154,0.06114874,1.001655,0.8632784,0.01462662
nsw12,0.8752696,0.8861849,0.05674887,1.179883,0.9164145,0.02689198
nsw53,0.6555927,0.8533364,0.04828377,0.9893432,0.9120856,0.006415823
nsw27,0.4515242,0.5929091,0.1284361,0.327549,0.4684636,-0.0002344396
nsw07,0.857248,0.8233557,0.1317635,0.9532936,0.9003385,0.005431066
nsw18,0.9705884,0.8725961,0.3593141,0.8327732,0.8914908,0.01413569
nsw47,0.815136,0.6649992,0.03448049,0.4108836,0.9178514,0.0141412
nsw12,0.7911796,0.8589435,0.06166792,1.009728,0.9368544,0.02735128
nsw53,0.5723891,0.8271004,0.0513052,0.9882864,0.8871935,0.006427867
nsw27,0.5922053,0.5695377,0.0577125,0.3068172,0.6926146,0.001598444
nsw18,0.9693893,0.8603404,0.3633334,1.011396,0.8731192,0.01277886
nsw07,0.8280803,0.8176485,0.1188785,0.8628883,0.8652046,0.00505462
nsw47,0.8944301,0.8376278,0.05395451,1.221452,0.9048442,0.01432806
nsw53,0.8199707,0.8835081,0.03242076,1.031211,0.8375186,0.006850503
nsw27,0.3391368,0.535451,0.07412333,0.1652762,0.4635373,-0.000831317
nsw12,0.8157773,0.833245,0.06527877,1.194551,0.9232634,0.02659776
nsw47,0.9447156,0.8624982,0.03776749,1.793,0.8815349,0.01399113
nsw18,0.9465564,0.8565885,0.3653384,0.9291851,0.8813844,0.01319216
nsw07,0.8828962,0.8247594,0.1258793,1.170422,0.8662352,0.005469825
nsw27,0.5399906,0.5810437,0.1242586,0.2601076,0.6042113,0.002148109
nsw53,0.8438116,0.8665044,0.02583295,1.454867,0.8284447,0.006868427
nsw12,0.9066267,0.9015058,0.09115051,1.11278,0.9040282,0.02636248
nsw47,0.9138689,0.8158342,0.04855883,1.303858,0.9036607,0.01401035
nsw18,0.9612153,0.8730035,0.3645183,1.009935,0.8734638,0.01345573
nsw07,0.6822942,0.7859642,0.072259,0.4853587,0.9283876,0.005006437
nsw27,0.6173802,0.5952122,0.1310653,0.300834,0.5648011,0.0007679326
nsw53,0.8563855,0.829191,0.03597612,1.25889,0.8817486,0.006510588
nsw47,0.8135408,0.6435242,0.05395451,0.5439085,0.8935056,0.01351348
nsw18,0.9754575,0.875137,0.3653865,0.8638394,0.8966379,0.0125075
nsw07,0.9007809,0.8827143,0.1567429,0.9847119,0.9163418,0.005369735
nsw12,0.7923812,0.8337002,0.08199269,1.159904,0.9231368,0.02694996
nsw53,0.8692999,0.8506362,0.03389544,1.51216,0.8500929,0.006598748
nsw18,0.9612914,0.8712756,0.3749248,0.8354237,0.9045254,0.01355602
nsw47,0.9189327,0.8145883,0.04847164,0.7475736,0.9192348,0.01404221
nsw07,0.8269718,0.8290455,0.1236559,1.047623,0.8517257,0.005047744
nsw12,0.8207842,0.884623,0.07536407,1.058472,0.9278073,0.02772449
nsw53,0.8742736,0.8853134,0.04416127,1.177726,0.82841,0.006825441
nsw47,0.7701764,0.7258278,0.04855883,0.7646778,0.90673,0.01421829
nsw18,0.9306351,0.8552953,0.3683222,0.9057324,0.8561451,0.01332632
nsw07,0.830678,0.8544372,0.142978,0.9500703,0.8936129,0.005268883
nsw12,0.8355317,0.8857143,0.07832664,1.143502,0.922843,0.02680222
nsw53,0.8909275,0.8623465,0.04382059,1.161716,0.8579049,0.006620323
nsw47,0.8580812,0.6789001,0.03237181,0.5680296,0.8824927,0.01403003
nsw18,0.9349179,0.8507024,0.3290833,0.8283604,0.8672862,0.01244835
nsw07,0.8493389,0.8208308,0.1089834,0.9985191,0.9018076,0.005354735
nsw53,0.8624776,0.8808309,0.04423105,1.350344,0.8524586,0.006578431
nsw12,0.7686266,0.8364104,0.08066235,0.9965813,0.9316238,0.02799854
nsw47,0.9139957,0.7281395,0.0413646,0.7050606,0.8724136,0.01401949
nsw18,0.9850848,0.8817681,0.3799015,0.9815795,0.8516278,0.01296575
nsw07,0.8832205,0.8768077,0.163266,0.9504739,0.9287888,0.005297487
nsw53,0.8758716,0.8878166,0.04481939,1.338607,0.8741503,0.006714697
nsw47,0.7971451,0.5951908,0.05755162,0.3158862,0.8884643,0.01386439
nsw12,0.8829324,0.8944611,0.08202034,0.8816852,0.9327295,0.02785069
nsw18,0.975661,0.8740664,0.3692218,0.8372411,0.8680675,0.01276394
nsw07,0.581968,0.7149908,0.1098232,0.4911363,0.9359658,0.005409491
nsw53,0.7248266,0.8858997,0.026184,1.083215,0.8888757,0.007159451
nsw47,0.8990426,0.8501907,0.04855883,2.073922,0.8840963,0.01411508
nsw12,0.7164526,0.9193964,0.07180622,1.214029,0.911021,0.02667263
nsw18,0.9549207,0.8722154,0.3720987,0.9745106,0.8741495,0.01262021
nsw07,0.6911109,0.7973333,0.1009793,0.5669652,0.938505,0.005519084
nsw53,0.8984692,0.8922972,0.04854103,1.355472,0.8246443,0.006938718
nsw47,0.8562425,0.805726,0.05395451,1.161077,0.8816034,0.01430503
nsw18,0.9423917,0.8447844,0.3430171,1.073945,0.8191152,0.0123041
nsw07,0.8073594,0.8425776,0.1420522,0.7898735,0.9364968,0.005175647
nsw27,0.3942708,0.5424984,0.02794052,0.1988724,0.623036,0.001680509
nsw12,0.654173,0.8063649,0.05789257,0.9307997,0.9427402,0.02623853
nsw53,0.8722865,0.8636941,0.03553258,1.240986,0.9065665,0.007477646
nsw47,0.2714608,0.5677126,0.03222504,0.2322861,0.9095867,0.01495172
nsw18,0.8916192,0.8469987,0.3534612,0.9638073,0.8659972,0.01368191
nsw27,0.6605667,0.6328806,0.1789526,0.408762,0.6841203,0.002477596
nsw07,0.9067502,0.9039993,0.1697394,0.9200758,0.913531,0.005276552
nsw12,0.7625533,0.8830214,0.06196969,0.9844228,0.9255474,0.02780103
nsw53,0.735031,0.7990523,0.04268145,1.03231,0.8500212,0.00695215
nsw47,0.8730913,0.639472,0.04676028,0.4562991,0.8885712,0.01430303
nsw18,0.9706696,0.8763266,0.360968,1.02094,0.8451667,0.01300424
nsw27,0.3589814,0.5340941,0.03104663,0.294533,NaN,-0.0008581438
nsw07,0.9072302,0.9078335,0.1431509,0.9729578,0.8901833,0.005493115
nsw13,0.9619433,0.884134,0.04805219,1.244763,0.8977541,0.02458814
nsw53,0.8805639,0.8617886,0.03726425,1.538742,0.8378811,0.006447847
nsw47,0.9149369,0.7371965,0.06114874,1.060699,0.8858821,0.01424067
nsw27,0.6737336,0.5815532,0.1020675,0.4337053,0.4658878,-0.0007497524
nsw18,0.9825462,0.8693845,0.3582163,1.076559,0.8356472,0.0115511
nsw07,0.6469629,0.8046146,0.09242229,0.5442872,0.9011253,0.005494733
nsw13,0.9393393,0.8360058,0.03712032,1.078712,0.8783118,0.02494335
nsw53,0.6507983,0.9077218,0.02927296,1.436785,0.8722831,0.006317113
nsw47,0.931378,0.7158076,0.04667632,0.5840855,0.8846365,0.01401918
nsw27,0.4687002,0.5628426,0.08044942,0.2832207,0.4171195,-0.0005868399
nsw18,0.9871645,0.8763763,0.3522374,1.138686,0.8320297,0.01199785
nsw07,0.6906296,0.7519914,0.07829088,0.514247,0.9040317,0.005386368
nsw53,0.9017583,0.8674822,0.04607262,1.089555,0.8490742,0.00744689
nsw47,0.8602329,0.7730402,0.05405173,0.5585246,0.8922804,0.01412433
nsw13,0.9338855,0.8026176,0.05395364,1.084183,0.8935661,0.02577312
nsw27,0.372416,0.5048335,-0.003421557,0.2083182,0.4509787,-0.0001120405
nsw18,0.9750744,0.8884153,0.4149087,0.9637083,0.876011,0.01348928
nsw07,0.9209139,0.8994882,0.1465102,0.992971,0.9224226,0.005413525
nsw47,0.9330319,0.8326935,0.05215595,0.9477015,0.8818717,0.01387061
nsw53,0.7370864,0.895664,0.03647123,1.604741,0.8260012,0.006379595
nsw27,0.5362563,0.5874781,0.1199867,0.3903535,0.5827634,0.0001837472
nsw18,0.970239,0.8777107,0.3998981,0.9467996,0.8870887,0.01320196
nsw13,0.9231205,0.8448909,0.068424,0.8872098,0.9143802,0.02704812
nsw07,0.6274223,0.717217,0.05718035,0.4885336,0.9168255,0.005540203
nsw47,0.9253273,0.7705142,0.04121632,0.6903844,0.889471,0.0140862
nsw53,0.8332563,0.9090676,0.055075,0.8855224,0.9092859,0.007337662
nsw27,0.7189955,0.6265649,0.1453756,0.4146007,0.4974729,0.00165705
nsw18,0.9474595,0.8634071,0.3556416,0.956334,0.8698166,0.01282782
nsw13,0.9243027,0.9046914,0.07012753,0.8359606,0.9172796,0.02667739
nsw07,0.9182539,0.8733077,0.1654371,0.8918613,0.9050901,0.005326122
nsw47,0.8257294,0.7657375,0.04496172,0.6751089,0.8702678,0.0139466
nsw27,0.3854966,0.5130706,0.04531865,0.1035727,0.4249132,-0.0005939526
nsw53,0.4127961,0.8899291,0.03041977,1.115361,0.8700505,0.007199108
nsw18,0.9047273,0.8437139,0.3257836,0.9807484,0.866214,0.0113978
nsw07,0.8374706,0.825834,0.1556781,0.746992,0.9120588,0.005667486
nsw13,0.9302299,0.8542659,0.07192763,0.9021675,0.9096387,0.0261998
nsw47,0.8685359,0.8274417,0.05035739,1.130474,0.8803852,0.01383266
nsw27,0.5293636,0.5792277,0.09694555,0.218114,0.5698308,0.001722474
nsw53,0.6540762,0.8367627,0.05624717,1.086484,0.872516,0.006324047
nsw18,0.971721,0.8683968,0.3485608,0.8706597,0.8868876,0.01317534
nsw07,0.8774316,0.8511925,0.1401203,0.9908901,0.9144816,0.005891637
nsw13,0.9522768,0.8906158,0.048778,1.00652,0.9057716,0.02647418
nsw48,0.8693806,0.8596733,0.1337749,1.024378,0.8847218,0.01357308
nsw27,0.5837133,0.6049859,0.1256864,0.5242985,0.5624456,0.000391348
nsw53,0.6759776,0.8370173,0.03703418,1.471674,0.8470182,0.006511799
nsw18,0.8977876,0.856428,0.3620344,0.8720515,0.8839763,0.01307538
nsw07,0.8766573,0.8294414,0.148494,0.9923811,0.9219041,0.005297677
nsw48,0.8845632,0.9023794,0.1503475,0.9108808,0.8801673,0.01509456
nsw27,0.3612913,0.5778174,0.1082157,0.1516244,0.6662269,0.001380178
nsw13,0.9002227,0.8299299,0.04556101,0.8687499,0.9202981,0.0263829
nsw18,0.9440497,0.8545481,0.3702996,0.7826162,0.8925247,0.01389211
nsw07,0.8870824,0.8844115,0.1178164,0.9450906,0.8769009,0.005594362
nsw27,0.3891253,0.5111123,0.08546194,0.139942,0.5162391,-3.34134e-05
nsw48,0.9196173,0.8995517,0.1606038,1.096408,0.881182,0.01427263
nsw13,0.9556554,0.8816845,0.05034052,1.166207,0.8903522,0.02476672
nsw18,0.8653276,0.8407973,0.3485511,0.8230339,0.8475652,0.01088768
nsw07,0.9411602,0.8919173,0.1321619,1.022591,0.9381668,0.005183618
nsw27,0.5564646,0.6094489,0.1302434,0.3401276,NaN,0.001545521
nsw48,0.891229,0.8842983,0.1637476,1.086862,0.8504309,0.01490067
nsw53,0.8274184,0.8787536,0.04166836,1.12822,0.8345467,0.006116969
nsw13,0.9376641,0.8870708,0.05047823,0.9004631,0.9104744,0.02698411
nsw18,0.9412141,0.8581068,0.3565976,0.7838373,0.8977441,0.01410437
nsw07,0.8750498,0.8613077,0.1287786,0.9063041,0.9076952,0.005082499
nsw27,0.5943633,0.6038786,0.1219186,0.3295662,0.5310365,0.001009149
nsw48,0.88803,0.8971919,0.1469432,1.091098,0.8940602,0.01477776
nsw53,0.8259952,0.8577009,0.03571816,1.357387,0.8714721,0.006750792
nsw18,0.9118225,0.8467126,0.3579973,0.6985716,0.9141442,0.01395385
nsw13,0.9420759,0.826662,0.09090637,1.004595,0.8807296,0.02391345
nsw07,0.9120038,0.8902003,0.110757,1.261493,0.8441183,0.004681078
nsw27,0.550123,0.5812992,0.09915903,0.2689797,0.5735983,0.00100189
nsw48,0.9221153,0.9091527,0.1486012,1.000447,0.8537037,0.01399948
nsw53,0.7163857,0.8446528,0.04260392,1.129321,0.8526875,0.007039928
nsw18,0.968789,0.8726773,0.3934876,1.188927,0.8225117,0.01197681
nsw27,0.6823166,0.6429752,0.2004469,0.3302159,0.6746574,0.002136938
nsw07,0.8629193,0.8251415,0.1215385,1.055056,0.8967834,0.005503759
nsw13,0.9788471,0.9131448,0.07159644,1.101594,0.9105035,0.0269227
nsw53,0.8680545,0.8141399,0.04274517,1.115655,0.8450406,0.007142398
nsw48,0.9258636,0.8882196,0.1322562,1.195128,0.8648106,0.01423192
nsw19,0.8775424,0.9775812,0.01132938,1.845352,0.9230722,0.008444562
nsw27,0.6651256,0.6038588,0.1103145,0.3757739,0.5871768,0.001147762
nsw07,0.9090047,0.8824713,0.178945,0.8586164,0.9358186,0.005619174
nsw53,0.7197655,0.8654858,0.03017333,1.091261,0.8655703,0.006789578
nsw48,0.9593327,0.9030905,0.1305089,1.019579,0.8999928,0.01552661
nsw13,0.9282187,0.8756259,0.06175512,0.8826862,0.8988987,0.02611446
nsw19,0.9398427,0.9715117,0.01392838,1.37195,0.9208545,0.008485518
nsw27,0.4422422,0.5736726,0.08385254,0.2386178,0.558345,0.0001722843
nsw07,0.889756,0.8491005,0.1408029,0.8119331,0.9233842,0.005527241
nsw48,0.9153686,0.9031654,0.1737612,1.011139,0.8747716,0.01467978
nsw13,0.9088205,0.8847962,0.04909329,0.8599789,0.9058518,0.02738312
nsw53,0.4296248,0.9107927,0.03343678,0.9612824,0.892016,0.006157914
nsw19,0.7678303,0.9740357,0.01278071,1.155879,0.9241754,0.009105612
nsw07,0.6776424,0.8128592,0.1379082,0.4553242,0.9464563,0.005212679
nsw48,0.9120263,0.9125038,0.1498379,1.082094,0.8437072,0.0143556
nsw53,0.9096244,0.9306996,0.03911318,0.9388677,0.8543441,0.007089712
nsw13,0.8692806,0.8793622,0.05555302,0.8780091,0.9098072,0.02621072
nsw19,0.8643387,0.9448115,0.01039491,1.0746,0.9388697,0.008950567
nsw07,0.9254853,0.8860156,0.1384434,1.00157,0.9030637,0.005570339
nsw48,0.9428343,0.9232154,0.1559229,1.15491,0.8745116,0.01475276
nsw53,0.8195076,0.8818149,0.04314042,1.186425,0.847498,0.006446885
nsw13,0.9101511,0.8430481,0.05262902,1.001226,0.9035704,0.02595804
nsw19,0.7681308,0.9685033,0.005637034,1.884986,0.89681,0.008037927
nsw07,0.6722915,0.7695562,0.08591684,0.5622558,0.897557,0.005139433
nsw48,0.9771967,0.9289967,0.1398954,0.9954846,0.8818691,0.01407148
nsw53,0.8701264,0.8745377,0.04413709,1.327546,0.8647991,0.0065868
nsw19,0.9316825,0.9823729,0.009308896,1.172668,0.9092899,0.008958246
nsw13,0.898291,0.8323781,0.05557576,0.8951402,0.9154176,0.02631464
nsw07,0.8698284,0.8406772,0.1666666,0.7980412,0.9412363,0.005110644
nsw48,0.7605534,0.8732841,0.1031084,0.9217965,0.8897566,0.01418648
nsw53,0.6968364,0.9237036,0.03945077,1.533052,0.8777396,0.006934269
nsw19,0.9098412,0.971877,0.01383552,0.9742208,0.9403048,0.00879569
nsw07,0.9054118,0.8921228,0.1008707,1.291237,0.8862954,0.005476189
nsw13,0.9511923,0.8872933,0.06913332,1.07555,0.8991344,0.02683148
nsw48,0.7850736,0.865226,0.1227111,0.9160538,0.8993113,0.01460262
nsw53,0.809182,0.8520918,0.03776315,0.8973637,0.9388505,0.007443468
nsw19,0.9054913,0.9861514,0.007660807,1.075629,0.9223879,0.008673784
nsw07,0.61689,0.7556604,0.05031077,0.4987985,0.8617199,0.005128596
nsw48,0.7456891,0.8801401,0.1241641,1.023371,0.8817225,0.01543225
nsw13,0.9454053,0.8945347,0.05868281,1.023202,0.8938006,0.02603617
nsw53,0.8260012,0.8893033,0.05718414,1.133244,0.8878359,0.006695329
nsw19,0.9280755,0.9895613,0.01023999,1.40193,0.9251481,0.00827556
nsw07,0.8254602,0.7986562,0.116507,0.9345524,0.9047188,0.005419299
nsw48,0.7192189,0.8829774,0.1299219,0.9183659,0.9158534,0.01294965
nsw13,0.9370144,0.8722467,0.04964279,0.9491218,0.9152066,0.02502477
nsw53,0.7506425,0.9000155,0.05115993,1.10903,0.8778734,0.006440546
nsw19,0.8376909,0.9495646,0.007488562,1.22612,0.932405,0.009114328
nsw48,0.8462175,0.9030036,0.1499142,0.9993146,0.8932761,0.01501891
nsw08,0.8162547,0.955653,0.05013713,1.043172,0.9509618,0.02349745
nsw53,0.9133103,0.8910093,0.04843468,1.137087,0.8584999,0.007077766
nsw13,0.9518789,0.9060905,0.05035716,1.007901,0.9035584,0.02618063
nsw19,0.9323602,0.9905056,0.007412175,1.495622,0.9165143,0.008224085
nsw48,0.9089333,0.8827309,0.1412301,1.079477,0.8528839,0.01388303
nsw08,0.948411,0.9236517,0.04944838,1.068858,0.9279781,0.02251081
nsw53,0.7236757,0.812314,0.03957089,1.464506,0.858219,0.006350107
nsw13,0.9273461,0.8457341,0.06106209,0.909153,0.9046958,0.0262475
nsw19,0.9438159,0.9910729,0.0116939,1.450384,0.9350328,0.008635964
nsw48,0.898341,0.9024791,0.154299,0.9811835,0.8897272,0.01432987
nsw53,0.7355376,0.8876793,0.05315357,1.102282,0.8884461,0.0068975
nsw08,0.9373164,0.910361,0.06060387,1.167866,0.926848,0.02199247
nsw13,0.8882284,0.8363713,0.05959284,0.9120582,0.9109392,0.02623046
nsw27,0.606611,0.5797453,0.08280821,0.2083175,0.7120818,0.003296505
nsw19,0.8995407,0.9780655,0.01040475,1.262341,0.9442027,0.008842889
nsw48,0.9530672,0.9085984,0.1254521,0.898985,0.8941237,0.0141148
nsw53,0.8291729,0.9058673,0.04361088,1.393286,NaN,0.00714218
nsw08,0.8849704,0.950789,0.03910403,1.06075,0.9346746,0.0228595
nsw27,0.5150729,0.586074,0.1084011,0.4474074,0.4881241,-0.000335074
nsw13,0.9174663,0.8727749,0.03818135,0.9394307,0.9003468,0.02525984
nsw48,0.8842255,0.8840621,0.1440526,1.089763,0.862769,0.01377784
nsw19,0.8557455,0.9263741,0.008480501,1.145601,0.9216341,0.00878216
nsw54,0.863436,0.7776666,0.01767967,0.8640812,0.8118092,0.01835818
nsw27,0.4610578,0.5441935,0.08193233,0.1558774,0.6067654,0.001307357
nsw08,0.96996,0.9388369,0.06093965,1.013692,0.9364542,0.02306664
nsw48,0.9695136,0.9172454,0.1335783,1.034062,0.8785743,0.0140959
nsw19,0.7909841,0.9114054,0.007371162,0.9778562,0.9297276,0.00804027
nsw13,0.7487518,0.8719985,0.05411502,1.052578,0.9087272,0.02516142
nsw27,0.6032227,0.5552773,0.09445139,0.1903926,0.6069141,0.002648426
nsw54,0.8745755,0.8524932,0.02499789,0.9502034,0.8305297,0.01925585
nsw48,0.8965732,0.9064552,0.1744949,0.9975776,0.8872072,0.01509841
nsw19,0.8547211,0.9716108,0.01214744,1.142786,0.9452841,0.008741742
nsw08,0.9677039,0.9349707,0.05509424,1.00936,0.9435845,0.0229863
nsw13,0.9339768,0.8264106,0.06157388,0.7474987,0.9096082,0.02741679
nsw54,0.926025,0.8406649,0.02533904,1.052637,0.8191381,0.01840338
nsw48,0.9306698,0.9194253,0.1373369,1.018265,0.8694017,0.01443446
nsw19,0.807039,0.9693446,0.01033627,1.322041,0.9407705,0.008376563
nsw08,0.8397574,0.9384765,0.0417806,1.019614,0.9360841,0.0229
nsw13,0.9374816,0.8508278,0.07495004,0.8582714,0.915689,0.02607767
nsw54,0.8599685,0.8553843,0.02156656,0.831782,0.8131976,0.01920982
nsw48,0.6788914,0.8837659,0.1044794,0.8069623,0.9350278,0.01577202
nsw19,0.9296988,0.9882453,0.01150324,1.717772,0.9160869,0.008842634
nsw13,0.7111183,0.839177,0.04357527,1.146486,0.9083225,0.0257579
nsw08,0.9621893,0.9221257,0.06043737,0.9271674,0.9497166,0.02290178
nsw48,0.8502537,0.8815507,0.1484491,0.9423696,0.891142,0.01449884
nsw54,0.906317,0.8591867,0.02357357,1.064567,0.8035327,0.01773307
nsw19,0.8747785,0.9711945,0.01043438,0.8478483,0.9426411,0.009861915
nsw13,0.7269255,0.855826,0.05594139,1.064977,0.9138311,0.0254996
nsw08,0.9720444,0.9404412,0.06145035,0.9936088,0.9514873,0.0229021
nsw48,0.828089,0.8821819,0.1458668,0.9397169,0.8700645,0.01399845
nsw54,0.9092168,0.847932,0.02533904,0.9984344,0.8227362,0.01677838
nsw19,0.8931453,0.9771969,0.008917758,1.114519,0.9410564,0.008809659
nsw13,0.8920313,0.8508798,0.04962536,0.9541953,0.9139769,0.02626067
nsw08,0.9531406,0.9314034,0.05833117,1.062193,0.9383049,0.02366515
nsw48,0.9228592,0.9101286,0.1970931,1.032285,0.8672278,0.01439318
nsw19,0.9011701,0.9865294,0.00682062,2.06339,0.9171174,0.008957764
nsw54,0.7699943,0.7513069,0.00787682,0.4981715,0.8127077,0.01856949
nsw48,0.9636308,0.90853,0.1444843,0.8701571,0.9062095,0.01469955
nsw13,0.8973185,0.8335799,0.06467416,0.7982938,0.932355,0.02729227
nsw08,0.9669103,0.9407146,0.07162314,1.181743,0.9114781,0.02213814
nsw19,0.9084943,0.9693006,0.01093243,1.901138,0.9057577,0.008580924
nsw54,0.889187,0.8487051,0.02538854,1.012657,0.7969365,0.01845876
nsw48,0.8564689,0.9065757,0.1415357,0.9705076,0.8915148,0.01326412
nsw13,0.950879,0.8567932,0.04827315,1.057103,0.8993043,0.02459552
nsw08,0.9471265,0.9242894,0.0449417,1.020327,0.9459845,0.02284873
nsw19,0.9327921,0.9850363,0.009631891,1.26427,0.931695,0.008669811
nsw27,0.3833947,0.5504274,0.0430904,0.1840629,0.4831735,0.0003274237
nsw54,0.9271327,0.8616314,0.02889962,1.14702,0.8102048,0.0178364
nsw48,0.8697506,0.8994124,0.1244704,0.8749305,0.8823802,0.01523768
nsw13,0.8912034,0.9085418,0.07291433,0.8507999,0.9197156,0.02693398
nsw27,0.7705267,0.6013706,0.1589052,0.408238,0.5694761,0.001191151
nsw19,0.9612753,0.9941404,0.009576512,1.287482,0.9265779,0.008831815
nsw08,0.9394832,0.9291581,0.06811767,1.052764,0.9335242,0.02261614
nsw54,0.8792757,0.833668,0.01960494,0.865407,0.8340307,0.01791449
nsw48,0.947969,0.9032351,0.1504765,0.9540893,0.8911477,0.01479825
nsw27,0.6381409,0.5928597,0.1566997,0.2068324,0.6101382,0.0013225
nsw13,0.8024281,0.9351906,0.04534871,1.117414,0.891912,0.02512413
nsw19,0.9486443,0.9837325,0.007742427,1.242421,0.9254199,0.00912377
nsw54,0.9024426,0.8655056,0.0212745,0.8575334,0.8486085,0.01912256
nsw08,0.825001,0.8971014,0.03323887,1.057059,0.9278558,0.02178504
nsw48,0.7699718,0.8897606,0.1293682,0.9466335,0.8510757,0.01429113
nsw27,0.5128282,0.5608082,0.05985615,0.2488912,0.5928547,0.001140475
nsw19,0.8281308,0.9652925,0.009801726,1.280404,0.9073244,0.008083746
nsw13,0.8358742,0.8943515,0.04408086,0.8940179,0.8995743,0.02607861
nsw54,0.8231893,0.8067199,0.01138308,0.8703527,0.8290011,0.01893161
nsw48,0.8010284,0.8741393,0.1107611,0.8484818,0.9091553,0.01485675
nsw08,0.9580816,0.9568467,0.05248402,1.145858,0.9314952,0.02177763
nsw27,0.6477955,0.6035275,0.1378429,0.3930199,0.5244368,0.0003513232
nsw19,0.9582143,0.9886709,0.006601716,1.793723,0.9193393,0.008446496
nsw13,0.9382456,0.8700147,0.04650897,0.9521023,0.8999815,0.02471863
nsw54,0.7848936,0.826125,0.01580824,0.7299063,0.8377875,0.01940091
nsw48,0.8967983,0.8883647,0.1830005,0.965564,0.8709352,0.01465322
nsw28,0.8289153,0.8152088,0.4494938,0.7956328,0.8593213,0.009724328
nsw08,0.9613792,0.914827,0.07162314,0.9689025,0.9351066,0.02227609
nsw19,0.8911722,0.9727361,0.01084615,1.377472,0.9380694,0.009074331
nsw13,0.9565682,0.881002,0.06730453,0.9229386,0.9102517,0.02660301
nsw54,0.6752485,0.6940822,0.01186725,0.4840292,0.845921,0.02004984
nsw48,0.9101684,0.9169831,0.2004279,0.9586832,0.8616971,0.01368497
nsw28,0.8776183,0.7988544,0.4369312,0.8950211,0.8522394,0.008563117
nsw08,0.8993492,0.9309139,0.05833117,1.011168,0.9385464,0.0230424
nsw19,0.9186432,0.9796807,0.007966174,1.614821,0.9186927,0.008470981
nsw48,0.9019451,0.8977098,0.1278232,1.047926,0.8696006,0.01466337
nsw54,0.8861094,0.8012907,0.03501735,0.816311,0.7938594,0.01870454
nsw13,0.709583,0.8524685,0.05515332,0.9175665,0.9232914,0.02602383
nsw28,0.8688478,0.7936112,0.4232431,0.8919443,0.8288982,0.009033441
nsw08,0.8559145,0.9190221,0.04944838,1.097807,0.9265691,0.02304264
nsw19,0.9054897,0.9379243,0.01204609,0.9053517,0.9236671,0.008458165
nsw48,0.9023297,0.8946554,0.1541289,0.985872,0.8918407,0.01463406
nsw28,0.8306271,0.8025769,0.4284161,0.7609874,0.8565971,0.008539864
nsw54,0.8982715,0.8224565,0.02352734,0.9125296,0.8282923,0.0189304
nsw13,0.9469851,0.8784137,0.06855529,1.185437,0.8910641,0.02444141
nsw19,0.9492444,0.9247455,0.01175119,1.033944,0.9198356,0.008007142
nsw08,0.9601117,0.9324077,0.06924988,1.174664,0.9247733,0.021847
nsw48,0.9421391,0.8993147,0.1242067,0.8655033,0.8979043,0.01536243
nsw28,0.9116903,0.8249537,0.4662586,0.8776061,0.7965858,0.008117659
nsw13,0.9068957,0.8487586,0.05135647,1.150755,0.8996553,0.02512721
nsw54,0.8549192,0.7907228,0.0214193,0.7836379,0.828723,0.01964597
nsw19,0.9464325,0.9451242,0.01206846,1.029076,0.9303682,0.008648403
nsw48,0.8759297,0.9145357,0.1804956,1.08698,0.8536515,0.01455279
nsw08,0.7769791,0.9132653,0.04506831,1.006111,0.9290732,0.02245456
nsw28,0.8628638,0.7979664,0.398099,0.71874,0.8727703,0.00998395
nsw54,0.8675566,0.8313104,0.02563896,0.8938606,0.8325088,0.01666785
nsw13,0.9283583,0.8464688,0.07474538,0.8564947,0.9060426,0.02586142
nsw19,0.8985835,0.9626048,0.01294886,0.9048279,0.9396931,0.00875077
nsw48,0.9245989,0.8982661,0.1612163,0.945303,0.8784075,0.01534597
nsw08,0.9398586,0.920395,0.04788521,0.9657774,0.9474118,0.02265898
nsw28,0.7939701,0.7986305,0.4403998,0.6619312,0.9034953,0.0108275
nsw54,0.9558112,0.8672167,0.03294362,1.106766,0.7663147,0.01680902
nsw13,0.8841488,0.8813783,0.05127971,0.9267478,0.8978838,0.02541618
nsw19,0.644007,0.9788341,0.007653473,1.76562,0.9235589,0.008317532
nsw48,0.8686432,0.8948639,0.134685,1.004857,0.8971275,0.01480651
nsw28,0.837514,0.7843118,0.4085396,0.7228141,0.840327,0.009236015
nsw08,0.9585903,0.9406204,0.06944226,1.136555,0.9362274,0.02222729
nsw54,0.9373964,0.8798361,0.03696287,0.9752514,0.8545723,0.01767504
nsw19,0.856597,0.9721684,0.01116069,0.9598007,0.9251608,0.008647015
nsw13,0.8361732,0.9070015,0.06112219,0.8555138,0.9116503,0.02747728
nsw48,0.9626323,0.9130273,0.1505768,0.8241097,0.9184212,0.01485864
nsw28,0.8649988,0.8104847,0.4523187,0.8946904,0.8869726,0.009793479
nsw08,0.9177809,0.9389037,0.0607713,1.036053,0.9293374,0.02223332
nsw54,0.8696023,0.8327477,0.02343542,0.8502817,0.8428922,0.01961905
nsw19,0.9204231,0.988284,0.01045422,1.817928,0.9205659,0.009002889
nsw48,0.8735917,0.9088334,0.1374424,1.036214,0.8829705,0.01426126
nsw13,0.7169628,0.8054813,0.0479293,0.9873267,0.9053012,0.02680345
nsw28,0.829288,0.7827303,0.4004966,0.7797546,0.8223825,0.00950753
nsw08,0.9674252,0.9490261,0.07458343,1.029588,0.9341375,0.02194455
nsw19,0.8490153,0.9804533,0.01291301,0.988457,0.9352383,0.008786169
nsw48,0.9314341,0.9139043,0.1780534,0.97443,0.8879779,0.01436211
nsw54,0.8478064,0.8264794,0.0213987,0.8805235,0.8393327,0.01843946
nsw13,0.9167184,0.8538132,0.05541915,1.00287,0.9194804,0.02569722
nsw28,0.8208813,0.773218,0.399299,0.7610523,0.8393805,0.009920523
nsw48,0.8105411,0.890423,0.1387972,1.070673,0.8649303,0.01332927
nsw19,0.9193482,0.9786906,0.01682033,0.9587131,0.950058,0.009128616
nsw08,0.9123038,0.9186111,0.03590947,1.07393,0.9375155,0.02243711
nsw54,0.8111049,0.8063126,0.01937776,0.8830023,0.8105641,0.01792003
nsw28,0.8677729,0.7852052,0.3931061,0.6389963,0.8766094,0.01040267
nsw13,0.9033513,0.83091,0.07654817,0.8927584,0.899058,0.02737335
nsw48,0.9266727,0.9000588,0.1230447,1.073824,0.8739067,0.01420198
nsw19,0.9521676,0.9801537,0.01202379,1.053451,0.9461394,0.009169105
nsw08,0.7766924,0.934593,0.03877903,0.968441,0.948825,0.02276635
nsw54,0.8922711,0.7856204,0.0175505,0.8489251,0.8152299,0.01915304
nsw28,0.8878105,0.8282749,0.4680745,0.9405064,0.7494941,0.005644172
nsw13,0.794625,0.8959581,0.07870098,1.08432,0.8799094,0.0250822
nsw48,0.9661909,0.9214148,0.1348896,0.9737247,0.8894058,0.0144079
nsw19,0.926001,0.9625617,0.01076122,1.585607,0.9035952,0.008169503
nsw54,0.8852298,0.8228836,0.02548812,0.8836737,0.8423906,0.01784131
nsw28,0.9391802,0.8185614,0.4584517,0.9961028,0.8155961,0.008944271
nsw08,0.8148285,0.9254046,0.02980813,1.110691,0.9342597,0.02216237
nsw13,0.8618218,0.9124605,0.04491467,0.9180633,0.9001955,0.02602174
nsw48,0.9377304,0.8937109,0.1302682,1.269828,0.84842,0.01318996
nsw19,0.8062395,0.9305152,0.007864296,1.327202,0.9398924,0.008856871
nsw28,0.9672147,0.8056809,0.4230048,0.7582731,0.884234,0.0114451
nsw54,0.5855904,0.9100698,0.009725567,0.835761,0.8274084,0.01886471
nsw08,0.9136807,0.9088879,0.04735162,1.052754,0.9374857,0.02315815
nsw13,0.9251165,0.8422672,0.07159081,1.018964,0.8932657,0.02521209
nsw48,0.9378106,0.9070668,0.1578925,0.9538082,0.8993368,0.0147944
nsw19,0.8615903,0.9653483,0.007624273,1.468417,0.9273941,0.008159871
nsw28,0.8755856,0.8112537,0.4257726,0.9390711,0.7959582,0.007941117
nsw54,0.915556,0.8577195,0.03275317,0.9821277,0.7886814,0.01660351
nsw08,0.9315914,0.939425,0.06318461,1.1217,0.9149629,0.0221793
nsw49,0.9192751,0.7407649,0.1943353,0.9092878,0.7913634,0.01667175
nsw13,0.926211,0.8546143,0.0813371,0.9767486,0.9215441,0.02615125
nsw19,0.935022,0.9749824,0.01023999,1.295403,0.9308881,0.008035444
nsw28,0.9026533,0.8051171,0.4017435,1.062254,0.7729828,0.007433221
nsw54,0.8524178,0.8376154,0.01754179,0.9494913,0.8371507,0.01824528
nsw08,0.9587759,0.9221976,0.06666448,1.047991,0.9306046,0.0231928
nsw49,0.9113302,0.7285856,0.1939615,0.7898233,0.7815433,0.01738217
nsw14,0.9643836,0.8889593,0.3919825,1.293644,0.9066751,0.05875412
nsw28,0.9217826,0.7906928,0.4247057,1.027939,0.8340555,0.008618526
nsw19,0.912638,0.902308,0.01074019,0.9540031,0.8767341,0.007720206
nsw54,0.84519,0.836236,0.02182335,0.9219302,0.8229609,0.01835483
nsw49,0.8800118,0.7290191,0.1983462,0.7731634,0.7956151,0.01664303
nsw08,0.948333,0.944869,0.04722008,1.016496,0.9270353,0.02253809
nsw28,0.8823681,0.7940972,0.4208992,0.900772,0.8427179,0.008195626
nsw19,0.8919332,0.9673082,0.01446438,0.9778008,0.943905,0.008626838
nsw14,0.9224998,0.8863552,0.3745157,1.17288,0.9060173,0.0623523
nsw54,0.8220499,0.8896419,0.02395006,0.7217667,0.8758086,0.01965618
nsw49,0.9016,0.7350714,0.2011354,0.8192019,0.8026819,0.01707281
nsw19,0.9461383,0.9938074,0.01271816,1.425395,0.9297087,0.009117683
nsw08,0.9023881,0.9242011,0.05865706,1.067971,0.9189755,0.02263045
nsw28,0.8875649,0.817704,0.4659385,0.8147961,0.8662998,0.01079843
nsw14,0.9481,0.8756705,0.4061172,1.313669,0.9092425,0.06142611
nsw49,0.9676126,0.7493393,0.2002544,1.127601,0.7732105,0.01686954
nsw54,0.8914703,0.8518036,0.01915498,0.9162715,0.8331707,0.01965117
nsw28,0.8106921,0.7685741,0.406835,0.7332095,0.8677485,0.009540827
nsw19,0.8606761,0.9655437,0.01138314,1.974199,0.9104837,0.00822375
nsw08,0.9504969,0.9110552,0.05769012,0.9923702,0.9314651,0.02208186
nsw14,0.9603669,0.8934911,0.4206068,1.255818,0.9075093,0.06049788
nsw49,0.8788499,0.7313668,0.1771628,0.8571275,0.7750139,0.01723856
nsw54,0.8920671,0.8252371,0.02702492,0.8355572,0.8166498,0.01896283
nsw28,0.9313338,0.8079774,0.4460118,0.8337657,0.8684669,0.009916032
nsw19,0.9354703,0.9841424,0.01443493,1.79229,0.9145395,0.008131613
nsw08,0.9596055,0.9458198,0.0696357,0.9614762,0.9424181,0.0228398
nsw14,0.9465111,0.8805989,0.4036555,1.107946,0.9139328,0.06365237
nsw49,0.90607,0.7360284,0.2211942,0.7179206,0.7952554,0.01826138
nsw54,0.9300913,0.8736761,0.02509442,0.8805404,0.80079,0.01849669
nsw28,0.7944041,0.7824534,0.4113598,0.8392176,0.8417756,0.00940699
nsw19,0.9113925,0.9354336,0.01326808,1.121285,0.912159,0.008446058
nsw49,0.7956626,0.716555,0.1753367,0.7773909,0.7571635,0.01651216
nsw14,0.9489518,0.8742843,0.3981398,1.259785,0.9086756,0.05885547
nsw08,0.8057299,0.9372149,0.04132016,1.114514,0.9405238,0.02256932
nsw28,0.9096942,0.8037487,0.4432533,0.9617359,0.8153575,0.009362777
nsw54,0.8556504,0.7840681,0.01968298,0.7989842,0.8546979,0.01986166
nsw19,0.8498441,0.9548097,0.01085686,0.7594782,0.9417738,0.00950093
nsw49,0.8558205,0.7220586,0.1464685,0.792571,0.7953149,0.01769241
nsw14,0.9215884,0.878125,0.3682852,1.208951,0.9090113,0.05898552
nsw28,0.8813935,0.8017506,0.4185546,0.8259325,0.8371475,0.009568432
nsw08,0.94953,0.9302307,0.05084534,0.9793404,0.9507095,0.02264259
nsw54,0.9035033,0.8633097,0.03898424,0.7895703,0.8273667,0.0189675
nsw21,0.9366749,0.9325704,0.0594967,1.150871,0.9457951,0.006860983
nsw14,0.9666539,0.8935839,0.4032862,1.377006,0.9017991,0.05822617
nsw28,0.8515597,0.8089476,0.4333608,0.8701195,0.8492288,0.00936972
nsw08,0.9526334,0.9358523,0.04708926,1.04762,0.9368754,0.02217652
nsw54,0.8742613,0.8735086,0.03320103,0.7675826,0.8269239,0.01888427
nsw21,0.836083,0.9047993,0.04784025,0.852098,0.9581541,0.007054219
nsw28,0.8421197,0.8059923,0.4459667,0.9353408,0.8482016,0.008848548
nsw14,0.9668695,0.8824438,0.3802956,1.320769,0.8957901,0.05627486
nsw54,0.8553518,0.8156287,0.02173708,0.7591277,0.8185203,0.01863279
nsw21,0.9255818,0.9366791,0.05916952,0.799393,0.9684262,0.006493113
nsw08,0.9579929,0.9298201,0.06424364,0.9884723,0.9464038,0.02295896
nsw28,0.7814035,0.7702996,0.385146,0.8271566,0.8782151,0.008530616
nsw14,0.9215574,0.8489593,0.3491886,1.213027,0.9129731,0.0604914
nsw21,0.8980497,0.9388155,0.0620247,0.9256245,0.9386655,0.006554378
nsw54,0.8332656,0.8924957,0.02160894,1.043514,0.8248351,0.01859101
nsw08,0.9357776,0.9064576,0.03899509,0.9407586,0.9331239,0.02222896
nsw28,0.8615855,0.822139,0.4416731,0.7083391,0.8765224,0.01072247
nsw14,0.9475879,0.883085,0.4028965,1.386118,0.9034345,0.06211251
nsw21,0.7482956,0.8803863,0.05338205,0.6107879,0.9749763,0.0071456
nsw54,0.7178657,0.8295591,0.01979994,0.904286,0.8272531,0.01989105
nsw08,0.8956859,0.9470508,0.07648509,1.044693,0.9234901,0.02264828
nsw28,0.8796659,0.8146551,0.4675916,0.912597,0.8040944,0.00849989
nsw14,0.955431,0.8743173,0.4342676,1.301053,0.9045772,0.05979894
nsw21,0.7733365,0.9233787,0.0461089,0.5749714,0.9811258,0.006462056
nsw54,0.8513189,0.8340681,0.01934027,0.709081,0.8598596,0.01917811
nsw28,0.9301072,0.8163735,0.4365922,0.6543015,0.898883,0.009724749
nsw08,0.8175592,0.9383722,0.03542018,1.160513,0.9312957,0.0230645
nsw21,0.9269074,0.9267947,0.05682962,1.07107,0.9675597,0.007313068
nsw14,0.9698539,0.8992313,0.4086425,1.179559,0.9051196,0.05847184
nsw54,0.8141966,0.8152486,0.02783095,0.7406922,0.8249259,0.01920697
nsw28,0.8230635,0.7765002,0.3641352,0.8907692,0.7964172,0.007693365
nsw21,0.9203617,0.9164837,0.04862946,1.03806,0.943124,0.006282555
nsw14,0.9566129,0.8878349,0.3623894,1.298035,0.9001473,0.0583378
nsw54,0.8871629,0.8911972,0.03320103,0.8175863,0.8363888,0.01931193
nsw28,0.8698145,0.7992224,0.407905,0.8806271,0.8469213,0.009057627
nsw21,0.8512412,0.9231348,0.06097358,0.567014,0.9774553,0.0065878
nsw14,0.9589244,0.8819726,0.3770157,1.256967,0.9073031,0.06027054
nsw28,0.9303778,0.8147517,0.4489511,0.9303754,0.8323592,0.01006946
nsw54,0.8555795,0.8885772,0.01972181,0.7434809,0.8515613,0.01930511
nsw21,0.8930272,0.9245282,0.06138358,0.9559528,0.9625884,0.006215519
nsw28,0.8643943,0.8166227,0.4600168,0.8531164,0.8546451,0.007546446
nsw54,0.880306,0.8986237,0.02940968,0.9662822,0.8210941,0.01862953
nsw14,0.957978,0.8844536,0.3758273,1.368195,0.8999977,0.06138752
nsw21,0.8041694,0.902558,0.04798254,0.7911263,0.975858,0.006992662
nsw28,0.9024257,0.8227073,0.4523343,0.9225055,0.8659304,0.01013568
nsw54,0.8493156,0.7380478,0.007734876,0.8889382,0.8318269,0.01852976
nsw14,0.9459428,0.8800234,0.4306717,1.158259,0.90537,0.06439954
nsw21,0.7332106,0.9030824,0.05748059,0.6108395,0.9764151,0.006791648
nsw28,0.9117339,0.8100976,0.4527388,0.8310804,0.8952677,0.01063578
nsw14,0.9451265,0.8836391,0.41632,1.247909,0.8981225,0.06113381
nsw54,0.8965982,0.883782,0.04263353,0.8869571,0.8460128,0.01856719
nsw21,0.6237994,0.8799014,0.03617157,0.6054026,0.9548243,0.005971033
nsw28,0.7562958,0.7750441,0.3729674,0.7588056,0.8426839,0.008984642
nsw54,0.8890108,0.8985005,0.0314321,0.7879407,0.846428,0.01978642
nsw14,0.9442569,0.8739188,0.4046354,1.284994,0.9048281,0.06380425
nsw21,0.8529286,0.9127699,0.04929737,1.037654,0.9433774,0.006456267
nsw28,0.9407747,0.808919,0.4444649,0.8191121,0.8487282,0.009866086
nsw54,0.9037538,0.8632265,0.01952918,0.858536,0.8191297,0.01866141
nsw14,0.9082174,0.8639208,0.367102,1.160133,0.9144685,0.0611066
nsw28,0.8837942,0.8059821,0.4402071,0.9504452,0.8275194,0.008095368
nsw21,0.9205286,0.9347637,0.0545437,0.9310297,0.9523557,0.007026251
nsw14,0.9602547,0.9026953,0.4061589,1.22378,0.9105298,0.06381935
nsw28,0.8625822,0.7996452,0.4295348,0.8706281,0.8021068,0.008821307
nsw21,0.9079959,0.9382146,0.05767142,1.026093,0.9433539,0.006556007
nsw14,0.9582482,0.8726245,0.3756381,1.331249,0.9021235,0.05953858
nsw28,0.8795364,0.792696,0.4266889,0.8113698,0.831323,0.009416626
nsw21,0.913253,0.9000405,0.05583554,0.9425576,0.9289939,0.006136653
nsw54,0.9169291,0.8865335,0.02739518,0.9574028,0.8382218,0.01782896
nsw28,0.8522457,0.8109649,0.4452733,0.9525759,0.7988224,0.008670961
nsw14,0.9777027,0.9081441,0.3802956,1.331302,0.9003048,0.06502568
nsw21,0.752008,0.8883951,0.04304384,0.5922266,0.9882783,0.006560229
nsw54,0.9040752,0.8990964,0.02371336,0.8493295,0.8293573,0.01936804
nsw28,0.9243961,0.8136138,0.4598702,0.796871,0.8764004,0.009966003
nsw14,0.9705132,0.8825315,0.3906398,1.06382,0.9119358,0.05892894
nsw21,0.8582771,0.9278803,0.05434576,1.037837,0.9458239,0.006863793
nsw28,0.8922659,0.8184073,0.4736736,0.9372241,0.8159578,0.008953642
nsw14,0.9442534,0.8840177,0.4053127,1.32123,0.9015153,0.05711946
nsw21,0.7252427,0.8951335,0.04860262,0.563632,0.9384606,0.006139427
nsw28,0.888273,0.8000968,0.4242976,0.8414178,0.8522746,0.009213451
nsw14,0.9480882,0.8835304,0.3842159,1.293454,0.9039803,0.05991284
nsw21,0.6909823,0.9013104,0.05523894,0.5993439,0.9785816,0.006571302
nsw28,0.9393722,0.8109067,0.4306088,1.035123,0.8469801,0.008636414
nsw14,0.9556243,0.8921154,0.3770423,1.386988,0.9045885,0.058608
nsw21,0.6239214,0.8744838,0.04648744,0.6283684,0.955631,0.006337601
nsw28,0.8854777,0.8010296,0.4088288,0.7631071,0.8338784,0.01011617
nsw21,0.8737998,0.9093733,0.05357226,1.092495,0.9425857,0.006515698
nsw14,0.9660564,0.8894767,0.3783874,1.17288,0.9131209,0.06268241
nsw28,0.949495,0.8193001,0.4615175,0.8706215,0.8765888,0.009870959
nsw21,0.7200933,0.8860935,0.05285759,0.5441753,0.9694515,0.006492441
nsw14,0.9689873,0.8786237,0.408072,1.214955,0.904139,0.06186164
nsw28,0.8941718,0.8034886,0.4459909,0.7849051,0.8761345,0.01028303
nsw21,0.690127,0.8846649,0.04402298,0.6858053,0.9669976,0.006201006
nsw31,0.5111288,0.5395751,0.07285179,0.3444736,0.5254855,-7.150075e-05
nsw14,0.9604162,0.8797451,0.3502607,1.150363,0.9091946,0.05828503
nsw31,0.4649881,0.5639827,0.08137732,0.2756589,0.4882949,8.404939e-05
nsw14,0.9441522,0.8779956,0.3545783,1.327752,0.9130504,0.06400769
nsw31,0.691422,0.6169245,0.160712,0.3271906,0.7395265,0.002953974
nsw14,0.899019,0.8438757,0.3594791,1.260372,0.9069576,0.05922469
nsw31,0.7490152,0.5997305,0.1317927,0.3904956,0.5896001,0.001824034
nsw14,0.9483649,0.8827868,0.4026015,1.378611,0.8944035,0.06307272
nsw31,0.5702425,0.5603262,0.08393663,0.2046379,0.6086601,0.001959319
nsw31,0.5949847,0.6041277,0.1283992,0.2818919,0.7047376,0.002207602
nsw31,0.5293623,0.5639532,0.09670446,0.2194847,0.6465168,0.001495324
nsw31,0.7397063,0.618157,0.1634512,0.3025212,0.6742296,0.001337504
nsw31,0.4193779,0.537995,0.02215883,0.1913307,0.5523859,-0.0003033314
nsw31,0.406652,0.558265,0.1093264,0.2153166,0.6197995,0.001716249
nsw31,0.7664356,0.6052725,0.1483272,0.4925241,0.5660498,0.000110742
nsw31,0.7006189,0.5869817,0.1386222,0.3239346,0.6658358,0.001252599
nsw31,0.8120568,0.6105051,0.1532482,0.4254529,0.52687,0.001254374
nsw31,0.4037276,0.5229235,0.04574503,0.2136041,0.4628073,0.0006645275
nsw31,0.649734,0.6048101,0.1545169,0.3161574,0.5863963,0.001698968
nsw31,0.5664261,0.5450849,0.1081042,0.2191299,0.5342975,0.001120743
nsw31,0.6010353,0.5524317,0.05427239,0.3223111,0.4795271,0.00131064
